date_added,FHRSID,BusinessName,BusinessType,AddressLine1,AddressLine2,AddressLine3,AddressLine4,PostCode,LocalAuthorityName,RatingValue,RatingDate,SchemeType,NewRatingPending,Latitude,Longitude,AddressSingleLine
2025-11-05,1887518,Bakerlicious By Chloe,Retailers - other,,,,,,Fenland,AwaitingInspection,,FHRS,False,,,
2025-11-05,1887527,Feed Fenland Storage,Other catering premises,96I New Drove,Wisbech,Cambridgeshire,,PE13 2RZ,Fenland,AwaitingInspection,,FHRS,False,52.6511238,0.1605994,"96I New Drove, Wisbech, Cambridgeshire, PE13 2RZ"
2025-11-05,1887520,Michdan Catering Services,Other catering premises,,,,,,Fenland,AwaitingInspection,,FHRS,False,,,
2025-11-05,1887523,Monika's Table,Other catering premises,,,,,,Fenland,AwaitingInspection,,FHRS,False,,,
2025-11-05,1887522,Snacksycandy,Retailers - other,,,,,,Fenland,AwaitingInspection,,FHRS,False,,,
2025-11-05,1870450,St Johns Community Hub And St Johns Tots,Farmers/growers,4 Queens Street,March,Cambridgeshire,,PE15 8SN,Fenland,5,2025-10-21,FHRS,False,52.5582085,0.0918437,"4 Queens Street, March, Cambridgeshire, PE15 8SN"
2025-11-05,1887519,Taylorshaw @ Cromwell,School/college/university,Cromwell Community College,Wenny Road,Chatteris,Cambridgeshire,PE16 6UU,Fenland,AwaitingInspection,,FHRS,False,52.450091,0.0526,"Cromwell Community College, Wenny Road, Chatteris, Cambridgeshire, PE16 6UU"
2025-11-05,1887521,Wine And Dine,Other catering premises,,,,,,Fenland,AwaitingInspection,,FHRS,False,,,
2025-11-05,1887525,Zuneis Cuisine,Other catering premises,,,,,,Fenland,AwaitingInspection,,FHRS,False,,,
2025-11-05,1887849,6ake,Other catering premises,,,,,,South Derbyshire,5,2025-10-28,FHRS,False,,,
2025-11-05,1887688,Sweet Simplicity,Other catering premises,,,,,,Brentwood,AwaitingInspection,,FHRS,False,,,
2025-11-05,1887661,Kimchique,Other catering premises,,,,,,Chelmsford,AwaitingInspection,,FHRS,False,,,
2025-11-05,1887658,One Sweet Night,Other catering premises,88 Buckingham Road,Epping,Essex,,CM16 5AG,Epping Forest,AwaitingInspection,,FHRS,False,51.6993914,0.1023666,"88 Buckingham Road, Epping, Essex, CM16 5AG"
2025-11-05,1887686,Bentley Island Spices,Other catering premises,,,,,,Swale,AwaitingInspection,,FHRS,False,,,
2025-11-05,1887681,Lenham Storage Limited,Distributors/Transporters,Wentworth Court,Castle Road,Eurolink,Sittingbourne,ME10 3RN,Swale,AwaitingInspection,,FHRS,False,51.3450458,0.7495745,"Wentworth Court, Castle Road, Eurolink, Sittingbourne, ME10 3RN"
2025-11-05,1887682,Macks Newsagents,Retailers - other,5 The Parade,Northwood Drive,Sittingbourne,Kent,ME10 4QJ,Swale,AwaitingInspection,,FHRS,False,51.331803,0.733966,"5 The Parade, Northwood Drive, Sittingbourne, Kent, ME10 4QJ"
2025-11-05,1887677,Number 77 Ltd T/a No77,Retailers - other,2 - 3 Court Street,Faversham,Kent,,ME13 7AN,Swale,AwaitingInspection,,FHRS,False,51.316319,0.8911213,"2 - 3 Court Street, Faversham, Kent, ME13 7AN"
2025-11-05,1887674,Skeleton Crew Spirits,Retailers - other,East End House,Oak Lane,Minster-on-sea,Kent,ME12 3QR,Swale,AwaitingInspection,,FHRS,False,51.4226845,0.8311094,"East End House, Oak Lane, Minster-on-sea, Kent, ME12 3QR"
2025-11-05,1887683,The Elmley Dray School,School/college/university,Elliott Park School,18 - 20 Marina Drive,Minster-on-sea,Kent,ME12 2DP,Swale,AwaitingInspection,,FHRS,False,51.4240722,0.7960457,"Elliott Park School, 18 - 20 Marina Drive, Minster-on-sea, Kent, ME12 2DP"
2025-11-05,1887684,The Grill Hatch,Other catering premises,Unit A1,Bonham Drive,Eurolink,Sittingbourne,ME10 3RN,Swale,AwaitingInspection,,FHRS,False,,,"Unit A1, Bonham Drive, Eurolink, Sittingbourne, ME10 3RN"
2025-11-05,1209899,Amino Geeks,Retailers - other,,,,,,Preston,AwaitingInspection,,FHRS,False,,,
2025-11-05,1887508,Mystery Fish Brewery,Manufacturers/packers,,,,,,Preston,AwaitingInspection,,FHRS,False,,,
2025-11-05,1887507,Take a Mooch,Manufacturers/packers,,,,,,Preston,AwaitingInspection,,FHRS,False,,,
2025-11-05,1887725,Aspen Ridge Children's Home,Hospitals/Childcare/Caring Premises,Studd Brow Bungalow,Studd Brow,Whitworth,Rochdale,OL12 8LU,Rossendale,5,2024-12-12,FHRS,False,53.6690013,-2.1694478,"Studd Brow Bungalow, Studd Brow, Whitworth, Rochdale, OL12 8LU"
2025-11-05,1887734,Blossomcare NW Ltd,Hospitals/Childcare/Caring Premises,767A Market Street,Whitworth,Rochdale,Lancashire,OL12 8LS,Rossendale,AwaitingInspection,,FHRS,False,53.6693162,-2.1709112,"767A Market Street, Whitworth, Rochdale, Lancashire, OL12 8LS"
2025-11-05,1887731,INTERNATIONAL FOODS STORE 1,Retailers - other,39 Deardengate,Haslingden,Rossendale,Lancashire,BB4 5QN,Rossendale,AwaitingInspection,,FHRS,False,53.705701,-2.325748,"39 Deardengate, Haslingden, Rossendale, Lancashire, BB4 5QN"
2025-11-05,1887726,Our Lady And St Anselms RC Primary School,School/college/university,John Street,Whitworth,Rochdale,Lancashire,OL12 8DB,Rossendale,5,2025-04-02,FHRS,False,53.664808,-2.173502,"John Street, Whitworth, Rochdale, Lancashire, OL12 8DB"
2025-11-05,1887736,Pixie And Witch,Retailers - other,1 Carr Lane,Cowpe,Rossendale,Lancashire,BB4 7BY,Rossendale,AwaitingInspection,,FHRS,False,53.69052479,-2.25229513,"1 Carr Lane, Cowpe, Rossendale, Lancashire, BB4 7BY"
2025-11-05,1887730,TFP (Central) LTD,Manufacturers/packers,414 Holcombe Road,Helmshore,Rossendale,Lancashire,BB4 4LX,Rossendale,AwaitingInspection,,FHRS,False,53.68356,-2.333571,"414 Holcombe Road, Helmshore, Rossendale, Lancashire, BB4 4LX"
2025-11-05,1887852,Elm Green Honey,Other catering premises,,,,,,Boston,AwaitingInspection,,FHRS,False,,,
2025-11-05,1887853,Sal's Cakes and Bakes,Retailers - other,,,,,,Boston,AwaitingInspection,,FHRS,False,,,
2025-11-05,1887877,Panda,Retailers - other,Fantasy Island,Sea Lane,Ingoldmells,Skegness,PE25 1RH,East Lindsey,5,2025-09-03,FHRS,False,53.1924943,0.3466217,"Fantasy Island, Sea Lane, Ingoldmells, Skegness, PE25 1RH"
2025-11-05,1887607,Bawburgh School Breakfast & After School Club,School/college/university,The Bawburgh School,Hockering Lane,Bawburgh,Norfolk,NR9 3LR,South Norfolk,AwaitingInspection,,FHRS,False,,,"The Bawburgh School, Hockering Lane, Bawburgh, Norfolk, NR9 3LR"
2025-11-05,1887608,Little Bakes By Jenny,Retailers - other,,,,,,South Norfolk,AwaitingInspection,,FHRS,False,,,
2025-11-05,1887612,Poundstretcher,Retailers - other,Poundstretcher,25 Greens Lane,Kimberley,Nottinghamshire,NG16 2PB,Broxtowe,AwaitingInspection,,FHRS,False,52.9963047,-1.2564815,"Poundstretcher, 25 Greens Lane, Kimberley, Nottinghamshire, NG16 2PB"
2025-11-05,1887610,Tribe Spices,Other catering premises,,,,,,Broxtowe,AwaitingInspection,,FHRS,False,,,
2025-11-05,1887603,Latin & Sweet,Retailers - other,,,,,,South Oxfordshire,3,2008-11-06,FHRS,False,,,
2025-11-05,1887605,Baking with Barbs,Retailers - other,,,,,,Vale of White Horse,AwaitingInspection,,FHRS,False,,,
2025-11-05,1887604,hector@hectorsherbs.com,Other catering premises,,,,,,Vale of White Horse,AwaitingInspection,,FHRS,False,,,
2025-11-05,1887606,Phil & Ali's Big Grill,Other catering premises,,,,,,Vale of White Horse,5,2025-10-31,FHRS,False,,,
2025-11-05,1887706,MFG Londis Eastern Avenue,Retailers - other,Eastern Avenue,Lichfield,Staffordshire,,WS13 7SA,Lichfield,AwaitingInspection,,FHRS,False,52.6983184814453,-1.81890404224396,"Eastern Avenue, Lichfield, Staffordshire, WS13 7SA"
2025-11-05,1887707,Twofold Spirits Ltd,Retailers - other,25 Bore Street,Lichfield,Staffordshire,,WS13 6NA,Lichfield,AwaitingInspection,,FHRS,False,52.6829074,-1.8281086,"25 Bore Street, Lichfield, Staffordshire, WS13 6NA"
2025-11-05,1887591,Essington Grocery,Retailers - other,The Grocery Shop,67 Hill Street,Essington,WOLVERHAMPTON,WV11 2BS,South Staffordshire,AwaitingInspection,,FHRS,False,52.62797151,-2.06170283,"The Grocery Shop, 67 Hill Street, Essington, WOLVERHAMPTON, WV11 2BS"
2025-11-05,1887545,Achocco,Retailers - other,,,,,,Babergh,AwaitingInspection,,FHRS,False,,,
2025-11-05,1887540,Sugar Blossom Bakes,Other catering premises,,,,,,Babergh,AwaitingInspection,,FHRS,False,,,
2025-11-05,1887542,The Little Dip Company,Retailers - other,,,,,,Babergh,AwaitingInspection,,FHRS,False,,,
2025-11-05,1887543,The Orwell,Hospitals/Childcare/Caring Premises,,,,,,Babergh,AwaitingInspection,,FHRS,False,,,
2025-11-05,1887547,Stow Food Wine,Retailers - other,8A Ipswich Street,STOWMARKET,Suffolk,,IP14 1AQ,Mid Suffolk,AwaitingInspection,,FHRS,False,52.1871629,0.995855,"8A Ipswich Street, STOWMARKET, Suffolk, IP14 1AQ"
2025-11-05,1887840,AC Hub,School/college/university,Therfield School,Dilston Road,,Leatherhead,KT22 7NZ,Mole Valley,5,2025-10-02,FHRS,False,51.3060244,-0.3349417,"Therfield School, Dilston Road, Leatherhead, KT22 7NZ"
2025-11-05,1887834,Chateau Shaw,Other catering premises,,,,,,Mole Valley,AwaitingInspection,,FHRS,False,,,
2025-11-05,1887843,Homebite,Other catering premises,,,,,,Mole Valley,AwaitingInspection,,FHRS,False,,,
2025-11-05,1887831,Jenna's cakes and bakes,Other catering premises,,,,,,Mole Valley,AwaitingInspection,,FHRS,False,,,
2025-11-05,1887827,Lucie Jane Griffin,Other catering premises,,,,,,Mole Valley,AwaitingInspection,,FHRS,False,,,
2025-11-05,1887836,Pippbrook House,Other catering premises,Pippbrook House,Reigate Road,,,RH4 1SL,Mole Valley,AwaitingInspection,,FHRS,False,51.2364445,-0.3259089,"Pippbrook House, Reigate Road, RH4 1SL"
2025-11-05,1887837,Rawlings Of Cranleigh at Butchers Hall,Retailers - other,,Ockley Road,,Forest Green,RH5 5RZ,Mole Valley,AwaitingInspection,,FHRS,False,,,"Ockley Road, Forest Green, RH5 5RZ"
2025-11-05,1887835,SS Global PVT LTD,Retailers - other,Pippbrook Service Station,London Road,,Dorking,RH4 1JA,Mole Valley,AwaitingInspection,,FHRS,False,51.237544,-0.324586,"Pippbrook Service Station, London Road, Dorking, RH4 1JA"
2025-11-05,1887748,Sweet Lavender Flowers,Retailers - other,45,The Street,,Ashtead,KT21 1AA,Mole Valley,5,2025-09-25,FHRS,False,51.3099992,-0.2986689,"45, The Street, Ashtead, KT21 1AA"
2025-11-05,1887749,The Street Bee,Farmers/growers,,,,,,Mole Valley,5,2025-10-09,FHRS,False,,,
2025-11-05,1887824,Vini's Kitchen,Other catering premises,,,,,,Mole Valley,AwaitingInspection,,FHRS,False,,,
2025-11-05,1887710,Avon Catering,Other catering premises,,,,,,Stratford-on-Avon,AwaitingInspection,,FHRS,False,,,
2025-11-05,1887711,Sandra Webb T/a Sugar And Spice,Retailers - other,,,,,,Stratford-on-Avon,AwaitingInspection,,FHRS,False,,,
2025-11-05,1887847,VIM Camps at Warnham,School/college/university,VIM Camps @ Warnham,Warnham Church Of England Primary School,Freeman Road Warnham,Horsham,RH12 3RQ,Horsham,AwaitingInspection,,FHRS,False,,,"VIM Camps @ Warnham, Warnham Church Of England Primary School, Freeman Road Warnham, Horsham, RH12 3RQ"
2025-11-05,1887867,Allesley Hall Care Home,Hospitals/Childcare/Caring Premises,Allesley Hall Allesley Hall Drive,,,Coventry,CV5 9AD,Coventry,AwaitingInspection,,FHRS,False,,,"Allesley Hall Allesley Hall Drive, Coventry, CV5 9AD"
2025-11-05,727722,ASDA,Retailers - other,Daventry Road,,,Coventry,CV3 5HN,Coventry,5,2019-08-06,FHRS,False,52.394297,-1.50415635,"Daventry Road, Coventry, CV3 5HN"
2025-11-05,1887866,Fusion by sanah,Manufacturers/packers,Arena Shopping Park Classic Drive,,,Coventry,CV6 6AS,Coventry,AwaitingInspection,,FHRS,False,52.4443299,-1.4924945,"Arena Shopping Park Classic Drive, Coventry, CV6 6AS"
2025-11-05,1887865,Good Man,Retailers - other,,,,,,Coventry,AwaitingInspection,,FHRS,False,,,
2025-11-05,1887862,Iced By Elysha,Other catering premises,,,,,,Coventry,AwaitingInspection,,FHRS,False,,,
2025-11-05,1887868,LK Fresh Fish & Meat Shop,Retailers - other,225 Holbrook Lane,Holbrooks,,Coventry,CV6 4DE,Coventry,AwaitingInspection,,FHRS,False,52.4412407,-1.5090858,"225 Holbrook Lane, Holbrooks, Coventry, CV6 4DE"
2025-11-05,1887861,My Latte Cafe,Other catering premises,15-23 Paradise Street,,,Coventry,CV1 2JU,Coventry,AwaitingInspection,,FHRS,False,52.4031811,-1.501945,"15-23 Paradise Street, Coventry, CV1 2JU"
2025-11-05,1887856,Remisu Desserts,Other catering premises,,,,,,Coventry,AwaitingInspection,,FHRS,False,,,
2025-11-05,1887859,sapphire house,Hospitals/Childcare/Caring Premises,,,,,,Coventry,AwaitingInspection,,FHRS,False,,,
2025-11-05,1887869,VJ News,Retailers - other,53-55 Sandy Lane,,,Coventry,CV1 4EX,Coventry,AwaitingInspection,,FHRS,False,52.4170476,-1.5136401,"53-55 Sandy Lane, Coventry, CV1 4EX"
2025-11-05,1887863,Yasmin’s Kitchen,Other catering premises,,,,,,Coventry,AwaitingInspection,,FHRS,False,,,
2025-11-05,1887645,Al-Noor Ghee,Other catering premises,,,,,,Kirklees,AwaitingInspection,,FHRS,False,,,
2025-11-05,1887634,Clayton House and Clayton Lodge Care Homes,Hospitals/Childcare/Caring Premises,Aden House Care Home,Long Lane,Clayton West,Huddersfield,HD8 9PR,Kirklees,AwaitingInspection,,FHRS,False,53.5997533,-1.6102615,"Aden House Care Home, Long Lane, Clayton West, Huddersfield, HD8 9PR"
2025-11-05,1887635,Kids Planet Cleckheaton,Hospitals/Childcare/Caring Premises,Katies Kinder Care,15 Moorside,Cleckheaton,,BD19 6JH,Kirklees,AwaitingInspection,,FHRS,False,53.7193014,-1.7328708,"Katies Kinder Care, 15 Moorside, Cleckheaton, BD19 6JH"
2025-11-05,1887642,Lavicious,Retailers - other,Hinchcliffe Mill Village Store,126 Woodhead Road,Holmbridge,Holmfirth,HD9 2NL,Kirklees,AwaitingInspection,,FHRS,False,,,"Hinchcliffe Mill Village Store, 126 Woodhead Road, Holmbridge, Holmfirth, HD9 2NL"
2025-11-05,1887649,Londis,Retailers - other,130 Town Gate,Netherthong,Holmfirth,,HD9 3XZ,Kirklees,AwaitingInspection,,FHRS,False,53.583446,-1.791169,"130 Town Gate, Netherthong, Holmfirth, HD9 3XZ"
2025-11-05,1887643,Madina Halal Meats,Retailers - other,135 Church Street,Paddock,Huddersfield,,HD1 4UJ,Kirklees,AwaitingInspection,,FHRS,False,53.6430221,-1.8102519,"135 Church Street, Paddock, Huddersfield, HD1 4UJ"
2025-11-05,1887639,Mr D’s,Retailers - other,81 Westbourne Road,Marsh,Huddersfield,,HD1 4LG,Kirklees,5,2025-10-15,FHRS,False,53.651208,-1.806901,"81 Westbourne Road, Marsh, Huddersfield, HD1 4LG"
2025-11-05,1887640,SnackIT,Other catering premises,,,,,,Kirklees,AwaitingInspection,,FHRS,False,,,
2025-11-05,1887644,Sugar Bliss,Other catering premises,,,,,,Kirklees,AwaitingInspection,,FHRS,False,,,
2025-11-05,1887633,Wise Dining,Other catering premises,,,,,,Kirklees,AwaitingInspection,,FHRS,False,,,
2025-11-05,1887664,Community Comfort Kitchen,School/college/university,Ralph Thoresby School,Holtdale Approach,Adel,Leeds,LS16 7RX,Leeds,AwaitingInspection,,FHRS,False,53.856756,-1.607816,"Ralph Thoresby School, Holtdale Approach, Adel, Leeds, LS16 7RX"
2025-11-05,1887665,Mini Market,Retailers - other,35 High Street,Yeadon,Leeds,,LS19 7SP,Leeds,AwaitingInspection,,FHRS,False,53.866307,-1.6841434,"35 High Street, Yeadon, Leeds, LS19 7SP"
2025-11-05,1887670,Wells Pharmacy,Retailers - other,42 Austhorpe Road,Cross Gates,Leeds,,LS15 8DX,Leeds,AwaitingInspection,,FHRS,False,53.8072123,-1.4498087,"42 Austhorpe Road, Cross Gates, Leeds, LS15 8DX"
2025-11-05,1887878,A Abbas Meat Ltd,Retailers - other,,,,,,Oldham,AwaitingInspection,,FHRS,False,,,
2025-11-05,944662,Brighter Beginnings Fitton Hill,Hospitals/Childcare/Caring Premises,Fitton Hill Library And Community Centre Fitton Hill Neighbourhood Centre,Fircroft Road,Oldham,,OL8 2QD,Oldham,AwaitingInspection,,FHRS,False,53.520118,-2.100771,"Fitton Hill Library And Community Centre Fitton Hill Neighbourhood Centre, Fircroft Road, Oldham, OL8 2QD"
2025-11-05,1276319,Flavours By Naz,Other catering premises,,,,,,Oldham,AwaitingInspection,,FHRS,False,,,
2025-11-05,1887882,Lidl Great Britain Limited,Retailers - supermarkets/hypermarkets,,Albert Street,Hollinwood,Oldham,OL8 3QB,Oldham,AwaitingInspection,,FHRS,False,,,"Albert Street, Hollinwood, Oldham, OL8 3QB"
2025-11-05,1887881,SLICE,Other catering premises,6 St Thomas Parade,Thomas Street,Lees,Oldham,OL4 5BT,Oldham,AwaitingInspection,,FHRS,False,53.5373874,-2.0713426,"6 St Thomas Parade, Thomas Street, Lees, Oldham, OL4 5BT"
2025-11-05,189878,Edward Street Hospital,Hospitals/Childcare/Caring Premises,Edward Street Hospital                                                                               Edward Street,West Bromwich,,,B70 8NL,Sandwell,AwaitingInspection,,FHRS,False,,,"Edward Street Hospital                                                                               Edward Street, West Bromwich, B70 8NL"
2025-11-05,1712324,Fung Kee,Other catering premises,,,,,,Sandwell,AwaitingInspection,,FHRS,False,,,
2025-11-05,1887538,Nisa Local,Retailers - supermarkets/hypermarkets,83 Owen Street,,,Tipton,DY4 8EX,Sandwell,AwaitingInspection,,FHRS,False,52.5295196,-2.0682,"83 Owen Street, Tipton, DY4 8EX"
2025-11-05,1887534,Owen Street Convenience,Retailers - other,4 Owen Street,Tipton,,DY4 8EZ,,Sandwell,AwaitingInspection,,FHRS,False,52.5294567,-2.0673302,"4 Owen Street, Tipton, DY4 8EZ"
2025-11-05,1887660,Kichikiti Ltd,Other catering premises,,,,,,Sheffield,AwaitingInspection,,FHRS,False,,,
2025-11-05,1614014,Skavend Ltd,Retailers - other,Storage World,Reddish Road,South Reddish,Stockport,SK5 7BW,Stockport,5,2023-07-04,FHRS,False,53.4350227,-2.1592558,"Storage World, Reddish Road, South Reddish, Stockport, SK5 7BW"
2025-11-05,1887577,Taylorshaw @ Mellor Primary School (Academy),School/college/university,Mellor Primary School,Knowle Road,Mellor,Stockport,SK6 5PL,Stockport,AwaitingInspection,,FHRS,False,,,"Mellor Primary School, Knowle Road, Mellor, Stockport, SK6 5PL"
2025-11-05,1887576,Taylorshaw @ Moorfield Primary School,School/college/university,Moorfield Primary School,Lyndhurst Avenue,Hazel Grove,Stockport,SK7 5HP,Stockport,AwaitingInspection,,FHRS,False,53.373169,-2.133369,"Moorfield Primary School, Lyndhurst Avenue, Hazel Grove, Stockport, SK7 5HP"
2025-11-05,1887529,Leigh Mini Market,Retailers - other,114 Bradshawgate,Leigh,,,WN7 4NP,Wigan,AwaitingInspection,,FHRS,True,53.495908,-2.5139893,"114 Bradshawgate, Leigh, WN7 4NP"
2025-11-05,1887528,Wells Pharmacy,Retailers - other,56 Church Street,Orrell,Wigan,,WN5 8TQ,Wigan,AwaitingInspection,,FHRS,False,53.531889,-2.7105231,"56 Church Street, Orrell, Wigan, WN5 8TQ"
2025-11-05,1887530,YG Local,Retailers - other,83 Railway Road,Leigh,,,WN7 4AD,Wigan,AwaitingInspection,,FHRS,False,53.4972183,-2.5227332,"83 Railway Road, Leigh, WN7 4AD"
2025-11-05,1887657,Eden Pots,Retailers - other,,,,,,Bexley,AwaitingInspection,,FHRS,False,,,
2025-11-05,1887656,Slimming World,Retailers - other,1A The Oval,Sidcup,Kent,,DA15 9ER,Bexley,Exempt,,FHRS,False,51.4444069,0.101888,"1A The Oval, Sidcup, Kent, DA15 9ER"
2025-11-05,1887511,Anne Merceron - Childminder,Hospitals/Childcare/Caring Premises,,,,,,Bromley,AwaitingInspection,,FHRS,False,,,
2025-11-05,1887513,Munchkin Sports,Hospitals/Childcare/Caring Premises,St Christophers School 49 Bromley Road,,Beckenham,,BR3 5PA,Bromley,AwaitingInspection,,FHRS,False,,,"St Christophers School 49 Bromley Road, Beckenham, BR3 5PA"
2025-11-05,1887515,Silver-A-Cuisine,Distributors/Transporters,45 Southlands Road,,Bromley,,BR2 9QR,Bromley,AwaitingInspection,,FHRS,False,51.3941617,0.0331854,"45 Southlands Road, Bromley, BR2 9QR"
2025-11-05,1887510,Stride Health Group (Unit 0450),Distributors/Transporters,11 Cray Avenue,,Orpington,,BR5 4AA,Bromley,Exempt,,FHRS,False,51.3836051,0.1069475,"11 Cray Avenue, Orpington, BR5 4AA"
2025-11-05,1887512,Una Degannes - Childminder,Hospitals/Childcare/Caring Premises,,,,,,Bromley,AwaitingInspection,,FHRS,False,,,
2025-11-05,1887555,Hey Misu,Other catering premises,6 Serenity Close,London,,,N14 4FW,Enfield,AwaitingInspection,,FHRS,False,51.6456884,-0.1365195,"6 Serenity Close, London, N14 4FW"
2025-11-05,1887563,Intra Cell Supplements Ltd,Retailers - other,,,,,,Enfield,AwaitingInspection,,FHRS,False,,,
2025-11-05,1887558,Jasmin & Smoke | Turkish Street Kitchen,Other catering premises,1B Gerrards Close,Southgate,,,N14 4RH,Enfield,AwaitingInspection,,FHRS,False,51.6470327,-0.1320544,"1B Gerrards Close, Southgate, N14 4RH"
2025-11-05,1887552,KELZ,Other catering premises,,,,,,Enfield,AwaitingInspection,,FHRS,False,,,
2025-11-05,1887556,Priory Group,Hospitals/Childcare/Caring Premises,,,,,,Enfield,AwaitingInspection,,FHRS,True,,,
2025-11-05,1887565,thelevanterkitchen,Other catering premises,,,,,,Enfield,AwaitingInspection,,FHRS,False,,,
2025-11-05,1887554,Thriiv,Other catering premises,28 Devonshire Road,Southgate,,,N13 4QX,Enfield,AwaitingInspection,,FHRS,False,51.618909,-0.1087545,"28 Devonshire Road, Southgate, N13 4QX"
2025-11-05,1887551,Wild Bee,Other catering premises,14 Green Lanes,LONDON,,,N13 6JR,Enfield,AwaitingInspection,,FHRS,True,51.608541,-0.110075,"14 Green Lanes, LONDON, N13 6JR"
2025-11-05,1887723,Karina's Grill,Other catering premises,,,,,,Kingston-Upon-Thames,AwaitingInspection,,FHRS,False,,,
2025-11-05,1887719,Na Brews,Other catering premises,,,,,,Kingston-Upon-Thames,AwaitingInspection,,FHRS,False,,,
2025-11-05,1887722,Portland Bakes,Other catering premises,,,,,,Kingston-Upon-Thames,AwaitingInspection,,FHRS,False,,,
2025-11-05,1887586,Ajji's Ghee,Other catering premises,,,,,,Tower Hamlets,AwaitingInspection,,FHRS,False,,,
2025-11-05,1887621,Baked with Love by Lauren,Other catering premises,,,,,,Rhondda Cynon Taf,AwaitingInspection,,FHRS,False,,,
2025-11-05,1887624,Corner Shop,Retailers - other,,42 Hannah Street,Porth,,CF39 9RB,Rhondda Cynon Taf,AwaitingInspection,,FHRS,False,51.611022,-3.405854,"42 Hannah Street, Porth, CF39 9RB"
2025-11-05,1887625,Elle's Sweet Treats,Other catering premises,,,,,,Rhondda Cynon Taf,AwaitingInspection,,FHRS,False,,,
2025-11-05,1887623,Heavenly Baked,Other catering premises,,,,,,Rhondda Cynon Taf,AwaitingInspection,,FHRS,False,,,
2025-11-05,1782597,Corbridge Truffle Company,Manufacturers/packers,,,,,,Northumberland,AwaitingInspection,,FHRS,False,,,
2025-11-05,1887713,Secret Garden Pantry Co,Manufacturers/packers,,,,,,Northumberland,AwaitingInspection,,FHRS,False,,,
2025-11-05,1887714,The Icing Studio,Manufacturers/packers,,,,,,Northumberland,AwaitingInspection,,FHRS,False,,,
2025-11-05,1887715,The Sconery,Manufacturers/packers,,,,,,Northumberland,AwaitingInspection,,FHRS,False,,,
2025-11-05,1799531,MM YUMMYCAKES / MACARONS BY MERCEDES,Retailers - other,,42 Mugiemoss Road,Aberdeen,,AB21 9GZ,Aberdeen City,Pass,2025-10-29,FHIS,False,57.1806428,-2.1695254,"42 Mugiemoss Road, Aberdeen, AB21 9GZ"
2025-11-05,1887568,SUNNY'S,Retailers - other,,128 John Street,Aberdeen,Aberdeen City,AB25 1LE,Aberdeen City,Awaiting Inspection,1999-04-01,FHIS,False,57.1502298,-2.1056676,"128 John Street, Aberdeen, Aberdeen City, AB25 1LE"
2025-11-05,1887580,Christine Reid (Childminder),Hospitals/Childcare/Caring Premises,Christine Reid (Childminder),101 Hurlford Road,Kilmarnock,East Ayrshire,KA1 3NS,East Ayrshire,Exempt,2025-10-30,FHIS,False,,,"Christine Reid (Childminder), 101 Hurlford Road, Kilmarnock, East Ayrshire, KA1 3NS"
2025-11-05,1887601,Asda Walmart (Store & Staff Canteen),Other catering premises,Asda Store,89 Dunkeld Road,Perth,,PH1 5AP,Perth and Kinross,Pass,2023-10-25,FHIS,False,56.405628,-3.443956,"Asda Store, 89 Dunkeld Road, Perth, PH1 5AP"
2025-11-05,1887598,Little Hands,Hospitals/Childcare/Caring Premises,,52 Glasgow Road,Perth,,PH2 0PE,Perth and Kinross,Awaiting Inspection,2025-10-31,FHIS,False,56.3951501,-3.4487548,"52 Glasgow Road, Perth, PH2 0PE"
2025-11-05,1887602,Willows Cakes,Other catering premises,PH1,,,,,Perth and Kinross,Awaiting Inspection,2025-10-30,FHIS,False,,,PH1
2025-11-05,1648011,AIP C/O Henleaze Junior School,School/college/university,Henleaze Junior School,Park Grove,Henleaze,Bristol,BS9 4LG,Bristol,5,2025-09-25,FHRS,False,51.485588,-2.605525,"Henleaze Junior School, Park Grove, Henleaze, Bristol, BS9 4LG"
2025-11-05,1887762,Ali's General Store,Retailers - other,,29-31 Brook Road,Montpelier,Bristol,BS6 5LR,Bristol,3,2025-09-25,FHRS,False,51.466759,-2.582516,"29-31 Brook Road, Montpelier, Bristol, BS6 5LR"
2025-11-05,1887798,Aspens,School/college/university,Broomhill Junior School,Allison Road,Brislington,Bristol,BS4 4NZ,Bristol,AwaitingInspection,,FHRS,False,51.43987,-2.540335,"Broomhill Junior School, Allison Road, Brislington, Bristol, BS4 4NZ"
2025-11-05,1887796,Aspens,School/college/university,Brunel Field Primary School,College Road,Bishopston,Bristol,BS7 9FT,Bristol,AwaitingInspection,,FHRS,False,,,"Brunel Field Primary School, College Road, Bishopston, Bristol, BS7 9FT"
2025-11-05,1887797,Aspens,School/college/university,Cashmore Early Years Centre,Bright Street,Redfield,Bristol,BS5 9PR,Bristol,AwaitingInspection,,FHRS,False,,,"Cashmore Early Years Centre, Bright Street, Redfield, Bristol, BS5 9PR"
2025-11-05,1887793,Aspens,School/college/university,Hannah More Primary School,New Kingsley Road,St Philips,Bristol,BS2 0LT,Bristol,AwaitingInspection,,FHRS,False,51.453783,-2.579271,"Hannah More Primary School, New Kingsley Road, St Philips, Bristol, BS2 0LT"
2025-11-05,1887799,Aspens,School/college/university,Holymead Primary Junior Site,Wick Road,Brislington,Bristol,BS4 4HB,Bristol,AwaitingInspection,,FHRS,False,51.4380895,-2.5522983,"Holymead Primary Junior Site, Wick Road, Brislington, Bristol, BS4 4HB"
2025-11-05,1887784,Aspens,School/college/university,Horfield Church Of England Primary School,Bishop Manor Road,Horfield,Bristol,BS10 5BD,Bristol,AwaitingInspection,,FHRS,False,51.4937858581543,-2.59398102760315,"Horfield Church Of England Primary School, Bishop Manor Road, Horfield, Bristol, BS10 5BD"
2025-11-05,1887794,Aspens,School/college/university,Knowle Park Primary School,Queenshill Road,Knowle,Bristol,BS4 2XG,Bristol,AwaitingInspection,,FHRS,False,51.431507,-2.574486,"Knowle Park Primary School, Queenshill Road, Knowle, Bristol, BS4 2XG"
2025-11-05,1887791,Aspens,School/college/university,Our Lady Of The Rosary Catholic Primary School Bristol,Tide Grove,Lawrence Weston,Bristol,BS11 0PA,Bristol,AwaitingInspection,,FHRS,False,,,"Our Lady Of The Rosary Catholic Primary School Bristol, Tide Grove, Lawrence Weston, Bristol, BS11 0PA"
2025-11-05,1887790,Aspens,School/college/university,St Bernadettes Catholic Voluntary Aided Primary School,Gladstone Road,Hengrove,Bristol,BS14 9LP,Bristol,AwaitingInspection,,FHRS,False,,,"St Bernadettes Catholic Voluntary Aided Primary School, Gladstone Road, Hengrove, Bristol, BS14 9LP"
2025-11-05,1887800,Aspens,School/college/university,St John's Church of England Infant School,Lower Redland Road,Redland,Bristol,BS6 6SU,Bristol,AwaitingInspection,,FHRS,False,,,"St John's Church of England Infant School, Lower Redland Road, Redland, Bristol, BS6 6SU"
2025-11-05,1887789,Aspens,School/college/university,St Peters Church Of England Primary School,Ellfield Close,Bishopsworth,Bristol,BS13 8EF,Bristol,AwaitingInspection,,FHRS,False,51.416736,-2.621511,"St Peters Church Of England Primary School, Ellfield Close, Bishopsworth, Bristol, BS13 8EF"
2025-11-05,1887792,Aspens,School/college/university,Summerhill Infant School,Clouds Hill Road,St George,Bristol,BS5 7LE,Bristol,AwaitingInspection,,FHRS,False,51.461181,-2.540184,"Summerhill Infant School, Clouds Hill Road, St George, Bristol, BS5 7LE"
2025-11-05,1887777,Avonmouth Church of England Primary School,School/college/university,,Catherine Street,Avonmouth,Bristol,BS11 9LG,Bristol,AwaitingInspection,,FHRS,False,51.4941893,-2.6914651,"Catherine Street, Avonmouth, Bristol, BS11 9LG"
2025-11-05,1887763,B&A Meals,Other catering premises,St. Agnes Church,223 Newfoundland Road,St Pauls,Bristol,BS2 9NX,Bristol,AwaitingInspection,,FHRS,False,,,"St. Agnes Church, 223 Newfoundland Road, St Pauls, Bristol, BS2 9NX"
2025-11-05,1887806,BaxterStorey - Deloitte,Other catering premises,Halo,Counterslip,Redcliff,Bristol,BS1 6AJ,Bristol,AwaitingInspection,,FHRS,False,51.4532068,-2.5879861,"Halo, Counterslip, Redcliff, Bristol, BS1 6AJ"
2025-11-05,1887786,Bristol Biriyani House,Distributors/Transporters,,64 Colston Street,City Centre,Bristol,BS1 5AZ,Bristol,Exempt,,FHRS,False,51.4564329,-2.5973997,"64 Colston Street, City Centre, Bristol, BS1 5AZ"
2025-11-05,1887774,Chester Park Junior School,School/college/university,Chester Park Junior School,Abingdon Road,Speedwell,Bristol,BS16 3NX,Bristol,AwaitingInspection,,FHRS,False,51.4735832214355,-2.53121590614319,"Chester Park Junior School, Abingdon Road, Speedwell, Bristol, BS16 3NX"
2025-11-05,1887805,Drip & Drop Land,Retailers - other,Big Yellow Self Storage,Barrow Road,Lawrence Hill,Bristol,BS5 0AE,Bristol,AwaitingInspection,,FHRS,False,51.455164,-2.568955,"Big Yellow Self Storage, Barrow Road, Lawrence Hill, Bristol, BS5 0AE"
2025-11-05,1887823,Evergreen Academy Primary School,School/college/university,,Waverley Street,Easton,Bristol,BS5 0YR,Bristol,AwaitingInspection,,FHRS,False,51.4664915,-2.5701323,"Waverley Street, Easton, Bristol, BS5 0YR"
2025-11-05,1887772,Fee's Atlantic Sea Food Enterprise Ltd.,Manufacturers/packers,,198 Lawrence Hill,Lawrence Hill,Bristol,BS5 0DR,Bristol,Exempt,,FHRS,False,51.457851,-2.565462,"198 Lawrence Hill, Lawrence Hill, Bristol, BS5 0DR"
2025-11-05,1887821,Frome Vale Academy,School/college/university,,Frenchay Road,Fishponds,Bristol,BS16 2QS,Bristol,AwaitingInspection,,FHRS,False,,,"Frenchay Road, Fishponds, Bristol, BS16 2QS"
2025-11-05,1887764,Greggs PLC,Retailers - other,,Unit 15 Imperial Park,Wills Way,Hartcliffe,BS13 7TJ,Bristol,AwaitingInspection,,FHRS,False,,,"Unit 15 Imperial Park, Wills Way, Hartcliffe, BS13 7TJ"
2025-11-05,1887773,Holy Cross Catholic Primary School,School/college/university,,Dean Lane,Southville,Bristol,BS3 1DB,Bristol,AwaitingInspection,,FHRS,False,51.443216,-2.599209,"Dean Lane, Southville, Bristol, BS3 1DB"
2025-11-05,1887775,Holymead Infant School,School/college/university,,Hollywood Road,Brislington,Bristol,BS4 4LE,Bristol,AwaitingInspection,,FHRS,False,51.435806,-2.548041,"Hollywood Road, Brislington, Bristol, BS4 4LE"
2025-11-05,1887803,Impact - Ashton Vale Primary School,School/college/university,Ashton Vale Primary School,Avebury Road,Ashton,Bristol,BS3 2QG,Bristol,5,2025-09-18,FHRS,False,51.433335,-2.626656,"Ashton Vale Primary School, Avebury Road, Ashton, Bristol, BS3 2QG"
2025-11-05,1887770,Migrateful,Other catering premises,Windmill Hill City Farm,Philip Street,Bedminster,Bristol,BS3 4EA,Bristol,AwaitingInspection,,FHRS,False,51.443155,-2.593453,"Windmill Hill City Farm, Philip Street, Bedminster, Bristol, BS3 4EA"
2025-11-05,1887769,MNSP Trust,School/college/university,St Matthias Academy,Alexandra Park,Fishponds,Bristol,BS16 2BG,Bristol,5,2025-06-26,FHRS,False,,,"St Matthias Academy, Alexandra Park, Fishponds, Bristol, BS16 2BG"
2025-11-05,1750012,Red Tiger,Retailers - other,The Exchange,Corn Street,City Centre,Bristol,BS1 1JQ,Bristol,AwaitingInspection,,FHRS,False,51.454412,-2.593541,"The Exchange, Corn Street, City Centre, Bristol, BS1 1JQ"
2025-11-05,1887781,School of Christ The King Catholic Primary,School/college/university,,Hartcliffe Road,Knowle,Bristol,BS4 1HD,Bristol,AwaitingInspection,,FHRS,False,51.42439945,-2.5839114,"Hartcliffe Road, Knowle, Bristol, BS4 1HD"
2025-11-05,1887779,Sea Mills Primary School,School/college/university,,Riverleaze,Sea Mills,Bristol,BS9 2HL,Bristol,AwaitingInspection,,FHRS,False,,,"Riverleaze, Sea Mills, Bristol, BS9 2HL"
2025-11-05,1887760,Square Food Foundation,Other catering premises,,15-19 Filwood Broadway,Knowle,Bristol,BS4 1JL,Bristol,AwaitingInspection,,FHRS,False,51.4251958,-2.5853019,"15-19 Filwood Broadway, Knowle, Bristol, BS4 1JL"
2025-11-05,1887778,St Johns Church of England Junior School,School/college/university,,Worrall Road,Clifton,Bristol,BS8 2UH,Bristol,AwaitingInspection,,FHRS,False,,,"Worrall Road, Clifton, Bristol, BS8 2UH"
2025-11-05,1406648,Trinity Academy,School/college/university,Trinity Academy,Romney Avenue,Lockleaze,Bristol,BS7 9BY,Bristol,5,2025-05-22,FHRS,False,51.4875450134277,-2.56472206115723,"Trinity Academy, Romney Avenue, Lockleaze, Bristol, BS7 9BY"
2025-11-05,1887761,Truik News,Retailers - other,,5 Cotham Road South,Cotham,Bristol,BS6 5TZ,Bristol,4,2025-09-27,FHRS,False,51.462518,-2.597979,"5 Cotham Road South, Cotham, Bristol, BS6 5TZ"
2025-11-05,1887776,Two Mile Hill Primary School,School/college/university,,1 Kennard Road,St George,Bristol,BS15 8AA,Bristol,AwaitingInspection,,FHRS,False,51.4625474,-2.5179486,"1 Kennard Road, St George, Bristol, BS15 8AA"
2025-11-05,1887768,Unwin's Brewery,Manufacturers/packers,,25 Oxford Street,St Philips,Bristol,BS2 0QT,Bristol,Exempt,,FHRS,False,51.4513186,-2.5772718,"25 Oxford Street, St Philips, Bristol, BS2 0QT"
2025-11-05,1887822,Wicklea Academy,School/college/university,,Wick Road,Brislington,Bristol,BS4 4HR,Bristol,AwaitingInspection,,FHRS,False,51.444497,-2.548721,"Wick Road, Brislington, Bristol, BS4 4HR"
2025-11-05,1887780,Willow Park Church of England Primary School,School/college/university,Willow Park Church Of England Primary School,Park Lane,City Centre,Bristol,BS2 8BE,Bristol,AwaitingInspection,,FHRS,False,,,"Willow Park Church Of England Primary School, Park Lane, City Centre, Bristol, BS2 8BE"
2025-11-05,1887872,Beza Foods,Other catering premises,Kitchen Food Workssw,8 Whirlwind Road,Weston-Super-Mare,,BS24 8EF,North Somerset,AwaitingInspection,,FHRS,False,51.3438005,-2.9346024,"Kitchen Food Workssw, 8 Whirlwind Road, Weston-Super-Mare, BS24 8EF"
2025-11-05,1887870,Cathy Bakes,Retailers - other,,,,,,North Somerset,AwaitingInspection,,FHRS,False,,,
2025-11-05,1887874,Charm Candle Studio & Friends,Retailers - other,,23 Waterloo Street,Weston-Super-Mare,,BS23 1LF,North Somerset,AwaitingInspection,,FHRS,False,51.3502942,-2.9777472,"23 Waterloo Street, Weston-Super-Mare, BS23 1LF"
2025-11-05,1789598,Go and Grab Convenience Shop,Retailers - other,,8-10 Baker Street,Weston-Super-Mare,,BS23 3AB,North Somerset,AwaitingInspection,,FHRS,False,51.3489383,-2.9731384,"8-10 Baker Street, Weston-Super-Mare, BS23 3AB"
2025-11-05,1887871,Mumsy’s Meals,Other catering premises,,,,,,North Somerset,AwaitingInspection,,FHRS,False,,,
2025-11-05,1887702,Liv’s Cupcakes,Other catering premises,,,,,,Rutland,AwaitingInspection,,FHRS,False,,,
2025-11-05,1887703,Relivita,Retailers - other,,,,,,Rutland,AwaitingInspection,,FHRS,False,,,
2025-11-05,1885274,Greggs Plc,Retailers - other,59 Great Western Outlet Village,1 - 144 Kemble Drive,Rodbourne,Swindon,SN2 2DZ,Swindon,AwaitingInspection,,FHRS,False,51.562597,-1.798116,"59 Great Western Outlet Village, 1 - 144 Kemble Drive, Rodbourne, Swindon, SN2 2DZ"
2025-11-05,1885273,Pete's Micro Bakery,Manufacturers/packers,Three Trees Farm Shop,The Ridgeway,Chiseldon,Swindon,SN4 0HT,Swindon,5,2025-10-28,FHRS,False,51.51147,-1.726034,"Three Trees Farm Shop, The Ridgeway, Chiseldon, Swindon, SN4 0HT"
2025-11-05,1887698,Akeem Ahmed,Manufacturers/packers,,280-282 Gladstone Street,Millfield,Peterborough,PE1 2BS,Peterborough City,AwaitingInspection,,FHRS,False,52.5828602,-0.2504685,"280-282 Gladstone Street, Millfield, Peterborough, PE1 2BS"
2025-11-05,1887693,Desi Rasoi,Other catering premises,,,,,,Peterborough City,AwaitingInspection,,FHRS,False,,,
2025-11-05,1887697,Just Thai,Other catering premises,,,,,,Peterborough City,AwaitingInspection,,FHRS,False,,,
2025-11-05,1887695,Moonset,Retailers - other,,,,,,Peterborough City,AwaitingInspection,,FHRS,False,,,
2025-11-05,1887699,Ounje,Other catering premises,,,,,,Peterborough City,AwaitingInspection,,FHRS,False,,,
2025-11-05,1887700,Pauline’s Pantry,Other catering premises,,,,,,Peterborough City,AwaitingInspection,,FHRS,False,,,
2025-11-05,1887694,Random Access Meadery,Manufacturers/packers,,,,,,Peterborough City,AwaitingInspection,,FHRS,False,,,
2025-11-05,1887691,Royal Cake,Other catering premises,,,,,,Peterborough City,AwaitingInspection,,FHRS,False,,,
