date_added,FHRSID,BusinessName,BusinessType,AddressLine1,AddressLine2,AddressLine3,AddressLine4,PostCode,LocalAuthorityName,RatingValue,RatingDate,SchemeType,NewRatingPending,Latitude,Longitude,AddressSingleLine
2025-11-05,1887676,The Dover Castle Inn,Pub/bar/nightclub,Dover Castle,20 London Road,Teynham,Kent,ME9 9QS,Swale,AwaitingInspection,,FHRS,False,51.326786,0.803851,"Dover Castle, 20 London Road, Teynham, Kent, ME9 9QS"
2025-11-05,1887737,JLk Masons Arms,Pub/bar/nightclub,Masons Arms,254 Burnley Road East,Waterfoot,Rossendale,BB4 9HU,Rossendale,AwaitingInspection,,FHRS,False,53.7005920410156,-2.24983811378479,"Masons Arms, 254 Burnley Road East, Waterfoot, Rossendale, BB4 9HU"
2025-11-05,1887611,JE Micropubs,Pub/bar/nightclub,8 Alexandra Street,Stapleford,Nottinghamshire,,NG9 7ED,Broxtowe,AwaitingInspection,,FHRS,False,52.92724609375,-1.27718698978424,"8 Alexandra Street, Stapleford, Nottinghamshire, NG9 7ED"
2025-11-05,264267,The Broad Face,Pub/bar/nightclub,30-32 Bridge Street,,Abingdon,Oxon,OX14 3HR,Vale of White Horse,AwaitingInspection,,FHRS,False,51.669398,-1.280208,"30-32 Bridge Street, Abingdon, Oxon, OX14 3HR"
2025-11-05,1887704,The Dog Inn,Pub/bar/nightclub,2 Main Street,Whittington,Lichfield,Staffordshire,WS14 9JU,Lichfield,AwaitingInspection,,FHRS,False,52.6719279,-1.7635255,"2 Main Street, Whittington, Lichfield, Staffordshire, WS14 9JU"
2025-11-05,1887705,The Peaky Chicken @ The Feathers,Pub/bar/nightclub,118 Beacon Street,Lichfield,Staffordshire,,WS13 7BA,Lichfield,AwaitingInspection,,FHRS,False,52.6880626,-1.8374235,"118 Beacon Street, Lichfield, Staffordshire, WS13 7BA"
2025-11-05,1887592,Sakana Bar And Restaurant,Pub/bar/nightclub,16 Stafford Road,Newtown,WALSALL,,WS6 6AZ,South Staffordshire,AwaitingInspection,,FHRS,False,52.6367696,-2.0106787,"16 Stafford Road, Newtown, WALSALL, WS6 6AZ"
2025-11-05,1887546,The Crown Indian Restaurant and Takeaway,Pub/bar/nightclub,Crown Inn,Mill Road,Buxhall,STOWMARKET,IP14 3DW,Mid Suffolk,AwaitingInspection,,FHRS,False,52.1819822,0.9195405,"Crown Inn, Mill Road, Buxhall, STOWMARKET, IP14 3DW"
2025-11-05,1887825,The Punch Bowl Inn Ltd,Pub/bar/nightclub,The Punchbowl Inn (Ph),Okewood Hill,,,RH5 5PU,Mole Valley,0,2025-09-03,FHRS,False,,,"The Punchbowl Inn (Ph), Okewood Hill, RH5 5PU"
2025-11-05,1887628,1931 Birstall,Pub/bar/nightclub,1931,1 Nelson Street,Birstall,Batley,WF17 9ER,Kirklees,AwaitingInspection,,FHRS,False,53.7318331,-1.6594526,"1931, 1 Nelson Street, Birstall, Batley, WF17 9ER"
2025-11-05,1887648,Leggers Inn,Pub/bar/nightclub,Savile Town Wharf,Mill Street East,Savile Town,Dewsbury,WF12 9BD,Kirklees,AwaitingInspection,,FHRS,False,53.683634,-1.623854,"Savile Town Wharf, Mill Street East, Savile Town, Dewsbury, WF12 9BD"
2025-11-05,1887636,LITHAI LIMITED,Pub/bar/nightclub,Halfway House,1 Whitehall Road East,Birkenshaw,Bradford,BD11 2EQ,Kirklees,AwaitingInspection,,FHRS,False,53.746835,-1.6928173,"Halfway House, 1 Whitehall Road East, Birkenshaw, Bradford, BD11 2EQ"
2025-11-05,1887647,Star Inn,Pub/bar/nightclub,64 Barnsley Road,Upper Cumberworth,Huddersfield,,HD8 8NS,Kirklees,AwaitingInspection,,FHRS,True,53.5746332,-1.6868911,"64 Barnsley Road, Upper Cumberworth, Huddersfield, HD8 8NS"
2025-11-05,98950,Prince of Wales Hotel,Pub/bar/nightclub,202 Woodhouse Lane,Wigan,,,WN6 7NF,Wigan,AwaitingInspection,,FHRS,True,53.553085,-2.653837,"202 Woodhouse Lane, Wigan, WN6 7NF"
2025-11-05,1887655,Baldwyns Freeholders Association & Club,Pub/bar/nightclub,Freeholders Association,Baldwyns Park,Bexley,Kent,DA5 2BA,Bexley,AwaitingInspection,,FHRS,False,,,"Freeholders Association, Baldwyns Park, Bexley, Kent, DA5 2BA"
2025-11-05,1887620,Bottle & Board,Pub/bar/nightclub,Uned A,Heol-Yr-Orsaf,Pontyclun,,CF72 9TY,Rhondda Cynon Taf,AwaitingInspection,,FHRS,False,51.5221852,-3.3929487,"Uned A, Heol-Yr-Orsaf, Pontyclun, CF72 9TY"
2025-11-05,1887851,The Auld Gambling Hoose,Pub/bar/nightclub,52 Mill Street,Alloa,Clackmannanshire,,FK10 1DY,Clackmannanshire,Pass,2025-10-07,FHIS,False,56.1146759,-3.7904342,"52 Mill Street, Alloa, Clackmannanshire, FK10 1DY"
2025-11-05,1887756,Last Chance Saloon,Pub/bar/nightclub,,121 Stokes Croft,St Pauls,Bristol,BS1 3RW,Bristol,AwaitingInspection,,FHRS,False,51.463772,-2.590078,"121 Stokes Croft, St Pauls, Bristol, BS1 3RW"
2025-11-06,1887913,Maldon Gymnastics,Pub/bar/nightclub,Unit 7,Wycke Hill Business Park,Maldon,Essex,CM9 6UZ,Maldon,AwaitingInspection,,FHRS,False,51.7197385,0.6629182,"Unit 7, Wycke Hill Business Park, Maldon, Essex, CM9 6UZ"
2025-11-06,1173458,The Crown,Pub/bar/nightclub,39 The Green,Stotfold,Hitchin,,SG5 4AL,Central Bedfordshire,AwaitingInspection,,FHRS,True,52.0223003,-0.2257678,"39 The Green, Stotfold, Hitchin, SG5 4AL"
2025-11-06,1858983,The Pier View,Pub/bar/nightclub,The Pier View 37 - 39 Marine Parade,,Worthing,West Sussex,BN11 3PH,Worthing,AwaitingInspection,,FHRS,True,50.8095757,-0.370955,"The Pier View 37 - 39 Marine Parade, Worthing, West Sussex, BN11 3PH"
2025-11-06,1888025,The Spit N' Feathers,Pub/bar/nightclub,36 High Street,Harlow,Essex,,CM17 0DW,Harlow,AwaitingInspection,,FHRS,False,51.7834045,0.1341085,"36 High Street, Harlow, Essex, CM17 0DW"
2025-11-06,1888321,The Fox,Pub/bar/nightclub,The Fox Inn,Green Lane,Hanwell,,W7 2PJ,Ealing,AwaitingInspection,,FHRS,False,51.504151,-0.343443,"The Fox Inn, Green Lane, Hanwell, W7 2PJ"
2025-11-06,42081,Beast Burger Withernsea Limited,Pub/bar/nightclub,Pitt Lane,Ryehill,Hull,,HU12 9NN,East Riding of Yorkshire,AwaitingInspection,,FHRS,False,53.715095,-0.151289,"Pitt Lane, Ryehill, Hull, HU12 9NN"
2025-11-06,1888031,Holly Tree Tap,Pub/bar/nightclub,14D Pinewood,Livesey,Blackburn,Blackburn With Darwen,BB2 5AD,Blackburn,AwaitingInspection,,FHRS,False,53.7270425,-2.5196509,"14D Pinewood, Livesey, Blackburn, Blackburn With Darwen, BB2 5AD"
2025-11-06,1888280,Prince of Wales,Pub/bar/nightclub,The Prince Of Wales,118 Alcester Road,Birmingham,,B13 8EE,Birmingham,AwaitingInspection,,FHRS,False,52.448947,-1.887645,"The Prince Of Wales, 118 Alcester Road, Birmingham, B13 8EE"
2025-11-06,1888266,Quarry Club,Pub/bar/nightclub,Quarry Sports And Social Club,82 Quarry Lane,Birmingham,,B31 2PY,Birmingham,AwaitingInspection,,FHRS,False,52.408919,-1.9722,"Quarry Sports And Social Club, 82 Quarry Lane, Birmingham, B31 2PY"
2025-11-06,1736035,The Kingstanding Inn,Pub/bar/nightclub,72 Warren Farm Road,Birmingham,,,B44 0QN,Birmingham,5,2024-12-06,FHRS,False,52.543217,-1.879074,"72 Warren Farm Road, Birmingham, B44 0QN"
2025-11-06,1715951,Amble Inn,Pub/bar/nightclub,182 Station Road,Harpenden,Hertfordshire,,AL5 4UL,St Albans City,5,2025-03-28,FHRS,False,51.82238,-0.340212,"182 Station Road, Harpenden, Hertfordshire, AL5 4UL"
2025-11-06,1715863,Batchwood Hall Golf Club,Pub/bar/nightclub,Batchwood Golf Club,Batchwood Hall,Batchwood Drive,St Albans,AL3 5XA,St Albans City,5,2025-09-18,FHRS,False,51.7665193,-0.3536313,"Batchwood Golf Club, Batchwood Hall, Batchwood Drive, St Albans, AL3 5XA"
2025-11-06,1715819,Bennet's Club,Pub/bar/nightclub,Bennet's Harpenden Royal British Legion,21 Leyton Road,Harpenden,Hertfordshire,AL5 2HU,St Albans City,5,2024-04-26,FHRS,False,51.8137453,-0.3561896,"Bennet's Harpenden Royal British Legion, 21 Leyton Road, Harpenden, Hertfordshire, AL5 2HU"
2025-11-06,1715888,Chequers Inn,Pub/bar/nightclub,St Albans Road,Redbourn,Hertfordshire,,AL3 7AD,St Albans City,5,2024-07-02,FHRS,False,51.793384,-0.391522,"St Albans Road, Redbourn, Hertfordshire, AL3 7AD"
2025-11-06,1715736,Common Clubhouse,Pub/bar/nightclub,Harpenden Common Golf Club Cravells Road,East Common,Harpenden,Hertfordshire,AL5 1BL,St Albans City,5,2025-04-25,FHRS,False,,,"Harpenden Common Golf Club Cravells Road, East Common, Harpenden, Hertfordshire, AL5 1BL"
2025-11-06,1716100,Elliswick Lawn Tennis Club,Pub/bar/nightclub,Browning Road,Harpenden,Hertfordshire,,AL5 4TP,St Albans City,5,2024-03-22,FHRS,False,51.81930451,-0.34663678,"Browning Road, Harpenden, Hertfordshire, AL5 4TP"
2025-11-06,1715913,Eric Morecambe Centre,Pub/bar/nightclub,Rothamsted Park,Leyton Road,Harpenden,Hertfordshire,AL5 2FR,St Albans City,5,2023-01-25,FHRS,False,51.8130189,-0.3582615,"Rothamsted Park, Leyton Road, Harpenden, Hertfordshire, AL5 2FR"
2025-11-06,1716129,Havana Dance Club,Pub/bar/nightclub,50 Victoria Street,St Albans,Hertfordshire,,AL1 3HZ,St Albans City,AwaitingInspection,,FHRS,False,51.7512523,-0.3358746,"50 Victoria Street, St Albans, Hertfordshire, AL1 3HZ"
2025-11-06,1716136,London Colney Football Club,Pub/bar/nightclub,Cotlandswick Playing Fields,North Orbital Road,London Colney,,AL2 1DW,St Albans City,5,2025-08-02,FHRS,False,51.728467,-0.307324,"Cotlandswick Playing Fields, North Orbital Road, London Colney, AL2 1DW"
2025-11-06,1715504,Nomoomoo,Pub/bar/nightclub,Mad Squirrel Tap 17 Heritage Close,High Street,St Albans,Hertfordshire,AL3 4EB,St Albans City,5,2024-04-24,FHRS,False,51.7512274,-0.340964,"Mad Squirrel Tap 17 Heritage Close, High Street, St Albans, Hertfordshire, AL3 4EB"
2025-11-06,1716047,Phoenix Barber Co,Pub/bar/nightclub,69A The Quadrant,St Albans,Hertfordshire,,AL4 9RD,St Albans City,5,2023-10-17,FHRS,False,51.7636602,-0.3055945,"69A The Quadrant, St Albans, Hertfordshire, AL4 9RD"
2025-11-06,1715856,Punchin Palooka,Pub/bar/nightclub,Punchin' Palooka,26 Verulam Road,St Albans,Hertfordshire,AL3 4DE,St Albans City,5,2025-04-19,FHRS,False,51.7525839,-0.3410123,"Punchin' Palooka, 26 Verulam Road, St Albans, Hertfordshire, AL3 4DE"
2025-11-06,1715855,Suckerpunch Bar,Pub/bar/nightclub,Sucker Punch,26A George Street,St Albans,Hertfordshire,AL3 4ES,St Albans City,5,2022-09-02,FHRS,False,51.7515408,-0.3416445,"Sucker Punch, 26A George Street, St Albans, Hertfordshire, AL3 4ES"
2025-11-06,1715907,The Alban Arena,Pub/bar/nightclub,Civic Centre,St Peters Street,St Albans,,AL1 3LD,St Albans City,5,2023-02-03,FHRS,False,51.752945,-0.336384,"Civic Centre, St Peters Street, St Albans, AL1 3LD"
2025-11-06,1716104,The Farrier's Arms,Pub/bar/nightclub,The Farriers Arms,32-34 Lower Dagnall Street,St Albans,Hertfordshire,AL3 4PT,St Albans City,5,2024-02-29,FHRS,False,51.752903,-0.3432318,"The Farriers Arms, 32-34 Lower Dagnall Street, St Albans, Hertfordshire, AL3 4PT"
2025-11-06,1716079,The Rose and Crown,Pub/bar/nightclub,The Rose And Crown Ph,24 High Street,Sandridge,Hertfordshire,AL4 9DA,St Albans City,5,2025-03-01,FHRS,False,51.780134,-0.306,"The Rose And Crown Ph, 24 High Street, Sandridge, Hertfordshire, AL4 9DA"
2025-11-06,1715914,The Saint and Sinner,Pub/bar/nightclub,The Grange,16 St Peters Street,St Albans,Hertfordshire,AL1 3NA,St Albans City,5,2025-06-12,FHRS,False,51.7532053,-0.337266,"The Grange, 16 St Peters Street, St Albans, Hertfordshire, AL1 3NA"
2025-11-06,1715827,The Speckled Hen,Pub/bar/nightclub,(formerly The Bunch Of Cherries PH),Hatfield Road,St Albans,Hertfordshire,AL4 0XG,St Albans City,5,2024-05-20,FHRS,False,51.752372,-0.297057,"(formerly The Bunch Of Cherries PH), Hatfield Road, St Albans, Hertfordshire, AL4 0XG"
2025-11-06,1715932,The St Albans Bowling Club,Pub/bar/nightclub,St Albans Bowling Club,Clarence Park,Clarence Road,St Albans,AL1 4NF,St Albans City,5,2025-02-15,FHRS,False,51.7538231,-0.323339,"St Albans Bowling Club, Clarence Park, Clarence Road, St Albans, AL1 4NF"
2025-11-06,1715975,The Verulam,Pub/bar/nightclub,The Verulam Arms,41 Lower Dagnall Street,St Albans,Hertfordshire,AL3 4QE,St Albans City,4,2025-08-21,FHRS,False,51.7528368,-0.3442773,"The Verulam Arms, 41 Lower Dagnall Street, St Albans, Hertfordshire, AL3 4QE"
2025-11-06,1715852,The White Horse also t/a Daddy's Dim Sum,Pub/bar/nightclub,The White Horse The White Horse Ph,182 High Street,London Colney,Hertfordshire,AL2 1JY,St Albans City,5,2024-10-12,FHRS,False,51.7243855,-0.2958283,"The White Horse The White Horse Ph, 182 High Street, London Colney, Hertfordshire, AL2 1JY"
2025-11-06,1715858,Ye Olde Fighting Cocks,Pub/bar/nightclub,Ye Olde Fighting Cocks Ph,16 Abbey Mill Lane,St Albans,Hertfordshire,AL3 4HE,St Albans City,3,2025-03-05,FHRS,False,51.7489797,-0.3468667,"Ye Olde Fighting Cocks Ph, 16 Abbey Mill Lane, St Albans, Hertfordshire, AL3 4HE"
2025-11-06,1887940,The Swan Hotel and restaraunt,Pub/bar/nightclub,106 Watling Street,Wellington,Telford,Shopshire,TF1 2NH,Telford and Wrekin Council,AwaitingInspection,,FHRS,False,52.6963971,-2.5035652,"106 Watling Street, Wellington, Telford, Shopshire, TF1 2NH"
2025-11-06,1888148,Golden Lion,Pub/bar/nightclub,The Golden Lion 69 Allhallowgate,,,Ripon,HG4 1LE,North Yorkshire,AwaitingInspection,,FHRS,False,54.13806718,-1.52148132,"The Golden Lion 69 Allhallowgate, Ripon, HG4 1LE"
2025-11-06,1888144,Three Jolly Sailors,Pub/bar/nightclub,Three Jolly Sailors 2 High Street,,,Scarborough,YO13 0HJ,North Yorkshire,AwaitingInspection,,FHRS,False,54.3217791,-0.4439982,"Three Jolly Sailors 2 High Street, Scarborough, YO13 0HJ"
2025-11-06,1887993,The Bulls Head,Pub/bar/nightclub,88 Main Street,Nailstone,Nuneaton,Leicestershire,CV13 0QB,Hinckley and Bosworth,AwaitingInspection,,FHRS,False,52.659626,-1.385943,"88 Main Street, Nailstone, Nuneaton, Leicestershire, CV13 0QB"
2025-11-06,1888001,The White Horse,Pub/bar/nightclub,,White Horse,Easthampstead Road,Wokingham,RG40 3AF,Wokingham,AwaitingInspection,,FHRS,False,51.4012112,-0.8157662,"White Horse, Easthampstead Road, Wokingham, RG40 3AF"
2025-11-06,1887975,The Master Mariner,Pub/bar/nightclub,The Master Mariner 3 - 5 Union Terrace Marine Promenade,,New Brighton,Wirral,CH45 2JT,Wirral,5,2025-10-21,FHRS,False,,,"The Master Mariner 3 - 5 Union Terrace Marine Promenade, New Brighton, Wirral, CH45 2JT"
2025-11-07,701971,Builth Wells Cricket Club,Pub/bar/nightclub,Garth Road,Builth Wells,Powys,,LD2 3NH,Powys,AwaitingInspection,,FHRS,False,52.149805,-3.413209,"Garth Road, Builth Wells, Powys, LD2 3NH"
2025-11-07,560142,Knighton Bowling Club,Pub/bar/nightclub,Bowling Green,Church Road,Knighton,Powys,LD7 1DR,Powys,AwaitingInspection,,FHRS,False,52.343861,-3.046746,"Bowling Green, Church Road, Knighton, Powys, LD7 1DR"
2025-11-07,560162,Presteigne Bowling Club,Pub/bar/nightclub,24 Hereford Street,Presteigne,Powys,,LD8 2AS,Powys,AwaitingInspection,,FHRS,False,52.271767,-3.003131,"24 Hereford Street, Presteigne, Powys, LD8 2AS"
2025-11-07,174120,The Unicorn,Pub/bar/nightclub,4-5 Longbridge Street,Llanidloes,Powys,,SY18 6EE,Powys,AwaitingInspection,,FHRS,False,52.449459,-3.540181,"4-5 Longbridge Street, Llanidloes, Powys, SY18 6EE"
2025-11-07,1557299,Little B,Pub/bar/nightclub,Little B,195 Marsland Road,Sale,,M33 3ND,Trafford,1,2024-07-08,FHRS,False,53.4173416,-2.3204691,"Little B, 195 Marsland Road, Sale, M33 3ND"
2025-11-07,1888536,Old Hall Timperley,Pub/bar/nightclub,Old Hall Hotel,Stockport Road,Timperley,Altrincham,WA15 7LP,Trafford,AwaitingInspection,,FHRS,False,53.390413,-2.336716,"Old Hall Hotel, Stockport Road, Timperley, Altrincham, WA15 7LP"
2025-11-07,1888563,LA Taphouse,Pub/bar/nightclub,,4 Anson Street,,Rugeley,WS15 2BB,Cannock Chase,AwaitingInspection,,FHRS,False,,,"4 Anson Street, Rugeley, WS15 2BB"
2025-11-07,1888433,The Pier,Pub/bar/nightclub,140 Ocean Road,South Shields,Tyne & Wear,,NE33 2JF,South Tyneside,5,2025-07-07,FHRS,False,54.999707,-1.427036,"140 Ocean Road, South Shields, Tyne & Wear, NE33 2JF"
2025-11-07,1888450,Prince of Wales,Pub/bar/nightclub,,777 High Road Leyton,,Leyton,E10 5AB,Waltham Forest,AwaitingInspection,,FHRS,True,51.573056,-0.008812,"777 High Road Leyton, Leyton, E10 5AB"
2025-11-07,1888541,The Fountain Inn,Pub/bar/nightclub,Odnall Lane,Clent,Worcestershire,,DY9 9PU,Bromsgrove,AwaitingInspection,,FHRS,False,52.4151866190271,-2.11408321464123,"Odnall Lane, Clent, Worcestershire, DY9 9PU"
2025-11-07,1888605,The Hyndland Rock,Pub/bar/nightclub,,205 Hyndland Road,Glasgow,,G12 9HE,Glasgow City,Awaiting Inspection,2025-11-05,FHIS,False,55.875135,-4.303461,"205 Hyndland Road, Glasgow, G12 9HE"
2025-11-07,1888630,The Suffolk Punch,Pub/bar/nightclub,429 Norwich Road,Ipswich,Suffolk,,IP1 5DN,Ipswich,AwaitingInspection,,FHRS,False,52.071554,1.132692,"429 Norwich Road, Ipswich, Suffolk, IP1 5DN"
2025-11-07,1888552,Flybridge Bar & Restaurant,Pub/bar/nightclub,Avonside,Upton Road,Defford,Worcestershire,WR8 9BU,Wychavon,AwaitingInspection,,FHRS,False,52.082111,-2.126137,"Avonside, Upton Road, Defford, Worcestershire, WR8 9BU"
2025-11-07,1888556,The Plough And Harrow,Pub/bar/nightclub,Worcester Road,Drakes Broughton,Worcestershire,,WR10 2AG,Wychavon,AwaitingInspection,,FHRS,False,52.1356163024902,-2.11471700668335,"Worcester Road, Drakes Broughton, Worcestershire, WR10 2AG"
2025-11-07,1888513,Swan Inn,Pub/bar/nightclub,Castle Street,Worksop,Nottinghamshire,,S80 1LQ,Bassetlaw,5,2025-10-13,FHRS,False,53.302616,-1.125354,"Castle Street, Worksop, Nottinghamshire, S80 1LQ"
2025-11-07,1888514,The Crown Inn,Pub/bar/nightclub,South Street,Normanton On Trent,Nottinghamshire,,NG23 6RQ,Bassetlaw,AwaitingInspection,,FHRS,False,53.210194,-0.816484,"South Street, Normanton On Trent, Nottinghamshire, NG23 6RQ"
2025-11-07,686718,Arley Sports & Social Club,Pub/bar/nightclub,School Bank,Upper Arley,Bewdley,Worcestershire,DY12 1XA,Wyre Forest,Exempt,,FHRS,False,52.419649,-2.347572,"School Bank, Upper Arley, Bewdley, Worcestershire, DY12 1XA"
2025-11-07,1786996,The Golden Lion,Pub/bar/nightclub,George Street,Kidderminster,Worcestershire,,DY10 1PX,Wyre Forest,AwaitingInspection,,FHRS,False,52.388146,-2.243661,"George Street, Kidderminster, Worcestershire, DY10 1PX"
2025-11-07,1888675,Retro,Pub/bar/nightclub,13 Ropergate,Pontefract,,,WF8 1LL,Wakefield,AwaitingInspection,,FHRS,False,,,"13 Ropergate, Pontefract, WF8 1LL"
2025-11-07,1888682,Travellers Rest,Pub/bar/nightclub,Public House,Pontefract Road,Featherstone,Pontefract,WF7 5AP,Wakefield,AwaitingInspection,,FHRS,False,53.673976,-1.351589,"Public House, Pontefract Road, Featherstone, Pontefract, WF7 5AP"
2025-11-07,1888500,The Owl At Rodley,Pub/bar/nightclub,1 Rodley Lane,Rodley,Leeds,,LS13 1LB,Leeds,AwaitingInspection,,FHRS,False,53.823168,-1.664336,"1 Rodley Lane, Rodley, Leeds, LS13 1LB"
2025-11-07,701971,Builth Wells Cricket Club,Pub/bar/nightclub,Garth Road,Builth Wells,Powys,,LD2 3NH,Powys,AwaitingInspection,,FHRS,False,52.149805,-3.413209,"Garth Road, Builth Wells, Powys, LD2 3NH"
2025-11-07,560142,Knighton Bowling Club,Pub/bar/nightclub,Bowling Green,Church Road,Knighton,Powys,LD7 1DR,Powys,AwaitingInspection,,FHRS,False,52.343861,-3.046746,"Bowling Green, Church Road, Knighton, Powys, LD7 1DR"
2025-11-07,560162,Presteigne Bowling Club,Pub/bar/nightclub,24 Hereford Street,Presteigne,Powys,,LD8 2AS,Powys,AwaitingInspection,,FHRS,False,52.271767,-3.003131,"24 Hereford Street, Presteigne, Powys, LD8 2AS"
2025-11-07,174120,The Unicorn,Pub/bar/nightclub,4-5 Longbridge Street,Llanidloes,Powys,,SY18 6EE,Powys,AwaitingInspection,,FHRS,False,52.449459,-3.540181,"4-5 Longbridge Street, Llanidloes, Powys, SY18 6EE"
2025-11-07,1888573,The Swan,Pub/bar/nightclub,437 Loose Road,Maidstone,Kent,,ME15 9UJ,Maidstone,AwaitingInspection,,FHRS,False,51.251094,0.527014,"437 Loose Road, Maidstone, Kent, ME15 9UJ"
2025-11-08,1888833,The Bell Balsham,Pub/bar/nightclub,2 West Wickham Road,,Balsham,Cambridgeshire,CB21 4DZ,South Cambridgeshire,AwaitingInspection,,FHRS,False,52.1312091,0.3204513,"2 West Wickham Road, Balsham, Cambridgeshire, CB21 4DZ"
2025-11-08,1888827,The Chestnut Tree,Pub/bar/nightclub,1 Mill Road,,West Wratting,Cambridgeshire,CB21 5LT,South Cambridgeshire,5,2025-10-30,FHRS,False,52.1412218,0.3488725,"1 Mill Road, West Wratting, Cambridgeshire, CB21 5LT"
2025-11-08,1888925,Sunset Tavern,Pub/bar/nightclub,Woodhall Country Park,Stixwould Road,Woodhall Spa,,LN10 6UJ,East Lindsey,5,2025-10-31,FHRS,False,53.1636101,-0.2175229,"Woodhall Country Park, Stixwould Road, Woodhall Spa, LN10 6UJ"
2025-11-08,1888759,The Oaks Pub,Pub/bar/nightclub,The Oaks,Old Uxbridge Road,West Hyde,Rickmansworth,WD3 9XP,Three Rivers,AwaitingInspection,,FHRS,False,51.6123438,-0.5105469,"The Oaks, Old Uxbridge Road, West Hyde, Rickmansworth, WD3 9XP"
2025-11-08,1888974,The Fighting Cocks,Pub/bar/nightclub,Fighting Cocks,The Street,Horton Kirby,Kent,DA4 9BY,Sevenoaks,AwaitingInspection,,FHRS,False,51.3914572,0.2401406,"Fighting Cocks, The Street, Horton Kirby, Kent, DA4 9BY"
2025-11-08,1888899,Fire And Ice,Pub/bar/nightclub,11 - 15 Cambrian Road,Newport,South Wales,,NP20 4AD,Newport,AwaitingInspection,,FHRS,False,51.5886399,-2.9980201,"11 - 15 Cambrian Road, Newport, South Wales, NP20 4AD"
2025-11-08,1888898,Legacy,Pub/bar/nightclub,49 High Street,Newport,South Wales,,NP20 1GA,Newport,AwaitingInspection,,FHRS,False,51.5891121,-2.9974675,"49 High Street, Newport, South Wales, NP20 1GA"
2025-11-08,1888872,Circuit Southampton,Pub/bar/nightclub,127 Above Bar Street,Southampton,,,SO14 7FN,Southampton,AwaitingInspection,,FHRS,False,50.907331,-1.404805,"127 Above Bar Street, Southampton, SO14 7FN"
2025-11-08,1888869,The Kingsland Tavern,Pub/bar/nightclub,76 St Mary Street,Southampton,,,,Southampton,AwaitingInspection,,FHRS,False,50.9054489,-1.3969647,"76 St Mary Street, Southampton"
2025-11-08,1494129,McGonagalls,Pub/bar/nightclub,49-50 George Iv Bridge,Edinburgh,,,EH1 1EJ,Edinburgh (City of),Pass,2022-02-28,FHIS,False,55.9479969,-3.1915372,"49-50 George Iv Bridge, Edinburgh, EH1 1EJ"
2025-11-08,296179,Horse & Jockey,Pub/bar/nightclub,Horse & Jockey,High Street,,Waddington,LN5 9RF,North Kesteven,AwaitingInspection,,FHRS,False,53.165599822998,-0.541765987873077,"Horse & Jockey, High Street, Waddington, LN5 9RF"
2025-11-08,1726890,The Edgcumbe Arms,Pub/bar/nightclub,Edgcumbe Arms Hotel,Cremyll,Torpoint,Cornwall,PL10 1HX,Cornwall,AwaitingInspection,,FHRS,True,50.360594,-4.17606,"Edgcumbe Arms Hotel, Cremyll, Torpoint, Cornwall, PL10 1HX"
2025-11-08,1777671,The Market Inn,Pub/bar/nightclub,Market Inn,St Cleer,Liskeard,Cornwall,PL14 5DG,Cornwall,5,2025-11-05,FHRS,False,50.486377,-4.470729,"Market Inn, St Cleer, Liskeard, Cornwall, PL14 5DG"
2025-11-08,1876333,The Star Inn,Pub/bar/nightclub,Star Inn,1 Church Street,St Erth,Hayle,TR27 6HP,Cornwall,AwaitingInspection,,FHRS,True,50.164887,-5.431352,"Star Inn, 1 Church Street, St Erth, Hayle, TR27 6HP"
2025-11-08,1888986,Maverick Ladies Lounge,Pub/bar/nightclub,Royal Victoria & Bull Hotel,16 - 18 High Street,Rochester,Medway,ME1 1PX,Medway,AwaitingInspection,,FHRS,False,51.3909301,0.502488,"Royal Victoria & Bull Hotel, 16 - 18 High Street, Rochester, Medway, ME1 1PX"
2025-11-08,1826799,Chequers Tree PH,Pub/bar/nightclub,The Chequers Public House,High Street,Prestwood,Buckinghamshire,HP16 9HD,Buckinghamshire,4,2025-04-16,FHRS,False,51.699969,-0.74177,"The Chequers Public House, High Street, Prestwood, Buckinghamshire, HP16 9HD"
2025-11-08,1889102,The Crown,Pub/bar/nightclub,277 Amersham Road,Hazlemere,Buckinghamshire,,HP15 7QA,Buckinghamshire,AwaitingInspection,,FHRS,False,51.6494178771973,-0.718379974365234,"277 Amersham Road, Hazlemere, Buckinghamshire, HP15 7QA"
2025-11-08,1852700,Box,Pub/bar/nightclub,21-23 SHAFTESBURY AVENUE,,LONDON,United Kingdom,W1D 7ED,Westminster,AwaitingInspection,,FHRS,False,51.5106084,-0.134384,"21-23 SHAFTESBURY AVENUE, LONDON, United Kingdom, W1D 7ED"
2025-11-08,1886377,Globe Public House,Pub/bar/nightclub,THE GLOBE 43-47 MARYLEBONE ROAD,,LONDON,,NW1 5JY,Westminster,5,2025-01-11,FHRS,False,51.521919,-0.157,"THE GLOBE 43-47 MARYLEBONE ROAD, LONDON, NW1 5JY"
2025-11-08,1886365,The Albert,Pub/bar/nightclub,THE ALBERT 52 VICTORIA STREET,,LONDON,,SW1H 0NP,Westminster,5,2025-01-10,FHRS,False,51.4977942,-0.1355415,"THE ALBERT 52 VICTORIA STREET, LONDON, SW1H 0NP"
2025-11-08,1888899,Fire And Ice,Pub/bar/nightclub,11 - 15 Cambrian Road,Newport,South Wales,,NP20 4AD,Casnewydd,AwaitingInspection,,FHRS,False,51.5886399,-2.9980201,"11 - 15 Cambrian Road, Newport, South Wales, NP20 4AD"
2025-11-08,1888898,Legacy,Pub/bar/nightclub,49 High Street,Newport,South Wales,,NP20 1GA,Casnewydd,AwaitingInspection,,FHRS,False,51.5891121,-2.9974675,"49 High Street, Newport, South Wales, NP20 1GA"
2025-11-08,1888964,One Eighty One,Pub/bar/nightclub,One Eighty One,181 Holloway Road,London,N7 8LX,N7 8LX,Islington,AwaitingInspection,,FHRS,False,,,"One Eighty One, 181 Holloway Road, London, N7 8LX, N7 8LX"
2025-11-08,1888751,The Starman,Pub/bar/nightclub,37 Eddington Avenue,,Cambridge,Cambridgeshire,CB3 1SE,Cambridge City,AwaitingInspection,,FHRS,False,52.2190367,0.0877405,"37 Eddington Avenue, Cambridge, Cambridgeshire, CB3 1SE"
2025-11-08,1888887,The Lamb Inn,Pub/bar/nightclub,16 Loads Road,Holymoorside,Chesterfield,,S42 7EU,North East Derbyshire,AwaitingInspection,,FHRS,False,53.2200317,-1.4953251,"16 Loads Road, Holymoorside, Chesterfield, S42 7EU"
2025-11-08,1889051,The Bay Horse Inn,Pub/bar/nightclub,Bay Horse Hotel,Blacko Bar Road,Roughlee,Lancashire,BB9 6NP,Pendle,AwaitingInspection,,FHRS,False,53.8589820861816,-2.23940992355347,"Bay Horse Hotel, Blacko Bar Road, Roughlee, Lancashire, BB9 6NP"
2025-11-08,1888775,The Ring of Bells,Pub/bar/nightclub,The Ring Of Bells 2 Fore Street Bishopsteignton,,,,TQ14 9QP,Teignbridge,AwaitingInspection,,FHRS,False,50.5531149,-3.5389524,"The Ring Of Bells 2 Fore Street Bishopsteignton, TQ14 9QP"
2025-11-08,1888707,The Eight Bells,Pub/bar/nightclub,Eight Bells Inn,The Street,Bolney,Haywards Heath,RH17 5QW,Mid Sussex,AwaitingInspection,,FHRS,False,50.9894317,-0.204529,"Eight Bells Inn, The Street, Bolney, Haywards Heath, RH17 5QW"
2025-11-11,1575380,CTZN Brew,Pub/bar/nightclub,29-31 York Street,Twickenham,,,TW1 3JZ,Richmond-Upon-Thames,4,2021-12-17,FHRS,False,51.4476712,-0.3270903,"29-31 York Street, Twickenham, TW1 3JZ"
2025-11-11,1889304,Dusty Miller Inn,Pub/bar/nightclub,2 Gilead Road,Longwood,Huddersfield,,HD3 4XH,Kirklees,5,2025-10-20,FHRS,False,53.65181,-1.843935,"2 Gilead Road, Longwood, Huddersfield, HD3 4XH"
2025-11-11,1889301,Railway Inn Marsden,Pub/bar/nightclub,Railway Inn,Station Road,Marsden,Huddersfield,HD7 6DH,Kirklees,AwaitingInspection,,FHRS,False,53.6027671,-1.9304049,"Railway Inn, Station Road, Marsden, Huddersfield, HD7 6DH"
2025-11-11,1889246,Aroy of Thialand,Pub/bar/nightclub,The Cuckoo,Barlaston Road,Blurton,Stoke-On-Trent,ST3 3LD,Stoke-On-Trent,AwaitingInspection,,FHRS,False,52.9653653,-2.1503644,"The Cuckoo, Barlaston Road, Blurton, Stoke-On-Trent, ST3 3LD"
2025-11-11,1889248,BBoyz/Bru,Pub/bar/nightclub,,23 Campbell Place,Stoke,Stoke-On-Trent,ST4 1NH,Stoke-On-Trent,AwaitingInspection,,FHRS,False,53.0033945,-2.1861084,"23 Campbell Place, Stoke, Stoke-On-Trent, ST4 1NH"
2025-11-11,1889245,The Cuckoo,Pub/bar/nightclub,,Barlaston Road,Blurton,Stoke-On-Trent,ST3 3LD,Stoke-On-Trent,AwaitingInspection,,FHRS,False,52.96942,-2.151448,"Barlaston Road, Blurton, Stoke-On-Trent, ST3 3LD"
2025-11-11,1889233,The Vine,Pub/bar/nightclub,,13 Naylor Street,Pittshill,Stoke-On-Trent,ST6 6LS,Stoke-On-Trent,AwaitingInspection,,FHRS,False,53.067672,-2.199713,"13 Naylor Street, Pittshill, Stoke-On-Trent, ST6 6LS"
2025-11-11,1889247,The Woodman,Pub/bar/nightclub,,3 Goodson Street,Hanley,Stoke-On-Trent,ST1 2AT,Stoke-On-Trent,5,2025-10-31,FHRS,False,53.0255459,-2.1727556,"3 Goodson Street, Hanley, Stoke-On-Trent, ST1 2AT"
2025-11-11,1578688,Brewers Inn,Pub/bar/nightclub,147 East Hill,London,,,SW18 2QB,Wandsworth,5,2024-12-11,FHRS,False,51.456715,-0.1893664,"147 East Hill, London, SW18 2QB"
2025-11-11,1571392,Bunga Bunga,Pub/bar/nightclub,37 Battersea Bridge Road,London,,,SW11 3BA,Wandsworth,5,2021-07-07,FHRS,False,51.4788976,-0.1701843,"37 Battersea Bridge Road, London, SW11 3BA"
2025-11-11,1571536,The Bank,Pub/bar/nightclub,31 Northcote Road,London,,,SW11 1NJ,Wandsworth,5,2024-03-06,FHRS,False,51.45975853,-0.16647364,"31 Northcote Road, London, SW11 1NJ"
2025-11-11,1572369,Trafalgar Arms,Pub/bar/nightclub,148-156 Tooting High Street,London,,,SW17 0RT,Wandsworth,5,2024-07-25,FHRS,False,51.4251728,-0.1712161,"148-156 Tooting High Street, London, SW17 0RT"
2025-11-11,1889114,Sadie's,Pub/bar/nightclub,1A Station Road,Whittlesey,Peterborough,Cambridgeshire,PE7 1SA,Fenland,AwaitingInspection,,FHRS,False,52.5555610656738,-0.126314997673035,"1A Station Road, Whittlesey, Peterborough, Cambridgeshire, PE7 1SA"
2025-11-11,1889399,The Royal Oak,Pub/bar/nightclub,Royal Oak,Goodworth Clatford,Andover,Hampshire,SP11 7QY,Test Valley,AwaitingInspection,,FHRS,False,,,"Royal Oak, Goodworth Clatford, Andover, Hampshire, SP11 7QY"
2025-11-11,214390,Scunthorpe United Football Club Ltd,Pub/bar/nightclub,Glanford Park Football Stadium,Jack Brownsword Way,Scunthorpe,North Lincolnshire,DN15 8TD,North Lincolnshire,5,2024-11-02,FHRS,False,53.5872459411621,-0.694894015789032,"Glanford Park Football Stadium, Jack Brownsword Way, Scunthorpe, North Lincolnshire, DN15 8TD"
2025-11-11,1889330,Take A Gander,Pub/bar/nightclub,Take A Gander,1 High Street,Burringham,Scunthorpe,DN17 3NA,North Lincolnshire,AwaitingInspection,,FHRS,False,53.5758514404297,-0.736325979232788,"Take A Gander, 1 High Street, Burringham, Scunthorpe, DN17 3NA"
2025-11-11,1889184,The Horseshoe Inn,Pub/bar/nightclub,Horse Shoe Inn,1 Buxton Road,High Lane,Stockport,SK6 8AA,Stockport,AwaitingInspection,,FHRS,False,53.3657212,-2.0776382,"Horse Shoe Inn, 1 Buxton Road, High Lane, Stockport, SK6 8AA"
2025-11-11,1889222,BLACK FRIAR,Pub/bar/nightclub,,138 High Street,Newcastle Under Lyme,Staffordshire,ST5 1PT,Newcastle-Under-Lyme,AwaitingInspection,,FHRS,False,53.009618,-2.225868,"138 High Street, Newcastle Under Lyme, Staffordshire, ST5 1PT"
2025-11-12,1889523,Epping Roof Garden,Pub/bar/nightclub,Cottis Lane,Epping,Essex,,CM16 4BL,Epping Forest,5,2023-05-11,FHRS,False,51.699294,0.111093,"Cottis Lane, Epping, Essex, CM16 4BL"
2025-11-12,1889699,The Corner House,Pub/bar/nightclub,238 Hollow Way,Oxford,Oxfordshire,,OX3 7JF,Oxford City,AwaitingInspection,,FHRS,False,51.7441233,-1.2012399,"238 Hollow Way, Oxford, Oxfordshire, OX3 7JF"
2025-11-12,1889700,The Oxford Blue,Pub/bar/nightclub,Oxford Blue Public House,32 Marston Street,Oxford,Oxfordshire,OX4 1JU,Oxford City,AwaitingInspection,,FHRS,False,51.747402,-1.239599,"Oxford Blue Public House, 32 Marston Street, Oxford, Oxfordshire, OX4 1JU"
2025-11-12,1889733,The Cricketers,Pub/bar/nightclub,The Cricketers (Ph),81 South Street,,Dorking,RH4 2JU,Mole Valley,5,2025-08-21,FHRS,False,51.228315,-0.334489,"The Cricketers (Ph), 81 South Street, Dorking, RH4 2JU"
2025-11-12,1889736,The Old Crown,Pub/bar/nightclub,The Old Crown,1 High Street,,Bookham,KT23 4AA,Mole Valley,AwaitingInspection,,FHRS,False,51.278743,-0.373343,"The Old Crown, 1 High Street, Bookham, KT23 4AA"
2025-11-12,1889634,Baccanalia,Pub/bar/nightclub,7 MAY STREET,,BISHOP AUCKLAND,,DL14 7DB,Durham,AwaitingInspection,,FHRS,False,54.6602893,-1.6791422,"7 MAY STREET, BISHOP AUCKLAND, DL14 7DB"
2025-11-12,1889601,Derwent Arms,Pub/bar/nightclub,THE DERWENT ARMS,,EDMUNDBYERS,,DH8 9NL,Durham,AwaitingInspection,,FHRS,False,,,"THE DERWENT ARMS, EDMUNDBYERS, DH8 9NL"
2025-11-12,1889599,DH8 Events & Bars Ltd,Pub/bar/nightclub,BLACKHILL COMRADES CLUB RIDLEY STREET,,CONSETT,,DH8 8TT,Durham,AwaitingInspection,,FHRS,True,54.8570985,-1.848306,"BLACKHILL COMRADES CLUB RIDLEY STREET, CONSETT, DH8 8TT"
2025-11-12,1889606,locomotive,Pub/bar/nightclub,207 BYERLEY ROAD,,SHILDON,,DL4 1HL,Durham,AwaitingInspection,,FHRS,False,54.6263325,-1.6481687,"207 BYERLEY ROAD, SHILDON, DL4 1HL"
2025-11-12,1889609,The Royal George,Pub/bar/nightclub,The Royal George The Village Old Shotton Peterlee,,County Durham,United Kingdom,SR8 2ND,Durham,AwaitingInspection,,FHRS,False,,,"The Royal George The Village Old Shotton Peterlee, County Durham, United Kingdom, SR8 2ND"
2025-11-12,1889655,The Ship Inn,Pub/bar/nightclub,SHIP INN LOW ROAD,,MIDDLESTONE,,DL14 8AB,Durham,AwaitingInspection,,FHRS,False,54.6749489,-1.6093529,"SHIP INN LOW ROAD, MIDDLESTONE, DL14 8AB"
2025-11-12,1889663,The Waiting Room Public House,Pub/bar/nightclub,Waiting Room Public House Northbound Platform Durham Railway Station,,Durham,United Kingdom,DH1 4RB,Durham,AwaitingInspection,,FHRS,False,,,"Waiting Room Public House Northbound Platform Durham Railway Station, Durham, United Kingdom, DH1 4RB"
2025-11-12,1889665,Top House,Pub/bar/nightclub,103 FRONT STREET,,STANLEY,,DH9 0TB,Durham,AwaitingInspection,,FHRS,False,54.8687508,-1.7010039,"103 FRONT STREET, STANLEY, DH9 0TB"
2025-11-12,1889503,Broadway Cellars,Pub/bar/nightclub,34 The Broadway,,St Ives,Cambridgeshire,PE27 5BN,Huntingdonshire,AwaitingInspection,,FHRS,False,52.3251758,-0.0760516,"34 The Broadway, St Ives, Cambridgeshire, PE27 5BN"
2025-11-12,1889498,R&C Kitchen,Pub/bar/nightclub,99 High Street,,Somersham,Cambridgeshire,PE28 3EE,Huntingdonshire,AwaitingInspection,,FHRS,False,52.3827564,-0.0022389,"99 High Street, Somersham, Cambridgeshire, PE28 3EE"
2025-11-12,1889505,The Old Sun,Pub/bar/nightclub,Public House The Old Sun 161 Great North Road,,Eaton Socon,Cambridgeshire,PE19 8EQ,Huntingdonshire,AwaitingInspection,,FHRS,False,52.216608,-0.2896724,"Public House The Old Sun 161 Great North Road, Eaton Socon, Cambridgeshire, PE19 8EQ"
2025-11-12,1889502,The Three Horseshoes,Pub/bar/nightclub,Public House Three Horseshoes Inn The Green,,Houghton,Cambridgeshire,PE28 2BE,Huntingdonshire,AwaitingInspection,,FHRS,False,52.3329498,-0.1199529,"Public House Three Horseshoes Inn The Green, Houghton, Cambridgeshire, PE28 2BE"
2025-11-12,1889702,The Lock Inn,Pub/bar/nightclub,Wolverley Road,Wolverley,Worcestershire,,DY10 3RN,Wyre Forest,AwaitingInspection,,FHRS,False,52.4098358154297,-2.24985408782959,"Wolverley Road, Wolverley, Worcestershire, DY10 3RN"
2025-11-12,1889560,Boars Head,Pub/bar/nightclub,Boars Head,The Boars Head,21 High Street,Flintshire,CH8 7TE,Sir y Fflint,AwaitingInspection,,FHRS,False,,,"Boars Head, The Boars Head, 21 High Street, Flintshire, CH8 7TE"
2025-11-12,1889749,JNandChop,Pub/bar/nightclub,78 Elland Road,Churwell,Morley,Leeds,LS27 7QY,Leeds,AwaitingInspection,,FHRS,False,53.7614536,-1.5889876,"78 Elland Road, Churwell, Morley, Leeds, LS27 7QY"
2025-11-12,1889560,Boars Head,Pub/bar/nightclub,Boars Head,The Boars Head,21 High Street,Flintshire,CH8 7TE,Flintshire,AwaitingInspection,,FHRS,False,,,"Boars Head, The Boars Head, 21 High Street, Flintshire, CH8 7TE"
2025-11-12,1889482,Ballers Pool Lounge,Pub/bar/nightclub,10 The Crescent,Hinckley,Leicestershire,,LE10 0QQ,Hinckley and Bosworth,AwaitingInspection,,FHRS,False,52.5390591,-1.3733505,"10 The Crescent, Hinckley, Leicestershire, LE10 0QQ"
2025-11-12,1889706,Hill Top Tap,Pub/bar/nightclub,7 - 8 Elm Parade,Main Road,Sidcup,Kent,DA14 6NF,Bexley,AwaitingInspection,,FHRS,False,51.426282,0.100139,"7 - 8 Elm Parade, Main Road, Sidcup, Kent, DA14 6NF"
2025-11-13,1333763,Nevermore,Pub/bar/nightclub,5 Market Street,Atherton,Manchester,,M46 0DW,Wigan,5,2025-10-17,FHRS,False,53.5237181,-2.4907807,"5 Market Street, Atherton, Manchester, M46 0DW"
2025-11-13,1889934,Lloyd Sumar Catering - Wellingborough Bowling Club,Pub/bar/nightclub,Wellingborough Bowling Club,Hatton Street,Wellingborough,,NN8 5AS,North Northamptonshire,AwaitingInspection,,FHRS,True,52.3064778,-0.7014776,"Wellingborough Bowling Club, Hatton Street, Wellingborough, NN8 5AS"
2025-11-13,1890043,Ship Aground,Pub/bar/nightclub,Ship Aground,,Talsarnau,Gwynedd,LL47 6UB,Gwynedd,2,2025-08-28,FHRS,False,52.9035949707031,-4.06504201889038,"Ship Aground, Talsarnau, Gwynedd, LL47 6UB"
2025-11-13,1890093,Noels Arms Public House,Pub/bar/nightclub,31 Burton Street,Melton Mowbray,,,LE13 1AE,Melton,AwaitingInspection,,FHRS,False,52.7630595,-0.8845067,"31 Burton Street, Melton Mowbray, LE13 1AE"
2025-11-13,1890096,The Saddle,Pub/bar/nightclub,The Saddle Inn,10 Main Street,Twyford,Melton Mowbray,LE14 2HU,Melton,AwaitingInspection,,FHRS,False,52.6832587,-0.9219688,"The Saddle Inn, 10 Main Street, Twyford, Melton Mowbray, LE14 2HU"
2025-11-13,1890114,Fox & Hounds Putney,Pub/bar/nightclub,167 Upper Richmond Road,London,,,SW15 6SE,Wandsworth,5,2025-09-03,FHRS,False,51.4608972,-0.2176758,"167 Upper Richmond Road, London, SW15 6SE"
2025-11-13,1877776,The Jolly Gardeners,Pub/bar/nightclub,Jolly Gardeners,214 Garratt Lane,London,,SW18 4EA,Wandsworth,5,2025-09-24,FHRS,False,51.446754,-0.189596,"Jolly Gardeners, 214 Garratt Lane, London, SW18 4EA"
2025-11-13,1882346,Trafalgar Arms,Pub/bar/nightclub,Public House,148-156 Tooting High Street,London,,SW17 0RT,Wandsworth,5,2024-07-25,FHRS,False,51.4251728,-0.1712161,"Public House, 148-156 Tooting High Street, London, SW17 0RT"
2025-11-13,1889944,Everest Spice Lounge,Pub/bar/nightclub,Kitchen @ The Airman,Hanworth Road,Feltham,,TW13 5AX,Hounslow,AwaitingInspection,,FHRS,False,,,"Kitchen @ The Airman, Hanworth Road, Feltham, TW13 5AX"
2025-11-13,1568274,Luellas,Pub/bar/nightclub,,14 Low Street,Keighley,,BD21 3PN,Bradford,AwaitingInspection,,FHRS,False,53.8657432,-1.9089719,"14 Low Street, Keighley, BD21 3PN"
2025-11-13,190096,The Dragonfly,Pub/bar/nightclub,,180 Newport Road,Caldicot,Monmouthshire,NP26 4AA,Sir Fynwy,AwaitingInspection,,FHRS,False,51.588255,-2.759763,"180 Newport Road, Caldicot, Monmouthshire, NP26 4AA"
2025-11-13,1889880,AfC Kingston Youth Service,Pub/bar/nightclub,Kingsnympton Youth And Community Centre,Kingsnympton Park,Kingston Upon Thames,,KT2 7RP,Kingston-Upon-Thames,AwaitingInspection,,FHRS,False,,,"Kingsnympton Youth And Community Centre, Kingsnympton Park, Kingston Upon Thames, KT2 7RP"
2025-11-13,190096,The Dragonfly,Pub/bar/nightclub,,180 Newport Road,Caldicot,Monmouthshire,NP26 4AA,Monmouthshire,AwaitingInspection,,FHRS,False,51.588255,-2.759763,"180 Newport Road, Caldicot, Monmouthshire, NP26 4AA"
2025-11-13,1890043,Ship Aground,Pub/bar/nightclub,Ship Aground,,Talsarnau,Gwynedd,LL47 6UB,Gwynedd,2,2025-08-28,FHRS,False,52.9035949707031,-4.06504201889038,"Ship Aground, Talsarnau, Gwynedd, LL47 6UB"
2025-11-13,1862471,Chew Magna Football Club,Pub/bar/nightclub,Temple Cloud Cricket Ground,Stowey Road,Clutton,Bristol,BS39 5TG,Bath and North East Somerset,AwaitingInspection,,FHRS,True,51.328393,-2.553146,"Temple Cloud Cricket Ground, Stowey Road, Clutton, Bristol, BS39 5TG"
2025-11-13,1885240,The Welly,Pub/bar/nightclub,St Christopher's Inn,9 Green Street,City Centre,Bath,BA1 2JY,Bath and North East Somerset,AwaitingInspection,,FHRS,True,51.3835248,-2.3603382,"St Christopher's Inn, 9 Green Street, City Centre, Bath, BA1 2JY"
2025-11-13,1889973,The Victoria,Pub/bar/nightclub,,3-5 Dundas Street East,Saltburn By The Sea,,TS12 1AH,Redcar and Cleveland,5,2025-10-28,FHRS,False,54.583274,-0.97253,"3-5 Dundas Street East, Saltburn By The Sea, TS12 1AH"
2025-11-14,1890237,The Fox Inn,Pub/bar/nightclub,Oundle Road,Thorpe Waterville,Kettering,,NN14 3ED,North Northamptonshire,5,2025-10-31,FHRS,False,,,"Oundle Road, Thorpe Waterville, Kettering, NN14 3ED"
2025-11-14,1890529,Bull and Bush,Pub/bar/nightclub,43 Belgrave Road Torquay,,,,TQ2 5HZ,Torbay,AwaitingInspection,,FHRS,False,50.4680312,-3.5393603,"43 Belgrave Road Torquay, TQ2 5HZ"
2025-11-14,1890436,Bremi's,Pub/bar/nightclub,7 Stoke Road,Bromsgrove,Worcestershire,,B60 3EQ,Bromsgrove,AwaitingInspection,,FHRS,False,52.3229179,-2.0486892,"7 Stoke Road, Bromsgrove, Worcestershire, B60 3EQ"
2025-11-14,1890360,Seb Le Chef,Pub/bar/nightclub,The George,29 Mount Ephraim,Royal Tunbridge Wells,Kent,TN4 8AA,Tunbridge Wells,AwaitingInspection,,FHRS,False,51.1355631,0.2609824,"The George, 29 Mount Ephraim, Royal Tunbridge Wells, Kent, TN4 8AA"
2025-11-14,1885385,The Old Plough Inn,Pub/bar/nightclub,The Old Plough Inn Public House,Main Street,Egmanton,Newark On Trent,NG22 0EZ,Newark and Sherwood,AwaitingInspection,,FHRS,False,,,"The Old Plough Inn Public House, Main Street, Egmanton, Newark On Trent, NG22 0EZ"
2025-11-14,1890373,Broseley Social Club,Pub/bar/nightclub,Bank House 21 High Street,,Broseley,Shropshire,TF12 5EZ,Shropshire,5,2025-10-30,FHRS,False,52.61386,-2.4845257,"Bank House 21 High Street, Broseley, Shropshire, TF12 5EZ"
2025-11-14,1802000,Sophy Volt,Pub/bar/nightclub,The Custard Factory,1 Gibb Street,Birmingham,,B9 4BF,Birmingham,5,2025-08-22,FHRS,False,52.4748582,-1.8839726,"The Custard Factory, 1 Gibb Street, Birmingham, B9 4BF"
2025-11-14,1661522,Student Union Bar,Pub/bar/nightclub,Guild Of Students,Edgbaston Park Road,Birmingham,,B15 2TT,Birmingham,5,2025-10-02,FHRS,False,52.45155158,-1.92633973,"Guild Of Students, Edgbaston Park Road, Birmingham, B15 2TT"
2025-11-14,600669,The Flapper,Pub/bar/nightclub,The Flapper And Firkin,Kingston Row,Birmingham,,B1 2NU,Birmingham,5,2025-08-19,FHRS,False,52.4801902770996,-1.9124790430069,"The Flapper And Firkin, Kingston Row, Birmingham, B1 2NU"
2025-11-14,1845189,The Rise Club,Pub/bar/nightclub,166 Perry Wood Road,Birmingham,,,B42 2BH,Birmingham,5,2025-10-03,FHRS,False,52.5391675,-1.9226158,"166 Perry Wood Road, Birmingham, B42 2BH"
2025-11-14,597604,Weoley Castle Working Mens Club,Pub/bar/nightclub,158 Barnes Hill,Birmingham,,,B29 5TY,Birmingham,AwaitingInspection,,FHRS,True,52.440116,-1.977565,"158 Barnes Hill, Birmingham, B29 5TY"
2025-11-14,62461,Lord Rubin's WIne Bar,Pub/bar/nightclub,,19 Market Place,Arbroath,,DD11 1HR,Angus,Awaiting Inspection,,FHIS,False,56.558848,-2.582351,"19 Market Place, Arbroath, DD11 1HR"
2025-11-14,1890486,The London Stone,Pub/bar/nightclub,5 - 7 Chobham RoadWokingSurrey,,,,GU21 6HX,Woking,5,2025-11-12,FHRS,False,51.3199818,-0.5565914,"5 - 7 Chobham RoadWokingSurrey, GU21 6HX"
2025-11-14,1890340,Coach and Horses Pub,Pub/bar/nightclub,Coach and Horses 1 Scarborough Road,Rillington,,Malton,YO17 8LH,North Yorkshire,AwaitingInspection,,FHRS,False,54.1580353,-0.6949015,"Coach and Horses 1 Scarborough Road, Rillington, Malton, YO17 8LH"
2025-11-14,1890307,Kings Head Hotel,Pub/bar/nightclub,Kings Head Hotel 5 High Market Place,,,Kirkbymoorside,YO62 6AT,North Yorkshire,AwaitingInspection,,FHRS,False,54.2703215,-0.9325209,"Kings Head Hotel 5 High Market Place, Kirkbymoorside, YO62 6AT"
2025-11-14,1890302,Lindsay Snowden,Pub/bar/nightclub,8 Scalby Road,,,Scarborough,YO12 5QB,North Yorkshire,AwaitingInspection,,FHRS,False,54.2769709,-0.4189608,"8 Scalby Road, Scarborough, YO12 5QB"
2025-11-14,1890324,The Blue Lion,Pub/bar/nightclub,The Blue Lion Inn East Witton,,,Leyburn,DL8 4SN,North Yorkshire,AwaitingInspection,,FHRS,False,54.2696975,-1.7790494,"The Blue Lion Inn East Witton, Leyburn, DL8 4SN"
2025-11-14,1890335,The Carlton Inn,Pub/bar/nightclub,The Carlton Inn Carlton Husthwaite Village,,,Carlton Husthwaite THIRSK,YO7 2BW,North Yorkshire,AwaitingInspection,,FHRS,False,54.1836864,-1.2378005,"The Carlton Inn Carlton Husthwaite Village, Carlton Husthwaite THIRSK, YO7 2BW"
2025-11-14,1890321,The Dolphin,Pub/bar/nightclub,Dolphin Hotel King Street,,,Whitby,YO22 4SH,North Yorkshire,AwaitingInspection,,FHRS,False,54.4307158,-0.5325252,"Dolphin Hotel King Street, Whitby, YO22 4SH"
2025-11-14,1890303,The Fleece Inn,Pub/bar/nightclub,Northallerton 0 North Yorkshire,DL7 8PP,,,,North Yorkshire,AwaitingInspection,,FHRS,False,,,"Northallerton 0 North Yorkshire, DL7 8PP"
2025-11-14,1890349,The New Inn,Pub/bar/nightclub,The New Inn Maltongate,,,Pickering,YO18 7LF,North Yorkshire,AwaitingInspection,,FHRS,False,54.2362908,-0.7222947,"The New Inn Maltongate, Pickering, YO18 7LF"
2025-11-14,1890326,The Old Royal George Inn,Pub/bar/nightclub,The Old Royal George Morton On Swale Village,,,Morton On Swale NROTHALLERTON,DL7 9QS,North Yorkshire,AwaitingInspection,,FHRS,False,54.3228432,-1.4979683,"The Old Royal George Morton On Swale Village, Morton On Swale NROTHALLERTON, DL7 9QS"
2025-11-14,1890196,Ye Old Sun inn,Pub/bar/nightclub,Ye Olde Sun Inne,Main Street,Colton,North Yorkshire,LS24 8EP,North Yorkshire,5,2025-10-28,FHRS,False,,,"Ye Olde Sun Inne, Main Street, Colton, North Yorkshire, LS24 8EP"
2025-11-14,1890576,Artists Club,Pub/bar/nightclub,5 Eberle Street,,Liverpool,,L2 2AG,Liverpool,AwaitingInspection,,FHRS,True,53.4080504,-2.9898974,"5 Eberle Street, Liverpool, L2 2AG"
2025-11-14,1890605,Everlast Gyms,Pub/bar/nightclub,Everlast Gym 35 Church Street,,Liverpool,,L1 1DF,Liverpool,AwaitingInspection,,FHRS,False,53.405703,-2.9835252,"Everlast Gym 35 Church Street, Liverpool, L1 1DF"
2025-11-14,1890572,Reds,Pub/bar/nightclub,26 Exchange Street East,,Liverpool,,,Liverpool,AwaitingInspection,,FHRS,False,53.4079246,-2.9909776,"26 Exchange Street East, Liverpool"
2025-11-14,1890549,The Dock Wall,Pub/bar/nightclub,25 Dickson Street,,Liverpool,,L3 7EB,Liverpool,AwaitingInspection,,FHRS,False,53.4192594,-2.9996072,"25 Dickson Street, Liverpool, L3 7EB"
2025-11-14,159658,Foulridge Sports Club,Pub/bar/nightclub,Foulridge Playing Fields,Noyna Road,Foulridge,Lancashire,,Pendle,5,2022-05-24,FHRS,False,,,"Foulridge Playing Fields, Noyna Road, Foulridge, Lancashire"
2025-11-14,1890535,Red Lion Earby Ltd,Pub/bar/nightclub,Red Lion Inn,70 Red Lion Street,Earby,Lancashire,BB18 6RD,Pendle,5,2025-11-13,FHRS,False,53.9176466,-2.1344859,"Red Lion Inn, 70 Red Lion Street, Earby, Lancashire, BB18 6RD"
2025-11-14,1890228,The old court house,Pub/bar/nightclub,Old Court House,High Street,Kingswinford,,DY6 8AX,Dudley,AwaitingInspection,,FHRS,False,,,"Old Court House, High Street, Kingswinford, DY6 8AX"
2025-11-14,1890212,The Shrewsbury Arms,Pub/bar/nightclub,2 Wolverhampton Street,Dudley,,,DY1 1DA,Dudley,5,2025-10-14,FHRS,False,52.50994,-2.084396,"2 Wolverhampton Street, Dudley, DY1 1DA"
2025-11-14,1890216,The Stripey Oss micro bar,Pub/bar/nightclub,9 The Arcade,Upper Gornal,Dudley,,DY3 2DA,Dudley,AwaitingInspection,,FHRS,False,52.5265158,-2.1151852,"9 The Arcade, Upper Gornal, Dudley, DY3 2DA"
2025-11-14,1890475,The Cross Inn,Pub/bar/nightclub,Cross Inn,High Street,Aylburton,Lydney,GL15 6DE,Forest of Dean,5,2023-09-13,FHRS,False,51.714006,-2.554453,"Cross Inn, High Street, Aylburton, Lydney, GL15 6DE"
2025-11-14,1890480,The Rose And Crown,Pub/bar/nightclub,Rose And Crown,Playley Green,Redmarley,Gloucester,GL19 3NB,Forest of Dean,AwaitingInspection,,FHRS,False,51.9818458557129,-2.34939789772034,"Rose And Crown, Playley Green, Redmarley, Gloucester, GL19 3NB"
2025-11-15,1890954,The White Hart,Pub/bar/nightclub,1 Balsham Road,,Fulbourn,Cambridgeshire,CB21 5BZ,South Cambridgeshire,AwaitingInspection,,FHRS,False,52.178359,0.2238573,"1 Balsham Road, Fulbourn, Cambridgeshire, CB21 5BZ"
2025-11-15,1891003,Old Cross Tavern,Pub/bar/nightclub,8 St Andrew Street,Hertford,Hertfordshire,,SG14 1JA,East Hertfordshire,AwaitingInspection,,FHRS,False,51.796733,-0.082349,"8 St Andrew Street, Hertford, Hertfordshire, SG14 1JA"
2025-11-15,1890991,Wheatsheaf,Pub/bar/nightclub,28 Northgate End,Bishops Stortford,Hertfordshire,,CM23 2EU,East Hertfordshire,AwaitingInspection,,FHRS,False,51.874351,0.159075,"28 Northgate End, Bishops Stortford, Hertfordshire, CM23 2EU"
2025-11-15,1890777,Clarks on Lindsay Street,Pub/bar/nightclub,80 North Lindsay Street,Dundee,,,DD1 1PS,Dundee City,Pass,2025-11-03,FHIS,False,56.461031,-2.976728,"80 North Lindsay Street, Dundee, DD1 1PS"
2025-11-15,1890816,MURDOS,Pub/bar/nightclub,Murdo's Bar,Cairncry Road,Aberdeen,Aberdeen City,AB16 5UR,Aberdeen City,Awaiting Inspection,1999-04-01,FHIS,False,,,"Murdo's Bar, Cairncry Road, Aberdeen, Aberdeen City, AB16 5UR"
2025-11-15,1890741,Haylee Music Studio,Pub/bar/nightclub,Unit A5,Smeed Dean Centre,Castle Road,Eurolink,ME10 3EW,Swale,AwaitingInspection,,FHRS,False,51.3417507,0.7473061,"Unit A5, Smeed Dean Centre, Castle Road, Eurolink, ME10 3EW"
2025-11-15,1891195,WV1 Cocktail Bar,Pub/bar/nightclub,12 Princess Street,Wolverhampton,West Midlands,,WV1 1HW,Wolverhampton,AwaitingInspection,,FHRS,False,52.5865012,-2.1256812,"12 Princess Street, Wolverhampton, West Midlands, WV1 1HW"
2025-11-15,1890983,The Eagle and Child,Pub/bar/nightclub,30 Church Road,Leyland,Lancashire,,PR25 3AA,South Ribble,AwaitingInspection,,FHRS,False,53.688849,-2.6946254,"30 Church Road, Leyland, Lancashire, PR25 3AA"
2025-11-15,1890982,The Victoria,Pub/bar/nightclub,54 Watkin Lane,Lostock Hall,Preston,Lancashire,PR5 5RD,South Ribble,AwaitingInspection,,FHRS,False,53.725162,-2.6898589,"54 Watkin Lane, Lostock Hall, Preston, Lancashire, PR5 5RD"
2025-11-15,1890876,The Steeplechase,Pub/bar/nightclub,The Steeplechase,60 Bridge Street,Uttoxeter,,ST14 8AP,East Staffordshire,AwaitingInspection,,FHRS,False,52.8983052,-1.8625984,"The Steeplechase, 60 Bridge Street, Uttoxeter, ST14 8AP"
2025-11-15,1891046,New Zealand Arms,Pub/bar/nightclub,New Zealand Arms,2 Langley Street,Derby,,DE22 3GL,Derby City,5,2025-11-06,FHRS,False,52.9257169,-1.4986998,"New Zealand Arms, 2 Langley Street, Derby, DE22 3GL"
2025-11-15,1891042,The Mumbai Barrel,Pub/bar/nightclub,The Chestnut Tree,174 Portland Street,Derby,,DE23 8PJ,Derby City,AwaitingInspection,,FHRS,False,52.9000607,-1.4751524,"The Chestnut Tree, 174 Portland Street, Derby, DE23 8PJ"
2025-11-15,1890724,The Plough And Harrow,Pub/bar/nightclub,61 Ely Road,Littleport,Ely,Cambridgeshire,CB6 1HJ,East Cambridgeshire,AwaitingInspection,,FHRS,False,52.446856,0.298792,"61 Ely Road, Littleport, Ely, Cambridgeshire, CB6 1HJ"
2025-11-15,1891071,The Barn Events And Venue Hire Ltd,Pub/bar/nightclub,Walton Hall Farm,Waltons Hall Road,Linford,Essex,SS17 0RH,Thurrock,AwaitingInspection,,FHRS,False,51.494642,0.412482,"Walton Hall Farm, Waltons Hall Road, Linford, Essex, SS17 0RH"
2025-11-15,1891106,The Eagle,Pub/bar/nightclub,The Eagle Public House,145 High Street,Amersham,Buckinghamshire,HP7 0DY,Buckinghamshire,AwaitingInspection,,FHRS,False,51.6675834655762,-0.620334029197693,"The Eagle Public House, 145 High Street, Amersham, Buckinghamshire, HP7 0DY"
2025-11-15,1759413,The Hour Glass,Pub/bar/nightclub,144 Chapel Lane,High Wycombe,Buckinghamshire,,HP12 4BY,Buckinghamshire,5,2025-11-07,FHRS,False,51.633846282959,-0.784678995609283,"144 Chapel Lane, High Wycombe, Buckinghamshire, HP12 4BY"
2025-11-15,1605682,The Beer House,Pub/bar/nightclub,,548-550 Langsett Road,Sheffield,,S6 2LX,Sheffield,AwaitingInspection,,FHRS,False,53.4020572,-1.4997265,"548-550 Langsett Road, Sheffield, S6 2LX"
2025-11-15,1890812,The Crown,Pub/bar/nightclub,The Crown Inn,The Green,Horsted Keynes,Haywards Heath,RH17 7AW,Mid Sussex,AwaitingInspection,,FHRS,False,,,"The Crown Inn, The Green, Horsted Keynes, Haywards Heath, RH17 7AW"
2025-11-15,1890658,The Generous Briton,Pub/bar/nightclub,14 Main Street,Costock,Nottinghamshire,,LE12 6XD,Rushcliffe,AwaitingInspection,,FHRS,False,52.831533,-1.150666,"14 Main Street, Costock, Nottinghamshire, LE12 6XD"
2025-11-15,1890870,Horse And Jockey,Pub/bar/nightclub,The Horse And Jockey,201 London Road,Hazel Grove,Stockport,SK7 4HJ,Stockport,AwaitingInspection,,FHRS,False,,,"The Horse And Jockey, 201 London Road, Hazel Grove, Stockport, SK7 4HJ"
2025-11-15,1890868,Ring O Bells,Pub/bar/nightclub,130 Church Lane,Marple,Stockport,,SK6 7AY,Stockport,AwaitingInspection,,FHRS,False,53.392211,-2.063282,"130 Church Lane, Marple, Stockport, SK6 7AY"
2025-11-15,1890729,Carlisle Conservative Club Ltd,Pub/bar/nightclub,,28-30 Spencer Street,Carlisle,,CA1 1BA,Cumberland,5,2020-03-03,FHRS,False,54.8937035,-2.9302118,"28-30 Spencer Street, Carlisle, CA1 1BA"
2025-11-15,1890731,Gallaghers Irish Bar,Pub/bar/nightclub,,Botchergate,Carlisle,,CA1 2EE,Cumberland,5,2022-12-20,FHRS,False,,,"Botchergate, Carlisle, CA1 2EE"
2025-11-15,1890730,Shoulder Of Mutton,Pub/bar/nightclub,,Front Street,Brampton,,CA8 1NG,Cumberland,4,2020-02-27,FHRS,False,54.94195184,-2.73809192,"Front Street, Brampton, CA8 1NG"
2025-11-15,1890753,Old Mounts,Pub/bar/nightclub,,145 Midland Road,,Royston,S71 4BY,Barnsley,AwaitingInspection,,FHRS,False,53.6011135,-1.446081,"145 Midland Road, Royston, S71 4BY"
2025-11-15,847119,Shoot 5,Pub/bar/nightclub,Westfield Park Equestrian Centre,Knabbs Lane,,Silkstone Common,S75 4RD,Barnsley,5,2025-10-10,FHRS,False,53.530261,-1.566499,"Westfield Park Equestrian Centre, Knabbs Lane, Silkstone Common, S75 4RD"
2025-11-15,1891183,The Jolly Sailor,Pub/bar/nightclub,Jolly Sailor,21 Main Street,Hemington,Derby,DE74 2RB,North West Leicestershire,AwaitingInspection,,FHRS,True,52.84707,-1.324756,"Jolly Sailor, 21 Main Street, Hemington, Derby, DE74 2RB"
2025-11-18,1017200,Mono Loco,Pub/bar/nightclub,,52 Market Street,Lancaster,Lancashire,LA1 1HS,Lancaster City,5,2025-11-05,FHRS,False,54.0488319396973,-2.80277109146118,"52 Market Street, Lancaster, Lancashire, LA1 1HS"
2025-11-18,109332,The Three Mariners,Pub/bar/nightclub,Three Mariners,Bridge Lane,Lancaster,Lancashire,LA1 1EE,Lancaster City,AwaitingInspection,,FHRS,False,54.051085,-2.80309,"Three Mariners, Bridge Lane, Lancaster, Lancashire, LA1 1EE"
2025-11-18,142585,Trimpell Sports and Social Club,Pub/bar/nightclub,Trimpell Sports And Social Club,Out Moss Lane,Morecambe,Lancashire,LA4 4UP,Lancaster City,AwaitingInspection,,FHRS,False,54.068231,-2.856796,"Trimpell Sports And Social Club, Out Moss Lane, Morecambe, Lancashire, LA4 4UP"
2025-11-18,1891242,Queens Head Boreham,Pub/bar/nightclub,Queens Head,Church Road,Boreham,Chelmsford,CM3 3EG,Chelmsford,AwaitingInspection,,FHRS,False,51.7578744,0.5439225,"Queens Head, Church Road, Boreham, Chelmsford, CM3 3EG"
2025-11-18,1891439,South End Green Social,Pub/bar/nightclub,,154-156 Fleet Road,,London,NW3 2QX,Camden,AwaitingInspection,,FHRS,True,51.5541043,-0.1644982,"154-156 Fleet Road, London, NW3 2QX"
2025-11-18,1891244,Shanklin Performing Arts Centre CIC,Pub/bar/nightclub,Shanklin Theatre,Steephill Road,Shanklin,Isle Of Wight,PO37 6AJ,Isle of Wight,AwaitingInspection,,FHRS,False,50.62767,-1.178794,"Shanklin Theatre, Steephill Road, Shanklin, Isle Of Wight, PO37 6AJ"
2025-11-18,1891259,The Plough Inn,Pub/bar/nightclub,Plough Inn,London Road,Wangford,Beccles,NR34 8AZ,East Suffolk,AwaitingInspection,,FHRS,False,52.360867,1.630015,"Plough Inn, London Road, Wangford, Beccles, NR34 8AZ"
2025-11-18,1891354,The Walnut,Pub/bar/nightclub,The Walnut Pizza The Walnut Tree PH,Violet Hill Road,STOWMARKET,Suffolk,IP14 1NE,Mid Suffolk,AwaitingInspection,,FHRS,False,,,"The Walnut Pizza The Walnut Tree PH, Violet Hill Road, STOWMARKET, Suffolk, IP14 1NE"
2025-11-18,1891301,The Falcon,Pub/bar/nightclub,The Falcon,1 Alfreton Road,,Nottingham,NG7 3JE,Nottingham City,AwaitingInspection,,FHRS,False,52.956488,-1.163226,"The Falcon, 1 Alfreton Road, Nottingham, NG7 3JE"
2025-11-18,1891353,Pint of Perfection Ltd,Pub/bar/nightclub,The Gainsborough,King Street,SUDBURY,Suffolk,,Babergh,AwaitingInspection,,FHRS,False,52.0381483122911,0.729071742722907,"The Gainsborough, King Street, SUDBURY, Suffolk"
2025-11-18,1891278,The Nomad Larder Limited,Pub/bar/nightclub,Pig On The Hill,Westward Ho!,Bideford,Devon,EX39 5AH,Torridge,AwaitingInspection,,FHRS,False,,,"Pig On The Hill, Westward Ho!, Bideford, Devon, EX39 5AH"
2025-11-18,1891349,ROYAL OAK,Pub/bar/nightclub,Royal Oak Inn,Tortworth Road,Cromhall,South Gloucestershire,GL12 8AD,South Gloucestershire,AwaitingInspection,,FHRS,False,51.6174942,-2.4354897,"Royal Oak Inn, Tortworth Road, Cromhall, South Gloucestershire, GL12 8AD"
2025-11-18,1891347,White Hart Hospitality,Pub/bar/nightclub,White Hart Inn,Village Road,Littleton Upon Severn,South Gloucestershire,BS35 1NR,South Gloucestershire,AwaitingInspection,,FHRS,False,51.6075295,-2.5847903,"White Hart Inn, Village Road, Littleton Upon Severn, South Gloucestershire, BS35 1NR"
2025-11-19,122357,Penrhos Arms Hotel,Pub/bar/nightclub,Penrhos Arms Hotel,Ffordd Caergybi,Llanfairpwll,Ynys Mn,LL61 5YQ,Ynys Mn,5,2025-11-11,FHRS,False,53.221526,-4.209724,"Penrhos Arms Hotel, Ffordd Caergybi, Llanfairpwll, Ynys Mn, LL61 5YQ"
2025-11-19,237821,The Gregory Arms,Pub/bar/nightclub,Gregory Arms,Grantham Road,Harlaxton,Lincolnshire,NG32 1AD,South Kesteven,5,2025-08-28,FHRS,False,52.8880154,-0.6875794,"Gregory Arms, Grantham Road, Harlaxton, Lincolnshire, NG32 1AD"
2025-11-19,1891459,Box Office Lounge,Pub/bar/nightclub,39 - 41 Torwood Street Torquay,,,,TQ1 1DZ,Torbay,AwaitingInspection,,FHRS,False,50.4612044,-3.5210315,"39 - 41 Torwood Street Torquay, TQ1 1DZ"
2025-11-19,1891567,Little Ship,Pub/bar/nightclub,The Little Ship Victoria Square,,Portland,Dorset,DT5 1AL,Dorset,AwaitingInspection,,FHRS,False,50.5631065368652,-2.450031042099,"The Little Ship Victoria Square, Portland, Dorset, DT5 1AL"
2025-11-19,1891613,Old Ship Inn,Pub/bar/nightclub,16 High West Street,,Dorchester,,DT1 1UW,Dorset,AwaitingInspection,,FHRS,False,50.7151113,-2.4387411,"16 High West Street, Dorchester, DT1 1UW"
2025-11-19,1891615,Springhead Pub,Pub/bar/nightclub,The Springhead Sutton Road,Sutton Poyntz,Weymouth,Dorset,DT3 6LW,Dorset,5,2025-05-07,FHRS,False,50.6531600952148,-2.41711211204529,"The Springhead Sutton Road, Sutton Poyntz, Weymouth, Dorset, DT3 6LW"
2025-11-19,1891592,The Albion Inn,Pub/bar/nightclub,The Albion Inn Station Road,,Verwood,Dorset,BH31 7LB,Dorset,AwaitingInspection,,FHRS,False,50.8831771,-1.8912805,"The Albion Inn Station Road, Verwood, Dorset, BH31 7LB"
2025-11-19,1891606,The Blue Vinny,Pub/bar/nightclub,12 The Moor,,Puddletown,Dorset,DT2 8TE,Dorset,AwaitingInspection,,FHRS,False,50.7514114379883,-2.34630107879639,"12 The Moor, Puddletown, Dorset, DT2 8TE"
2025-11-19,1891584,The Chequers Inn,Pub/bar/nightclub,The Chequers Inn 75 High Street,,Lytchett Matravers,Dorset,BH16 6BJ,Dorset,AwaitingInspection,,FHRS,False,50.7601852416992,-2.08502602577209,"The Chequers Inn 75 High Street, Lytchett Matravers, Dorset, BH16 6BJ"
2025-11-19,1891604,The Market House,Pub/bar/nightclub,17 - 19 West Street,,Bridport,Dorset,DT6 3QN,Dorset,AwaitingInspection,,FHRS,False,50.7337844,-2.75909136,"17 - 19 West Street, Bridport, Dorset, DT6 3QN"
2025-11-19,122357,Tafarn Penrhos Ltd,Pub/bar/nightclub,Penrhos Arms Hotel,Holyhead Road,Llanfairpwll,Isle Of Anglesey,LL61 5YQ,Anglesey,5,2025-11-11,FHRS,False,53.221526,-4.209724,"Penrhos Arms Hotel, Holyhead Road, Llanfairpwll, Isle Of Anglesey, LL61 5YQ"
2025-11-19,1891523,Louie's,Pub/bar/nightclub,Ground Floor,10a Tower Street,Hartlepool,,TS24 7HD,Hartlepool,AwaitingInspection,,FHRS,False,54.6851409,-1.2091771,"Ground Floor, 10a Tower Street, Hartlepool, TS24 7HD"
2025-11-19,1891712,Nexus Lounge,Pub/bar/nightclub,9  Market Hill,Saffron Walden,Essex,,CB10 1HQ,Uttlesford,AwaitingInspection,,FHRS,False,52.0241393,0.2406708,"9  Market Hill, Saffron Walden, Essex, CB10 1HQ"
2025-11-19,1891739,Swettenham Club,Pub/bar/nightclub,,Swettenham Lane,,Swettenham,CW12 2LA,Cheshire East,5,2025-10-24,FHRS,False,53.20118104,-2.28611369,"Swettenham Lane, Swettenham, CW12 2LA"
2025-11-19,1891736,The Unicorn,Pub/bar/nightclub,West Heath Shopping Centre,Holmes Chapel Road,,Congleton,CW12 4NB,Cheshire East,5,2025-10-24,FHRS,False,53.165064,-2.235839,"West Heath Shopping Centre, Holmes Chapel Road, Congleton, CW12 4NB"
2025-11-19,891013,The Vaults,Pub/bar/nightclub,,6-8 Wheelock Street,,Middlewich,CW10 9AG,Cheshire East,5,2025-10-23,FHRS,False,53.192919,-2.4462358,"6-8 Wheelock Street, Middlewich, CW10 9AG"
2025-11-19,1195515,Butler's Bell,Pub/bar/nightclub,,25-27 Gaolgate Street,Stafford,Staffordshire,ST16 2NT,Stafford,AwaitingInspection,,FHRS,True,52.8085021972656,-2.11798000335693,"25-27 Gaolgate Street, Stafford, Staffordshire, ST16 2NT"
2025-11-19,1891686,The New Inn,Pub/bar/nightclub,Main Street,Barwick In Elmet,Leeds,,LS15 4JF,Leeds,AwaitingInspection,,FHRS,False,53.829028,-1.393851,"Main Street, Barwick In Elmet, Leeds, LS15 4JF"
2025-11-19,1891691,The Vault,Pub/bar/nightclub,40 Queen Street,Morley,Leeds,,LS27 9BR,Leeds,5,2025-11-08,FHRS,False,53.746326,-1.6021753,"40 Queen Street, Morley, Leeds, LS27 9BR"
2025-11-19,1891626,Fairfield Wigston Pub,Pub/bar/nightclub,Fairfield PH,Gloucester Crescent,Wigston,Leicestershire,LE18 4YE,Oadby and Wigston,AwaitingInspection,,FHRS,True,52.586691,-1.132896,"Fairfield PH, Gloucester Crescent, Wigston, Leicestershire, LE18 4YE"
