date_added,FHRSID,BusinessName,BusinessType,AddressLine1,AddressLine2,AddressLine3,AddressLine4,PostCode,LocalAuthorityName,RatingValue,RatingDate,SchemeType,NewRatingPending,Latitude,Longitude,AddressSingleLine
2025-12-02,1895548,Greenland Fishery,Pub/bar/nightclub,Greenland Fishery Inn 1 - 3 Parkgate Road,,Neston,Cheshire,CH64 9XF,Cheshire West and Chester,AwaitingInspection,,FHRS,False,53.2897802,-3.0650772,"Greenland Fishery Inn 1 - 3 Parkgate Road, Neston, Cheshire, CH64 9XF"
2025-12-02,1895539,Lock Vaults,Pub/bar/nightclub,29 Hoole Lane,,Chester,Cheshire,CH2 3DU,Cheshire West and Chester,5,2025-11-19,FHRS,False,53.1940426,-2.8733998,"29 Hoole Lane, Chester, Cheshire, CH2 3DU"
2025-12-02,1895540,The duck and dagger,Pub/bar/nightclub,The Steam Mill Steam Mill Street,,Chester,Cheshire,CH3 5AN,Cheshire West and Chester,5,2025-11-24,FHRS,False,,,"The Steam Mill Steam Mill Street, Chester, Cheshire, CH3 5AN"
2025-12-02,1895673,Crates and Grapes,Pub/bar/nightclub,29 High Street,,Warsop,Nottinghamshire,NG20 0AB,Mansfield,AwaitingInspection,,FHRS,False,53.204123,-1.1538437,"29 High Street, Warsop, Nottinghamshire, NG20 0AB"
2025-12-02,1895652,The Duke of Cumberland's Head,Pub/bar/nightclub,The Duke Of Cumberlands Head Main Street,,Clifton,Oxfordshire,OX15 0PE,Cherwell,AwaitingInspection,,FHRS,False,51.9826315,-1.2875909,"The Duke Of Cumberlands Head Main Street, Clifton, Oxfordshire, OX15 0PE"
2025-12-02,1895801,The Alexandra,Pub/bar/nightclub,6 Bellevue Road,Southampton,,,SO15 2AY,Southampton,AwaitingInspection,,FHRS,False,50.912421,-1.401497,"6 Bellevue Road, Southampton, SO15 2AY"
2025-12-02,1895793,The Temple Bar (Windsor Castle),Pub/bar/nightclub,95 Shirley High Street,Southampton,,,SO16 4EX,Southampton,AwaitingInspection,,FHRS,False,50.923286,-1.434294,"95 Shirley High Street, Southampton, SO16 4EX"
2025-12-02,843267,Friars Goose Water Sports Club,Pub/bar/nightclub,,Green Lane,Gateshead,Tyne and Wear,NE10 0QH,Gateshead,5,2025-11-19,FHRS,False,54.959215,-1.568895,"Green Lane, Gateshead, Tyne and Wear, NE10 0QH"
2025-12-02,129852,Old Cross Inn,Pub/bar/nightclub,,Stryd y Cei,Rhydaman,Sir Gaerfyrddin,SA18 3DB,Sir Gaerfyrddin,AwaitingInspection,,FHRS,True,51.792215,-3.988127,"Stryd y Cei, Rhydaman, Sir Gaerfyrddin, SA18 3DB"
2025-12-02,1895758,The Shoe Inn,Pub/bar/nightclub,Salisbury Road,Plaitford,Romsey,Hampshire,SO51 6EE,Test Valley,AwaitingInspection,,FHRS,False,50.9730789,-1.60784375,"Salisbury Road, Plaitford, Romsey, Hampshire, SO51 6EE"
2025-12-02,1895687,The Beech Tree,Pub/bar/nightclub,Amersham Road,High Wycombe,Buckinghamshire,,HP13 5AJ,Buckinghamshire,5,2025-11-18,FHRS,False,51.6463203430176,-0.727140009403229,"Amersham Road, High Wycombe, Buckinghamshire, HP13 5AJ"
2025-12-02,129852,OLD CROSS INN,Pub/bar/nightclub,,Quay Street,Ammanford,Carmarthenshire,SA18 3DB,Carmarthenshire,AwaitingInspection,,FHRS,True,51.792215,-3.988127,"Quay Street, Ammanford, Carmarthenshire, SA18 3DB"
2025-12-02,1895705,Over The Road,Pub/bar/nightclub,Ground Floor London House,Meadow Lane,,Nottingham,NG2 3HT,Nottingham City,AwaitingInspection,,FHRS,False,,,"Ground Floor London House, Meadow Lane, Nottingham, NG2 3HT"
2025-12-02,1895740,Weavers Tap,Pub/bar/nightclub,East Street,SUDBURY,Suffolk,,CO10 2HX,Babergh,AwaitingInspection,,FHRS,False,52.03985,0.732251,"East Street, SUDBURY, Suffolk, CO10 2HX"
2025-12-02,1895600,Corinthians Football Club,Pub/bar/nightclub,Stambridge Memorial Hall,Stambridge Road,Stambridge,Essex,SS4 2AR,Rochford,AwaitingInspection,,FHRS,False,51.588653,0.7369719,"Stambridge Memorial Hall, Stambridge Road, Stambridge, Essex, SS4 2AR"
2025-12-02,1895610,Fable Brewery,Pub/bar/nightclub,Essex Marina,Creeksea Ferry Road,Wallasea Island,Essex,SS4 2HF,Rochford,AwaitingInspection,,FHRS,False,51.6224315,0.797729,"Essex Marina, Creeksea Ferry Road, Wallasea Island, Essex, SS4 2HF"
2025-12-02,1696922,Proud Bar & Community Hub,Pub/bar/nightclub,,20-22 Boulevard,Weston-Super-Mare,,BS23 1NA,North Somerset,5,2025-06-19,FHRS,False,51.350095,-2.9758212,"20-22 Boulevard, Weston-Super-Mare, BS23 1NA"
2025-12-02,330587,The Barge,Pub/bar/nightclub,,Brayford Wharf North,Lincoln,Lincolnshire,LN1 1YW,Lincoln City,5,2025-11-05,FHRS,False,53.2298011779785,-0.546732008457184,"Brayford Wharf North, Lincoln, Lincolnshire, LN1 1YW"
2025-12-02,444399,Hartland Parish Hall,Pub/bar/nightclub,The Square,Hartland,Devon,,EX39 6BL,Torridge,Exempt,,FHRS,False,50.99273,-4.482559,"The Square, Hartland, Devon, EX39 6BL"
2025-12-02,1895511,The Monks Retreat,Pub/bar/nightclub,The Monks Retreat Broadhempston,,,,TQ9 6BN,Teignbridge,AwaitingInspection,,FHRS,True,,,"The Monks Retreat Broadhempston, TQ9 6BN"
2025-12-03,156186,Skegness Indoor Bowls Club,Pub/bar/nightclub,Skegness Indoor Bowls Club,Wainfleet Road,Skegness,,PE25 2EL,East Lindsey,5,2018-11-13,FHRS,False,53.144119,0.324872,"Skegness Indoor Bowls Club, Wainfleet Road, Skegness, PE25 2EL"
2025-12-03,1895891,Papa Earnshaws,Pub/bar/nightclub,The Cat And Fiddle,20 - 22 Cheapside,Halifax,Calderdale,HX1 1TQ,Calderdale,AwaitingInspection,,FHRS,False,53.7228165,-1.8610414,"The Cat And Fiddle, 20 - 22 Cheapside, Halifax, Calderdale, HX1 1TQ"
2025-12-03,1895948,The Pear Tree Inn,Pub/bar/nightclub,259 Huddersfield Road,Mirfield,,,WF14 9DL,Kirklees,AwaitingInspection,,FHRS,False,53.679958,-1.711529,"259 Huddersfield Road, Mirfield, WF14 9DL"
2025-12-03,1895888,Mettle Works CIC,Pub/bar/nightclub,3 Russell Way,Chelmsford,Essex,,CM1 3AA,Chelmsford,AwaitingInspection,,FHRS,False,51.7217991,0.4484003,"3 Russell Way, Chelmsford, Essex, CM1 3AA"
2025-12-03,1896024,Penny Loafer,Pub/bar/nightclub,10-12 Market Square,Northampton,NN1 2DL,,NN1 2DL,West Northamptonshire,AwaitingInspection,,FHRS,False,52.237993,-0.896945,"10-12 Market Square, Northampton, NN1 2DL, NN1 2DL"
2025-12-03,1896183,T Briton,Pub/bar/nightclub,True Briton,Snape Road,Wolverhampton,West Midlands,WV11 2NP,Wolverhampton,AwaitingInspection,,FHRS,False,,,"True Briton, Snape Road, Wolverhampton, West Midlands, WV11 2NP"
2025-12-03,1896188,THE IRISH WOLF & HARP LTD,Pub/bar/nightclub,Mcghees Irish Bar,Wheelers Fold,Wolverhampton,West Midlands,WV1 1HN,Wolverhampton,AwaitingInspection,,FHRS,False,52.58619,-2.126712,"Mcghees Irish Bar, Wheelers Fold, Wolverhampton, West Midlands, WV1 1HN"
2025-12-03,1895973,Bloxworth Village Hall and Social Club,Pub/bar/nightclub,Bloxworth Village Club Church Lane,,Bloxworth,Dorset,BH20 7EG,Dorset,5,2025-10-31,FHRS,False,50.7514686584473,-2.17016005516052,"Bloxworth Village Club Church Lane, Bloxworth, Dorset, BH20 7EG"
2025-12-03,1895975,Clay Pipe Inn,Pub/bar/nightclub,Clay Pipe Inn Organford Road,,Holton Heath,Dorset,BH16 6JY,Dorset,5,2025-11-26,FHRS,False,50.7215194702148,-2.08563494682312,"Clay Pipe Inn Organford Road, Holton Heath, Dorset, BH16 6JY"
2025-12-03,1895981,LYME LADIES FOOTBALL SUPPORT GROUP,Pub/bar/nightclub,Lyme Regis Football Club Charmouth Road,,Lyme Regis,Dorset,,Dorset,Exempt,,FHRS,False,50.7299068,-2.9311384,"Lyme Regis Football Club Charmouth Road, Lyme Regis, Dorset"
2025-12-03,1895991,THE ROYAL STANDARD KITCHEN,Pub/bar/nightclub,700 Dorchester Road,,Weymouth,Dorset,DT3 5LA,Dorset,AwaitingInspection,,FHRS,False,50.6598259,-2.4680553,"700 Dorchester Road, Weymouth, Dorset, DT3 5LA"
2025-12-03,1895982,The Ship Inn,Pub/bar/nightclub,The Ship Inn Custom House Quay,,Weymouth,Dorset,DT4 8BE,Dorset,5,2025-04-01,FHRS,False,50.6073303222656,-2.45385909080505,"The Ship Inn Custom House Quay, Weymouth, Dorset, DT4 8BE"
2025-12-03,1895996,The Ship Inn,Pub/bar/nightclub,The Ship Inn Dorchester Road,,Wool,Dorset,BH20 6EQ,Dorset,5,2024-01-29,FHRS,False,50.6802406311035,-2.22699809074402,"The Ship Inn Dorchester Road, Wool, Dorset, BH20 6EQ"
2025-12-03,1895994,Weymouth Sailing Club,Pub/bar/nightclub,Weymouth Sailing Club Nothe Parade,,Weymouth,Dorset,DT4 8TX,Dorset,5,2025-11-24,FHRS,False,50.6070785522461,-2.45084595680237,"Weymouth Sailing Club Nothe Parade, Weymouth, Dorset, DT4 8TX"
2025-12-03,1892985,ORIELS,Pub/bar/nightclub,Oriels,226 High Street,Exeter,,EX4 3LR,Exeter City,AwaitingInspection,,FHRS,False,50.7240206,-3.5307272,"Oriels, 226 High Street, Exeter, EX4 3LR"
2025-12-03,1896084,Bentleys,Pub/bar/nightclub,,61 High Street,Chellaston,Derby,DE73 6TB,Derby City,AwaitingInspection,,FHRS,False,52.8700146,-1.435428,"61 High Street, Chellaston, Derby, DE73 6TB"
2025-12-03,1896085,R Lounge,Pub/bar/nightclub,,17 Victoria Street,Derby,,DE1 1ES,Derby City,5,2025-11-28,FHRS,False,52.9219826,-1.4790195,"17 Victoria Street, Derby, DE1 1ES"
2025-12-03,1896042,Arthitaya's Thai Flavours,Pub/bar/nightclub,The Miners Arms Ph,2 Mytchett Road,Mytchett,Camberley,GU16 6EZ,Surrey Heath,AwaitingInspection,,FHRS,False,51.2958285,-0.7273861,"The Miners Arms Ph, 2 Mytchett Road, Mytchett, Camberley, GU16 6EZ"
2025-12-03,1895924,Old House At Home,Pub/bar/nightclub,The Old House At Home,Tylney Lane,Newnham,Hook,RG27 9AH,Basingstoke and Deane,AwaitingInspection,,FHRS,False,51.2823376,-0.9897261,"The Old House At Home, Tylney Lane, Newnham, Hook, RG27 9AH"
2025-12-03,436541,The Rivelin Inn,Pub/bar/nightclub,,Tofts Lane,Stannington,Sheffield,S6  5SL,Sheffield,AwaitingInspection,,FHRS,False,53.385458,-1.542967,"Tofts Lane, Stannington, Sheffield, S6  5SL"
2025-12-03,1896006,Norbiton,Pub/bar/nightclub,16 Clifton Road,Kingston Upon Thames,,,KT2 6PW,Kingston-Upon-Thames,AwaitingInspection,,FHRS,False,51.4137411,-0.2889696,"16 Clifton Road, Kingston Upon Thames, KT2 6PW"
2025-12-03,1896001,The Beaver Inn,Pub/bar/nightclub,85 Irsha Street,Appledore,Bideford,Devon,EX39 1RY,Torridge,5,2025-11-27,FHRS,False,51.0568784,-4.1950096,"85 Irsha Street, Appledore, Bideford, Devon, EX39 1RY"
2025-12-03,1881132,Tipsy Books,Pub/bar/nightclub,Cafe Collective,9 Grenville Street,Bideford,Devon,EX39 2EA,Torridge,AwaitingInspection,,FHRS,False,51.0178088,-4.2072509,"Cafe Collective, 9 Grenville Street, Bideford, Devon, EX39 2EA"
2025-12-03,1896035,Paddy O'Bryn's Ltd,Pub/bar/nightclub,,9 High Street,Pontypridd,,CF37 1QJ,Rhondda Cynon Taf,AwaitingInspection,,FHRS,False,51.600126,-3.34112,"9 High Street, Pontypridd, CF37 1QJ"
2025-12-03,1896037,The Brigadoon Hotel,Pub/bar/nightclub,,92a Taff Street,Pontypridd,,CF37 4SR,Rhondda Cynon Taf,AwaitingInspection,,FHRS,False,51.6010142,-3.3407417,"92a Taff Street, Pontypridd, CF37 4SR"
2025-12-03,1896039,Tynewydd Hotel,Pub/bar/nightclub,,6 Scott Street,Tynewydd,Treherbert,CF42 5NA,Rhondda Cynon Taf,AwaitingInspection,,FHRS,False,51.67915,-3.545589,"6 Scott Street, Tynewydd, Treherbert, CF42 5NA"
2025-12-03,1896063,The griffin,Pub/bar/nightclub,8 Stone Street,Dudley,,,DY1 1NS,Dudley,AwaitingInspection,,FHRS,False,52.510399,-2.083881,"8 Stone Street, Dudley, DY1 1NS"
2025-12-03,1896058,The old bull's head,Pub/bar/nightclub,Old Bulls Head,1 Redhall Road,Lower Gornal,Dudley,DY3 2NU,Dudley,AwaitingInspection,,FHRS,False,52.517658,-2.1265387,"Old Bulls Head, 1 Redhall Road, Lower Gornal, Dudley, DY3 2NU"
2025-12-03,1896035,Paddy O'Bryn's Ltd,Pub/bar/nightclub,,9 High Street,Pontypridd,,CF37 1QJ,Rhondda Cynon Taf,AwaitingInspection,,FHRS,False,51.600126,-3.34112,"9 High Street, Pontypridd, CF37 1QJ"
2025-12-03,1896037,The Brigadoon Hotel,Pub/bar/nightclub,,92a Taff Street,Pontypridd,,CF37 4SR,Rhondda Cynon Taf,AwaitingInspection,,FHRS,False,51.6010142,-3.3407417,"92a Taff Street, Pontypridd, CF37 4SR"
2025-12-03,1896039,Tynewydd Hotel,Pub/bar/nightclub,,6 Scott Street,Tynewydd,Treherbert,CF42 5NA,Rhondda Cynon Taf,AwaitingInspection,,FHRS,False,51.67915,-3.545589,"6 Scott Street, Tynewydd, Treherbert, CF42 5NA"
2025-12-03,1896050,BALLROOM BAR,Pub/bar/nightclub,Students Union,Keele University,Keele Road,Newcastle under Lyme,ST5 5BJ,Newcastle-Under-Lyme,5,2025-10-22,FHRS,False,,,"Students Union, Keele University, Keele Road, Newcastle under Lyme, ST5 5BJ"
2025-12-03,741053,BLUEPRINT BAR,Pub/bar/nightclub,Student Union,Keele University,Keele Road,Newcastle under Lyme,ST5 5AE,Newcastle-Under-Lyme,5,2025-10-22,FHRS,False,,,"Student Union, Keele University, Keele Road, Newcastle under Lyme, ST5 5AE"
2025-12-03,1896049,V BAR,Pub/bar/nightclub,Students Union,Keele University,Keele Road,Newcastle under Lyme,ST5 5BJ,Newcastle-Under-Lyme,5,2025-10-22,FHRS,False,,,"Students Union, Keele University, Keele Road, Newcastle under Lyme, ST5 5BJ"
2025-12-04,701971,Builth Wells Cricket Club,Pub/bar/nightclub,Garth Road,Builth Wells,Powys,,LD2 3NH,Powys,AwaitingInspection,,FHRS,False,52.149805,-3.413209,"Garth Road, Builth Wells, Powys, LD2 3NH"
2025-12-04,560142,Knighton Bowling Club,Pub/bar/nightclub,Bowling Green,Church Road,Knighton,Powys,LD7 1DR,Powys,AwaitingInspection,,FHRS,False,52.343861,-3.046746,"Bowling Green, Church Road, Knighton, Powys, LD7 1DR"
2025-12-04,1896326,Llandrindod Wells Golf Club Bar,Pub/bar/nightclub,Llandrindod Wells Golf Club,Golf Links Road,Llandrindod Wells,Powys,LD1 5NY,Powys,AwaitingInspection,,FHRS,False,,,"Llandrindod Wells Golf Club, Golf Links Road, Llandrindod Wells, Powys, LD1 5NY"
2025-12-04,560162,Presteigne Bowling Club,Pub/bar/nightclub,24 Hereford Street,Presteigne,Powys,,LD8 2AS,Powys,AwaitingInspection,,FHRS,False,52.271767,-3.003131,"24 Hereford Street, Presteigne, Powys, LD8 2AS"
2025-12-04,1896233,Spires,Pub/bar/nightclub,2 High Street,Standish,Wigan,,WN6 0HL,Wigan,AwaitingInspection,,FHRS,False,53.5864301,-2.6637463,"2 High Street, Standish, Wigan, WN6 0HL"
2025-12-04,1896418,Bangor City Football Club Limited,Pub/bar/nightclub,Nantporth Stadium Holyhead Road Bangor Gwynedd,,,,LL57 2HQ,Gwynedd,5,2025-11-21,FHRS,False,53.2251313,-4.1495195,"Nantporth Stadium Holyhead Road Bangor Gwynedd, LL57 2HQ"
2025-12-04,1896414,Neuadd y Farchnad - Market Hall,Pub/bar/nightclub,Market Hall Stryd Y Plas,,Caernarfon,Gwynedd,LL55 1RR,Gwynedd,AwaitingInspection,,FHRS,True,53.140308380127,-4.27584791183472,"Market Hall Stryd Y Plas, Caernarfon, Gwynedd, LL55 1RR"
2025-12-04,1896413,The Stag Inn,Pub/bar/nightclub,Stag Inn Heol Y Bont,,Dolgellau,Gwynedd,LL40 1AU,Gwynedd,AwaitingInspection,,FHRS,False,52.7438583374023,-3.88539290428162,"Stag Inn Heol Y Bont, Dolgellau, Gwynedd, LL40 1AU"
2025-12-04,1896338,Deanes House,Pub/bar/nightclub,Church Street,Prescot,Knowsley,,L34 3LA,Knowsley,AwaitingInspection,,FHRS,False,53.428839,-2.806194,"Church Street, Prescot, Knowsley, L34 3LA"
2025-12-04,1896389,The Plough and Harrow Pub,Pub/bar/nightclub,The Plough And Harrow Forest Road,Newell Green Warfield,Bracknell,Bracknell Forest,RG42 6AE,Bracknell Forest,AwaitingInspection,,FHRS,False,,,"The Plough And Harrow Forest Road, Newell Green Warfield, Bracknell, Bracknell Forest, RG42 6AE"
2025-12-04,1896331,Prince Of Wales,Pub/bar/nightclub,Prince Of Wales 154 Mottingham Road,Mottingham,London,,SE9 4SP,Bromley,AwaitingInspection,,FHRS,False,51.4333495,0.0473127,"Prince Of Wales 154 Mottingham Road, Mottingham, London, SE9 4SP"
2025-12-04,1896349,The Thatched Cottage Inn,Pub/bar/nightclub,63-65 Charlton Road,Shepton Mallet,Somerset,,BA4 5QF,Somerset,AwaitingInspection,,FHRS,False,51.1864222,-2.5301132,"63-65 Charlton Road, Shepton Mallet, Somerset, BA4 5QF"
2025-12-04,1896404,Blackies Street Eats,Pub/bar/nightclub,Prescott Avenue,Brough,East Riding Of Yorkshire,,HU15 1BB,East Riding of Yorkshire,5,2025-11-21,FHRS,False,53.727803,-0.572588,"Prescott Avenue, Brough, East Riding Of Yorkshire, HU15 1BB"
2025-12-04,1896402,Boardroom Beverley,Pub/bar/nightclub,19-21 Flemingate,Beverley,East Riding Of Yorkshire,,HU17 0NP,East Riding of Yorkshire,5,2025-11-26,FHRS,False,,,"19-21 Flemingate, Beverley, East Riding Of Yorkshire, HU17 0NP"
2025-12-04,1896399,Hallgate Tavern,Pub/bar/nightclub,125-127 Hallgate,Cottingham,East Riding Of Yorkshire,,HU16 4DA,East Riding of Yorkshire,5,2025-11-06,FHRS,False,53.782033,-0.413098,"125-127 Hallgate, Cottingham, East Riding Of Yorkshire, HU16 4DA"
2025-12-04,1748203,Kirk Ella Cricket Club,Pub/bar/nightclub,53 Well Lane,Willerby,Hull,,HU10 6HB,East Riding of Yorkshire,5,2025-12-01,FHRS,False,53.7616916,-0.4424817,"53 Well Lane, Willerby, Hull, HU10 6HB"
2025-12-04,1805837,Echoes,Pub/bar/nightclub,6 GARDINER PLACE,,HENLEY-ON-THAMES,,RG9 2FG,South Oxfordshire,AwaitingPublication,,FHRS,False,51.5381876,-0.906335,"6 GARDINER PLACE, HENLEY-ON-THAMES, RG9 2FG"
2025-12-04,1896460,Black Lion,Pub/bar/nightclub,Black Lion Hotel Scotland Street,,Ellesmere,Shropshire,SY12 0EG,Shropshire,AwaitingInspection,,FHRS,False,52.9070853,-2.8944997,"Black Lion Hotel Scotland Street, Ellesmere, Shropshire, SY12 0EG"
2025-12-04,1896448,Natalie White – The Compasses,Pub/bar/nightclub,Compasses Inn 1 Corve Street,,Ludlow,Shropshire,SY8 1DA,Shropshire,AwaitingInspection,,FHRS,False,52.3689769,-2.718175,"Compasses Inn 1 Corve Street, Ludlow, Shropshire, SY8 1DA"
2025-12-04,1896441,The Stag,Pub/bar/nightclub,Stags Head Great Hales Street,,Market Drayton,Shropshire,TF9 1JP,Shropshire,5,2025-12-02,FHRS,False,52.9036653,-2.4828346,"Stags Head Great Hales Street, Market Drayton, Shropshire, TF9 1JP"
2025-12-04,1833700,Chalet - Outdoor Bar,Pub/bar/nightclub,ABBA Arena,1 Pudding Mill Lane,Stratford,London,E15 2RU,Newham,5,2024-10-18,FHRS,False,51.5331879,-0.0132889,"ABBA Arena, 1 Pudding Mill Lane, Stratford, London, E15 2RU"
2025-12-04,1414857,Cider House,Pub/bar/nightclub,Railway Arch 435,Avenue Road,Forest Gate,London,E7 0LB,Newham,4,2021-08-11,FHRS,False,,,"Railway Arch 435, Avenue Road, Forest Gate, London, E7 0LB"
2025-12-04,1368958,The Alexandra Public House,Pub/bar/nightclub,Princess Alexandra Public House,219 Barking Road,Canning Town,London,E16 4HH,Newham,2,2025-07-12,FHRS,False,51.5195485,0.0160496,"Princess Alexandra Public House, 219 Barking Road, Canning Town, London, E16 4HH"
2025-12-04,1896318,Huntsman of Little Wenlock,Pub/bar/nightclub,Salcombe Wellington Road,Little Wenlock,Telford,Shropshire,TF6 5BH,Telford and Wrekin Council,AwaitingInspection,,FHRS,False,52.6598605,-2.522735,"Salcombe Wellington Road, Little Wenlock, Telford, Shropshire, TF6 5BH"
2025-12-04,701971,Builth Wells Cricket Club,Pub/bar/nightclub,Garth Road,Builth Wells,Powys,,LD2 3NH,Powys,AwaitingInspection,,FHRS,False,52.149805,-3.413209,"Garth Road, Builth Wells, Powys, LD2 3NH"
2025-12-04,560142,Knighton Bowling Club,Pub/bar/nightclub,Bowling Green,Church Road,Knighton,Powys,LD7 1DR,Powys,AwaitingInspection,,FHRS,False,52.343861,-3.046746,"Bowling Green, Church Road, Knighton, Powys, LD7 1DR"
2025-12-04,1896326,Llandrindod Wells Golf Club Bar,Pub/bar/nightclub,Llandrindod Wells Golf Club,Golf Links Road,Llandrindod Wells,Powys,LD1 5NY,Powys,AwaitingInspection,,FHRS,False,,,"Llandrindod Wells Golf Club, Golf Links Road, Llandrindod Wells, Powys, LD1 5NY"
2025-12-04,560162,Presteigne Bowling Club,Pub/bar/nightclub,24 Hereford Street,Presteigne,Powys,,LD8 2AS,Powys,AwaitingInspection,,FHRS,False,52.271767,-3.003131,"24 Hereford Street, Presteigne, Powys, LD8 2AS"
2025-12-04,1896418,Bangor City Football Club Limited,Pub/bar/nightclub,Nantporth Stadium Holyhead Road Bangor Gwynedd,,,,LL57 2HQ,Gwynedd,5,2025-11-21,FHRS,False,53.2251313,-4.1495195,"Nantporth Stadium Holyhead Road Bangor Gwynedd, LL57 2HQ"
2025-12-04,1896414,Neuadd y Farchnad - Market Hall,Pub/bar/nightclub,Market Hall Stryd Y Plas,,Caernarfon,Gwynedd,LL55 1RR,Gwynedd,AwaitingInspection,,FHRS,True,53.140308380127,-4.27584791183472,"Market Hall Stryd Y Plas, Caernarfon, Gwynedd, LL55 1RR"
2025-12-04,1896413,The Stag Inn,Pub/bar/nightclub,Stag Inn Heol Y Bont,,Dolgellau,Gwynedd,LL40 1AU,Gwynedd,AwaitingInspection,,FHRS,False,52.7438583374023,-3.88539290428162,"Stag Inn Heol Y Bont, Dolgellau, Gwynedd, LL40 1AU"
2025-12-04,1896210,Marston Green Parish Hall,Pub/bar/nightclub,Church Hall,Elmdon Road,Marston Green,Solihull,B37 7BT,Solihull,5,2025-11-26,FHRS,False,52.4647288,-1.7453564,"Church Hall, Elmdon Road, Marston Green, Solihull, B37 7BT"
2025-12-04,1896374,Norfolk Arms,Pub/bar/nightclub,Norfolk Arms Hotel,2 Town Street,Marple Bridge,Stockport,SK6 5DS,Stockport,AwaitingInspection,,FHRS,False,53.401519,-2.053489,"Norfolk Arms Hotel, 2 Town Street, Marple Bridge, Stockport, SK6 5DS"
2025-12-04,1896345,The Badminton Arms,Pub/bar/nightclub,Badminton Road,Coalpit Heath,South Gloucestershire,,BS36 2QJ,South Gloucestershire,AwaitingInspection,,FHRS,True,51.5290794372559,-2.46588492393494,"Badminton Road, Coalpit Heath, South Gloucestershire, BS36 2QJ"
2025-12-05,1896531,Kings Head,Pub/bar/nightclub,The Kings Head,High Street,Cromer,Norfolk,NR27 9HG,North Norfolk,AwaitingInspection,,FHRS,False,,,"The Kings Head, High Street, Cromer, Norfolk, NR27 9HG"
2025-12-05,1428594,Hermitage,Pub/bar/nightclub,Hermitage Inn,8 Mill Street,Kingsbridge,,TQ7 1ED,South Hams,Exempt,,FHRS,False,50.283597,-3.777789,"Hermitage Inn, 8 Mill Street, Kingsbridge, TQ7 1ED"
2025-12-05,1896509,Saracens Head,Pub/bar/nightclub,45 High Street South,Dunstable,Bedfordshire,,LU6 3RZ,Central Bedfordshire,AwaitingInspection,,FHRS,False,51.885126,-0.519545,"45 High Street South, Dunstable, Bedfordshire, LU6 3RZ"
2025-12-05,1896485,The Ship,Pub/bar/nightclub,Unit 2 Building 2 At Greenwich Pier Cutty Sark Gardens,,Greenwich,,SE10 9HT,Greenwich,AwaitingInspection,,FHRS,False,51.4836699,-0.008772,"Unit 2 Building 2 At Greenwich Pier Cutty Sark Gardens, Greenwich, SE10 9HT"
2025-12-05,1896612,Egwins Private Members Club,Pub/bar/nightclub,117 High Street,Evesham,,,WR11 4EQ,Wychavon,3,2024-11-27,FHRS,False,52.097092,-1.947109,"117 High Street, Evesham, WR11 4EQ"
2025-12-05,686186,The Henrician,Pub/bar/nightclub,Prince Henrys High School,Victoria Avenue,Evesham,Worcestershire,WR11 4QH,Wychavon,5,2025-11-26,FHRS,False,52.098914,-1.941385,"Prince Henrys High School, Victoria Avenue, Evesham, Worcestershire, WR11 4QH"
2025-12-05,1896623,Queens Head,Pub/bar/nightclub,Wolverley Village,Wolverley,Worcestershire,,DY11 5XB,Wyre Forest,AwaitingInspection,,FHRS,False,52.412444,-2.253601,"Wolverley Village, Wolverley, Worcestershire, DY11 5XB"
2025-12-05,1896624,The Robin Hood,Pub/bar/nightclub,Drayton Road,Drayton,Belbroughton,Worcestershire,DY9 0BW,Wyre Forest,AwaitingInspection,,FHRS,False,,,"Drayton Road, Drayton, Belbroughton, Worcestershire, DY9 0BW"
2025-12-05,1896600,The Old Royal Library,Pub/bar/nightclub,2 Worcester Road,Malvern,Worcestershire,,WR14 4QW,Malvern Hills,AwaitingInspection,,FHRS,False,52.1119264,-2.3299678,"2 Worcester Road, Malvern, Worcestershire, WR14 4QW"
2025-12-05,1896734,Johnston's Bar,Pub/bar/nightclub,39-41 Main Street,Augher Tenements,Augher,Co. Tyrone,BT77 0BG,Mid Ulster,5,2025-11-13,FHRS,False,54.4284732,-7.131498,"39-41 Main Street, Augher Tenements, Augher, Co. Tyrone, BT77 0BG"
2025-12-05,1896628,BA Food & Events Co. Ltd,Pub/bar/nightclub,DOVE INN,,CORTON,,BA12 0SZ,Wiltshire,AwaitingInspection,,FHRS,False,51.1639907,-2.0948032,"DOVE INN, CORTON, BA12 0SZ"
2025-12-05,1896773,The Library,Pub/bar/nightclub,17 - 19 South Parade,Whitley Bay,Tyne And Wear,,NE26 2RE,North Tyneside,5,2025-11-19,FHRS,False,55.0425372,-1.4434895,"17 - 19 South Parade, Whitley Bay, Tyne And Wear, NE26 2RE"
2025-12-05,1896581,Greens Leeds,Pub/bar/nightclub,841 York Road,Leeds,,,LS14 6AA,Leeds,AwaitingInspection,,FHRS,False,53.8076507,-1.4693613,"841 York Road, Leeds, LS14 6AA"
2025-12-05,1896748,Bar Indigo,Pub/bar/nightclub,27-29 Church Street,Lismurnaghan,Ahoghill,Antrim,BT42 2PA,Mid and East Antrim,AwaitingInspection,,FHRS,False,54.849882,-6.366816,"27-29 Church Street, Lismurnaghan, Ahoghill, Antrim, BT42 2PA"
2025-12-06,1896902,The Wolf on the Corner,Pub/bar/nightclub,58 South Street,Eastbourne,East Sussex,,BN21 4XB,Eastbourne,AwaitingInspection,,FHRS,False,50.7659663,0.2813055,"58 South Street, Eastbourne, East Sussex, BN21 4XB"
2025-12-06,1877907,South Norwood And Woodside Social Club,Pub/bar/nightclub,Social Club,12 Enmore Road,South Norwood,London,SE25 5NQ,Croydon,AwaitingInspection,,FHRS,False,51.3932151794434,-0.0692699998617172,"Social Club, 12 Enmore Road, South Norwood, London, SE25 5NQ"
2025-12-06,1897082,Aylestone and District Conservative Club,Pub/bar/nightclub,204-206 Saffron Lane,Leicester,,,LE2 7NE,Leicester City,AwaitingInspection,,FHRS,False,52.6117893,-1.1362627,"204-206 Saffron Lane, Leicester, LE2 7NE"
2025-12-06,1896984,Three Oakes,Pub/bar/nightclub,63 Baneberry Road,Gloucester,,,GL4 6YR,Gloucester City,AwaitingInspection,,FHRS,False,51.8425555,-2.2272103,"63 Baneberry Road, Gloucester, GL4 6YR"
2025-12-06,1896892,Bostin Darts 180 Bar,Pub/bar/nightclub,1-2 Long Lane,,,Rowley Regis,B65 0HT,Sandwell,AwaitingInspection,,FHRS,False,52.4754403,-2.0380964,"1-2 Long Lane, Rowley Regis, B65 0HT"
2025-12-06,1896896,Kings Arms,Pub/bar/nightclub,9 Toll End Road,,,Tipton,DY4 0HP,Sandwell,AwaitingInspection,,FHRS,False,52.5348425,-2.0391005,"9 Toll End Road, Tipton, DY4 0HP"
2025-12-06,1896945,The Birkett Tap,Pub/bar/nightclub,,14-16 Baldwin Street,City Centre,Bristol,BS1 1SE,Bristol,AwaitingInspection,,FHRS,False,51.453196,-2.595727,"14-16 Baldwin Street, City Centre, Bristol, BS1 1SE"
2025-12-06,1897095,Scots Guards Association Club,Pub/bar/nightclub,2 Clifton Terrace,Edinburgh,,,EH12 5DR,Edinburgh (City of),Awaiting Inspection,,FHIS,False,55.9463777,-3.2174911,"2 Clifton Terrace, Edinburgh, EH12 5DR"
2025-12-06,1882386,Kings Arms,Pub/bar/nightclub,The Kings Arms,5 Market Square,St Just,Penzance,TR19 7HF,Cornwall,AwaitingInspection,,FHRS,True,50.124562,-5.679698,"The Kings Arms, 5 Market Square, St Just, Penzance, TR19 7HF"
2025-12-06,1876320,Mine Brewing Co. Taproom,Pub/bar/nightclub,4 Tregenna Hill,St Ives,Cornwall,,TR26 1SE,Cornwall,5,2025-12-01,FHRS,False,50.211117,-5.480372,"4 Tregenna Hill, St Ives, Cornwall, TR26 1SE"
2025-12-06,1876334,The Old Inn,Pub/bar/nightclub,Churchtown,Mullion,Helston,Cornwall,TR12 7HN,Cornwall,AwaitingInspection,,FHRS,True,50.027254,-5.242758,"Churchtown, Mullion, Helston, Cornwall, TR12 7HN"
2025-12-06,1897139,Waggonmakers Arms,Pub/bar/nightclub,Wagon Makers Arms,336 Tottington Road,Bury,,BL8 1TA,Bury,AwaitingInspection,,FHRS,False,53.6032621,-2.3220192,"Wagon Makers Arms, 336 Tottington Road, Bury, BL8 1TA"
2025-12-06,588279,Tally Ho,Pub/bar/nightclub,Main Street,,Winchburgh,,EH52 6TP,West Lothian,Awaiting Inspection,2025-10-27,FHIS,False,55.9602235,-3.4658271,"Main Street, Winchburgh, EH52 6TP"
2025-12-06,1897128,Cauldron,Pub/bar/nightclub,1 - 2 Clarence Gardens,Brighton,,,BN1 2EG,Brighton and Hove,AwaitingInspection,,FHRS,False,50.823787,-0.14857,"1 - 2 Clarence Gardens, Brighton, BN1 2EG"
2025-12-06,1897114,Planet Maxx Limited At Saint James Tavern,Pub/bar/nightclub,16 Madeira Place,Brighton,,,BN2 1TN,Brighton and Hove,AwaitingInspection,,FHRS,False,50.820404,-0.13435,"16 Madeira Place, Brighton, BN2 1TN"
2025-12-06,1897124,Roasts At The New Oak & Arments Pie And Mash,Pub/bar/nightclub,The County Oak,County Oak Avenue,Brighton,,BN1 8DJ,Brighton and Hove,AwaitingInspection,,FHRS,False,50.861769,-0.129061,"The County Oak, County Oak Avenue, Brighton, BN1 8DJ"
2025-12-06,1888887,The Lamb Inn,Pub/bar/nightclub,16 Loads Road,Holymoorside,Chesterfield,,S42 7EU,North East Derbyshire,AwaitingInspection,,FHRS,False,53.2200317,-1.4953251,"16 Loads Road, Holymoorside, Chesterfield, S42 7EU"
2025-12-06,1876603,The Three Cottages,Pub/bar/nightclub,229 Mansfield Road,Hasland,Chesterfield,,S41 0JJ,North East Derbyshire,5,2025-10-27,FHRS,False,53.214853,-1.395947,"229 Mansfield Road, Hasland, Chesterfield, S41 0JJ"
2025-12-06,1896923,The Farmers Arms,Pub/bar/nightclub,85 Wood Lane,Heskin,Chorley,,PR7 5NP,Chorley,AwaitingInspection,,FHRS,True,53.630409,-2.709728,"85 Wood Lane, Heskin, Chorley, PR7 5NP"
2025-12-06,1837941,Good Space Tap,Pub/bar/nightclub,68A Harbour Parade,Ramsgate,Kent,,CT11 8LN,Thanet,5,2025-05-07,FHRS,False,51.3322111,1.4220315,"68A Harbour Parade, Ramsgate, Kent, CT11 8LN"
2025-12-06,1897209,The Loddington Tap,Pub/bar/nightclub,Loddington Farm,Loddington Lane,Linton,Kent,ME17 4AG,Maidstone,AwaitingInspection,,FHRS,False,51.222615,0.523878,"Loddington Farm, Loddington Lane, Linton, Kent, ME17 4AG"
2025-12-09,1897275,King Head Syresham,Pub/bar/nightclub,2 Abbey Road,Syresham,,,NN13 5HW,West Northamptonshire,0,2025-10-28,FHRS,False,52.0683233,-1.0807911,"2 Abbey Road, Syresham, NN13 5HW"
2025-12-09,1540781,Kislingbury Bowls Club,Pub/bar/nightclub,Beech Lane,Kislingbury,,,NN7 4AL,West Northamptonshire,AwaitingInspection,,FHRS,False,,,"Beech Lane, Kislingbury, NN7 4AL"
2025-12-09,1815667,The Star Inn,Pub/bar/nightclub,Star Inn,Manor Road,Sulgrave,,OX17 2SA,West Northamptonshire,5,2025-03-27,FHRS,False,52.1056187,-1.1861739,"Star Inn, Manor Road, Sulgrave, OX17 2SA"
2025-12-09,1261807,Herberts Tavern Bar & Grill,Pub/bar/nightclub,King George V,Forge Road,Darlaston,Walsall,WS10 8QU,Walsall,AwaitingInspection,,FHRS,False,52.5683135986328,-2.04523611068726,"King George V, Forge Road, Darlaston, Walsall, WS10 8QU"
2025-12-09,1897358,Noah's Ark,Pub/bar/nightclub,Clarkes Lane,Willenhall,Walsall,West Midlands,WV13 1JB,Walsall,AwaitingInspection,,FHRS,False,,,"Clarkes Lane, Willenhall, Walsall, West Midlands, WV13 1JB"
2025-12-09,1897348,Railway Inn,Pub/bar/nightclub,10 Victoria Road,Pelsall,Walsall,West Midlands,WS3 4BH,Walsall,AwaitingInspection,,FHRS,False,52.6259464,-1.9654157,"10 Victoria Road, Pelsall, Walsall, West Midlands, WS3 4BH"
2025-12-09,1897409,The Pretty Bricks,Pub/bar/nightclub,5 John Street,Walsall,West Midlands,,WS2 8AF,Walsall,AwaitingInspection,,FHRS,False,52.591678,-1.984736,"5 John Street, Walsall, West Midlands, WS2 8AF"
2025-12-09,1897307,Walsall Arena and Arts Centre,Pub/bar/nightclub,Hawbush Road,Bloxwich,Walsall,West Midlands,WS3 1AG,Walsall,AwaitingInspection,,FHRS,False,52.60332826,-1.98612735,"Hawbush Road, Bloxwich, Walsall, West Midlands, WS3 1AG"
2025-12-09,1897575,The Honkytonk,Pub/bar/nightclub,3 Victoria Road,Old Town,Swindon,,SN1 3AJ,Swindon,AwaitingInspection,,FHRS,False,,,"3 Victoria Road, Old Town, Swindon, SN1 3AJ"
2025-12-09,1897574,Village Inn,Pub/bar/nightclub,Ramleaze Drive,Ramleaze,Swindon,,SN5 5PY,Swindon,AwaitingInspection,,FHRS,False,51.567811,-1.837365,"Ramleaze Drive, Ramleaze, Swindon, SN5 5PY"
2025-12-09,1897428,The Bear Free House,Pub/bar/nightclub,8 - 10 Clifton Road,,Littlehampton,West Sussex,BN17 5AS,Arun,AwaitingInspection,,FHRS,False,50.8088026,-0.5416263,"8 - 10 Clifton Road, Littlehampton, West Sussex, BN17 5AS"
2025-12-09,1897427,The Claremont,Pub/bar/nightclub,The Claremont Scott Street,,Bognor Regis,West Sussex,PO21 1UH,Arun,AwaitingInspection,,FHRS,False,50.7824211120605,-0.68010801076889,"The Claremont Scott Street, Bognor Regis, West Sussex, PO21 1UH"
2025-12-09,1897513,The Hill,Pub/bar/nightclub,Hill,The Hill,45-47 Dartmouth Road,London,SE23 3HN,Lewisham,5,2025-11-04,FHRS,False,51.4376607,-0.0542935,"Hill, The Hill, 45-47 Dartmouth Road, London, SE23 3HN"
2025-12-09,1599791,The Summerfield Pub,Pub/bar/nightclub,60 Baring Road,London,,,SE12 0PS,Lewisham,3,2024-08-12,FHRS,False,51.443195,0.014717,"60 Baring Road, London, SE12 0PS"
2025-12-09,1897463,The Black Lion,Pub/bar/nightclub,Marlow Road,Bourne End,Buckinghamshire,,SL8 5PL,Buckinghamshire,5,2025-11-21,FHRS,False,,,"Marlow Road, Bourne End, Buckinghamshire, SL8 5PL"
2025-12-09,1897477,The Rose Club Marlow CIC,Pub/bar/nightclub,The Royal British Legion Club,Station Approach,Marlow,Buckinghamshire,SL7 1NT,Buckinghamshire,AwaitingInspection,,FHRS,False,51.571037,-0.767322,"The Royal British Legion Club, Station Approach, Marlow, Buckinghamshire, SL7 1NT"
2025-12-09,1897472,UNDICI,Pub/bar/nightclub,11 The Broadway,Amersham,Buckinghamshire,,HP7 0HL,Buckinghamshire,AwaitingInspection,,FHRS,False,51.666318,-0.6148582,"11 The Broadway, Amersham, Buckinghamshire, HP7 0HL"
2025-12-09,1897602,Blue Bell Cider House,Pub/bar/nightclub,Blue Bell Inn,Warings Green Road,Hockley Heath,Solihull,B94 6BP,Stratford-on-Avon,AwaitingInspection,,FHRS,False,,,"Blue Bell Inn, Warings Green Road, Hockley Heath, Solihull, B94 6BP"
2025-12-09,499966,The Pub at Etton,Pub/bar/nightclub,34 Main Street,Etton,Beverley,,HU17 7PQ,East Riding of Yorkshire,AwaitingInspection,,FHRS,False,53.878012,-0.51606,"34 Main Street, Etton, Beverley, HU17 7PQ"
2025-12-09,1897293,The Blue Bell Wetherspoon,Pub/bar/nightclub,Cookhouse And Pub,Edmund Road,Holystone,Newcastle Upon Tyne,NE27 0UN,North Tyneside,5,2025-12-03,FHRS,False,55.0274764,-1.5234835,"Cookhouse And Pub, Edmund Road, Holystone, Newcastle Upon Tyne, NE27 0UN"
2025-12-10,108858,Royal Oak Hotel,Pub/bar/nightclub,,73 Main Street,Hornby,Lancaster,LA2 8JY,Lancaster City,AwaitingInspection,,FHRS,False,54.112385,-2.637448,"73 Main Street, Hornby, Lancaster, LA2 8JY"
2025-12-10,1897642,Upton Social Club,Pub/bar/nightclub,46-48 Upton Road Torquay,,,,TQ1 4AX,Torbay,4,2025-06-27,FHRS,False,50.4751749,-3.5358696,"46-48 Upton Road Torquay, TQ1 4AX"
2025-12-10,1898798,Saracens Head,Pub/bar/nightclub,,235 Sandon Road,Meir,Stoke-On-Trent,ST3 7BL,Stoke-On-Trent,AwaitingInspection,,FHRS,False,52.9674989,-2.1069519,"235 Sandon Road, Meir, Stoke-On-Trent, ST3 7BL"
2025-12-10,1898797,The Cuckoo,Pub/bar/nightclub,,Barlaston Road,Blurton,Stoke-On-Trent,ST3 3LD,Stoke-On-Trent,AwaitingInspection,,FHRS,False,52.96942,-2.151448,"Barlaston Road, Blurton, Stoke-On-Trent, ST3 3LD"
2025-12-10,1898796,The Pool Dole,Pub/bar/nightclub,,Fenpark Road,Fenton,Stoke-On-Trent,ST4 2PA,Stoke-On-Trent,AwaitingInspection,,FHRS,False,53.000831,-2.141216,"Fenpark Road, Fenton, Stoke-On-Trent, ST4 2PA"
2025-12-10,359277,Masons,Pub/bar/nightclub,,3 Church Street,,Luton,LU1 3JE,Luton,AwaitingInspection,,FHRS,False,51.878894,-0.411878,"3 Church Street, Luton, LU1 3JE"
2025-12-10,78590,The Rock Inn t/a 3 Flavours Kitchen,Pub/bar/nightclub,,,Waterrow Taunton,Somerset,TA4 2AX,Somerset,4,2025-10-03,FHRS,False,51.0204620361328,-3.3547477722168,"Waterrow Taunton, Somerset, TA4 2AX"
2025-12-10,418480,Eaton Socon Sports Association,Pub/bar/nightclub,Eaton Socon Sports Club River Road,,Eaton Ford,Cambridgeshire,PE19 7AU,Huntingdonshire,5,2018-06-28,FHRS,False,52.2245621,-0.2789276,"Eaton Socon Sports Club River Road, Eaton Ford, Cambridgeshire, PE19 7AU"
2025-12-10,748576,Huntingdon Boat Club,Pub/bar/nightclub,Huntingdon Rowing Club Huntingdon Rowing Club Hartford Road,,Huntingdon,Cambridgeshire,PE29 3RP,Huntingdonshire,4,2019-11-18,FHRS,False,,,"Huntingdon Rowing Club Huntingdon Rowing Club Hartford Road, Huntingdon, Cambridgeshire, PE29 3RP"
2025-12-10,1898639,The Crown and Pipes,Pub/bar/nightclub,Public House Crown And Pipes 14 High Street,,Fenstanton,Cambridgeshire,PE28 9LQ,Huntingdonshire,AwaitingInspection,,FHRS,False,52.2982342,-0.0714848,"Public House Crown And Pipes 14 High Street, Fenstanton, Cambridgeshire, PE28 9LQ"
2025-12-10,1897660,The Woodman,Pub/bar/nightclub,Public House,128 Bourne Hill,LONDON,,N13 4BD,Enfield,AwaitingInspection,,FHRS,False,51.628696,-0.116939,"Public House, 128 Bourne Hill, LONDON, N13 4BD"
2025-12-10,1898809,The Pig And Pickle,Pub/bar/nightclub,The Amherst Inn,Sevenoaks Road,Seal Chart,Sevenoaks,TN15 0HB,Tonbridge and Malling,AwaitingInspection,,FHRS,False,51.2784051,0.2591716,"The Amherst Inn, Sevenoaks Road, Seal Chart, Sevenoaks, TN15 0HB"
2025-12-10,1898612,Chequers Country Inn,Pub/bar/nightclub,The Chequers Country Inn,Main Street,Ullesthorpe,Leicestershire,LE17 5BT,Harborough,AwaitingInspection,,FHRS,False,52.484974,-1.256608,"The Chequers Country Inn, Main Street, Ullesthorpe, Leicestershire, LE17 5BT"
2025-12-10,1898619,The Old Royal Oak,Pub/bar/nightclub,Old Royal Oak,Valley Lane,Bitteswell,Leicestershire,LE17 4SA,Harborough,AwaitingInspection,,FHRS,False,52.4671517,-1.2114314,"Old Royal Oak, Valley Lane, Bitteswell, Leicestershire, LE17 4SA"
2025-12-10,1881871,The Rose And Crown,Pub/bar/nightclub,Rose And Crown Public House,Main Street,Thurnby,Leicestershire,LE7 9PJ,Harborough,5,2025-11-18,FHRS,False,52.628724,-1.043522,"Rose And Crown Public House, Main Street, Thurnby, Leicestershire, LE7 9PJ"
2025-12-10,1897692,Upnor Sailing Club,Pub/bar/nightclub,1 - 3 Upnor Road,Upnor,Rochester,Medway,ME2 4UY,Medway,AwaitingInspection,,FHRS,False,,,"1 - 3 Upnor Road, Upnor, Rochester, Medway, ME2 4UY"
2025-12-10,1898625,The Old Toll House,Pub/bar/nightclub,246 Hatfield Road,St Albans,Hertfordshire,,AL1 4UN,St Albans City,5,2025-06-14,FHRS,False,51.7518305,-0.3102387,"246 Hatfield Road, St Albans, Hertfordshire, AL1 4UN"
2025-12-10,1898626,The Silver Cup,Pub/bar/nightclub,5 St Albans Road,Harpenden,Hertfordshire,,AL5 2JF,St Albans City,5,2025-10-24,FHRS,False,51.8118449,-0.3540838,"5 St Albans Road, Harpenden, Hertfordshire, AL5 2JF"
2025-12-10,1898635,Le Savoir Bar,Pub/bar/nightclub,6 - 7 Bennington Street,Cheltenham,Gloucestershire,,GL50 4ED,Cheltenham,AwaitingInspection,,FHRS,False,51.9020515,-2.0754522,"6 - 7 Bennington Street, Cheltenham, Gloucestershire, GL50 4ED"
2025-12-10,1197045,Squiffy Squirrel Inns Ltd,Pub/bar/nightclub,,1 Milnrow Road,Shaw,Oldham,OL2 8AP,Oldham,5,2019-10-03,FHRS,False,53.57808,-2.0932953,"1 Milnrow Road, Shaw, Oldham, OL2 8AP"
2025-12-10,1897934,21 High Street,Pub/bar/nightclub,21 The High Street 21 High Street,,,Tadcaster,LS24 9AP,North Yorkshire,1,2025-02-26,FHRS,False,53.8832902,-1.2624068,"21 The High Street 21 High Street, Tadcaster, LS24 9AP"
2025-12-10,1897896,Abbey Vaults,Pub/bar/nightclub,Abbey Vaults James Street,,,Selby,YO8 4PY,North Yorkshire,5,2025-10-16,FHRS,False,,,"Abbey Vaults James Street, Selby, YO8 4PY"
2025-12-10,1898573,Ake & Humphris Wine Merchants,Pub/bar/nightclub,20 Oxford Street,,,Harrogate,HG1 1PU,North Yorkshire,AwaitingInspection,,FHRS,False,53.9941187,-1.5406231,"20 Oxford Street, Harrogate, HG1 1PU"
2025-12-10,1897864,Andrea Reynard,Pub/bar/nightclub,Crown Inn Main Street,,,Selby,YO8 6QE,North Yorkshire,5,2025-01-16,FHRS,False,,,"Crown Inn Main Street, Selby, YO8 6QE"
2025-12-10,1880004,Bacchus,Pub/bar/nightclub,7 Ramshill Road,,,Scarborough,YO11 2LN,North Yorkshire,5,2023-01-11,FHRS,False,54.2741367,-0.4030357,"7 Ramshill Road, Scarborough, YO11 2LN"
2025-12-10,1898212,Bay Horse Hotel,Pub/bar/nightclub,The Bay Horse Hotel 57 Micklegate,,,Selby,YO8 4EA,North Yorkshire,5,2025-05-30,FHRS,False,,,"The Bay Horse Hotel 57 Micklegate, Selby, YO8 4EA"
2025-12-10,1897961,Bay Horse Inn,Pub/bar/nightclub,Bay Horse Inn Main Street,,,Goole,DN14 0BQ,North Yorkshire,4,2025-03-19,FHRS,False,,,"Bay Horse Inn Main Street, Goole, DN14 0BQ"
2025-12-10,1897758,Bentham Club Ltd,Pub/bar/nightclub,40 Main Street,,,High Bentham,LA2 7HN,North Yorkshire,AwaitingInspection,,FHRS,False,54.118349,-2.5118671,"40 Main Street, High Bentham, LA2 7HN"
2025-12-10,1898082,Black Swan,Pub/bar/nightclub,Black Swan Church Hill,,,Wistow,YO8 3UU,North Yorkshire,4,2024-10-29,FHRS,True,,,"Black Swan Church Hill, Wistow, YO8 3UU"
2025-12-10,1898114,Byram Park Social Club & Institiute,Pub/bar/nightclub,Byram Park Social Club & Institiute Old Great North Road,,,Brotherton,WF11 9FF,North Yorkshire,4,2025-10-03,FHRS,False,,,"Byram Park Social Club & Institiute Old Great North Road, Brotherton, WF11 9FF"
2025-12-10,1880574,Conservative Club,Pub/bar/nightclub,24 Belle Vue Street,,,Filey,YO14 9HY,North Yorkshire,5,2016-02-09,FHRS,False,54.2083915,-0.2880687,"24 Belle Vue Street, Filey, YO14 9HY"
2025-12-10,1897867,Cricketers Arms,Pub/bar/nightclub,Cricketers Arms Market Place,,,Selby,YO8 4PB,North Yorkshire,5,2023-11-06,FHRS,False,53.7838087,-1.0695596,"Cricketers Arms Market Place, Selby, YO8 4PB"
2025-12-10,1898268,Crooked Billet,Pub/bar/nightclub,Crooked Billet Wakefield Road,,,Tadcaster,LS24 9QN,North Yorkshire,5,2024-11-26,FHRS,False,53.8245601,-1.2965859,"Crooked Billet Wakefield Road, Tadcaster, LS24 9QN"
2025-12-10,1898482,De Lacy Social Club,Pub/bar/nightclub,Rally House Old Great North Road,,,Brotherton,WF11 9EY,North Yorkshire,5,2024-02-23,FHRS,False,,,"Rally House Old Great North Road, Brotherton, WF11 9EY"
2025-12-10,1880069,Delmont Social Club,Pub/bar/nightclub,38 New Queen Street,,,Scarborough,YO12 7HJ,North Yorkshire,5,2020-06-09,FHRS,False,54.2869671,-0.3992677,"38 New Queen Street, Scarborough, YO12 7HJ"
2025-12-10,1898564,Downe Arms Inn,Pub/bar/nightclub,High Street,,,Whitby,YO21 2EE,North Yorkshire,AwaitingInspection,,FHRS,False,54.46326843,-0.94295838,"High Street, Whitby, YO21 2EE"
2025-12-10,1898032,Drax Sports & Social Club,Pub/bar/nightclub,Drax Sports & Social Club New Road,,,Drax,YO8 4JP,North Yorkshire,5,2025-05-08,FHRS,False,,,"Drax Sports & Social Club New Road, Drax, YO8 4JP"
2025-12-10,1879291,E Casino,Pub/bar/nightclub,Grosvenor E Casino 26 Newborough,,,Scarborough,YO11 1NA,North Yorkshire,5,2019-02-28,FHRS,False,54.28284561,-0.39858336,"Grosvenor E Casino 26 Newborough, Scarborough, YO11 1NA"
2025-12-10,1879898,Eastway Sports & Social Club,Pub/bar/nightclub,Eastfield Sports And Social Club Eastway,,,Scarborough,YO11 3LT,North Yorkshire,5,2019-03-04,FHRS,False,54.2412853,-0.3922575,"Eastfield Sports And Social Club Eastway, Scarborough, YO11 3LT"
2025-12-10,1897865,Elmete Social Club,Pub/bar/nightclub,Elmete Social Club Low Street,,,Sherburn In Elmet,LS25 6BG,North Yorkshire,5,2025-04-14,FHRS,False,,,"Elmete Social Club Low Street, Sherburn In Elmet, LS25 6BG"
2025-12-10,1880453,Employees Welfare Club,Pub/bar/nightclub,Dean Road Dean Road,,,Scarborough,YO12 7QS,North Yorkshire,5,2022-11-11,FHRS,False,,,"Dean Road Dean Road, Scarborough, YO12 7QS"
2025-12-10,1898486,Escrick & Deighton Club,Pub/bar/nightclub,Escrick & Deighton Club Main Street,,,Escrick,YO19 6LQ,North Yorkshire,5,2025-07-04,FHRS,False,,,"Escrick & Deighton Club Main Street, Escrick, YO19 6LQ"
2025-12-10,1880699,Filey Sailing Club,Pub/bar/nightclub,Arndale Landing Coble Landing,,,Filey,YO14 9LF,North Yorkshire,5,2025-09-30,FHRS,False,,,"Arndale Landing Coble Landing, Filey, YO14 9LF"
2025-12-10,1879582,Filey Sports Bar And Lounge,Pub/bar/nightclub,Filey Snooker Centre Station Avenue,,,Filey,YO14 9AQ,North Yorkshire,4,2024-11-06,FHRS,False,,,"Filey Snooker Centre Station Avenue, Filey, YO14 9AQ"
2025-12-10,1898181,George & Dragon Inn,Pub/bar/nightclub,George & Dragon Inn Doncaster Road,,,Whitley,DN14 0HY,North Yorkshire,5,2025-06-19,FHRS,False,53.685622,-1.1521787,"George & Dragon Inn Doncaster Road, Whitley, DN14 0HY"
2025-12-10,1897963,Grey Horse Inn,Pub/bar/nightclub,Grey Horse Inn Main Street,,,York,YO19 6RG,North Yorkshire,5,2025-10-06,FHRS,False,,,"Grey Horse Inn Main Street, York, YO19 6RG"
2025-12-10,1898143,Hardeep Singh,Pub/bar/nightclub,Carlton Towers Cricket Club High Street,,,Carlton,DN14 9LW,North Yorkshire,5,2025-07-09,FHRS,False,,,"Carlton Towers Cricket Club High Street, Carlton, DN14 9LW"
2025-12-10,1898157,Hare & Hounds,Pub/bar/nightclub,Hare & Hounds Silver Street,,,Riccall,YO19 6PA,North Yorkshire,4,2025-04-08,FHRS,False,,,"Hare & Hounds Silver Street, Riccall, YO19 6PA"
2025-12-10,1879681,Home Guard Club,Pub/bar/nightclub,Home Guard Club Sherwood Street,,,Scarborough,YO11 1SR,North Yorkshire,5,2023-01-06,FHRS,False,,,"Home Guard Club Sherwood Street, Scarborough, YO11 1SR"
2025-12-10,1898361,Horse & Jockey,Pub/bar/nightclub,Horse & Jockey Weeland Road,,,Eggborough,DN14 0RX,North Yorkshire,5,2025-10-17,FHRS,False,53.7056233,-1.1487019,"Horse & Jockey Weeland Road, Eggborough, DN14 0RX"
2025-12-10,1898448,Howden Arms,Pub/bar/nightclub,Howden Arms 40 High Street,,,Tadcaster,LS24 9AT,North Yorkshire,5,2025-04-02,FHRS,False,53.8831907,-1.2637625,"Howden Arms 40 High Street, Tadcaster, LS24 9AT"
2025-12-10,1898213,JAM PUB CO LTD,Pub/bar/nightclub,JAM PUB CO LTD Silver Street,,,Fairburn,WF11 9JA,North Yorkshire,4,2025-01-09,FHRS,False,,,"JAM PUB CO LTD Silver Street, Fairburn, WF11 9JA"
2025-12-10,1898508,Jenny Wren,Pub/bar/nightclub,Jenny Wren Main Street,,,Beal,DN14 0SS,North Yorkshire,5,2025-01-28,FHRS,False,,,"Jenny Wren Main Street, Beal, DN14 0SS"
2025-12-10,1898267,Jolly Sailor Inn,Pub/bar/nightclub,Jolly Sailor Inn 5 Market Place,,,Selby,YO8 3SR,North Yorkshire,3,2025-07-11,FHRS,False,53.8326992,-1.1299013,"Jolly Sailor Inn 5 Market Place, Selby, YO8 3SR"
2025-12-10,1898003,Jordan Chapman,Pub/bar/nightclub,Coach And Horses 16 Commercial Street,,,Tadcaster,LS24 8AA,North Yorkshire,5,2025-09-18,FHRS,False,53.8856758,-1.2586376,"Coach And Horses 16 Commercial Street, Tadcaster, LS24 8AA"
2025-12-10,1898260,Jug Inn,Pub/bar/nightclub,Jug Inn Hirst Road,,,Selby,YO8 8QQ,North Yorkshire,5,2025-09-25,FHRS,False,53.7290211,-1.1214617,"Jug Inn Hirst Road, Selby, YO8 8QQ"
2025-12-10,1897933,Kings Arms,Pub/bar/nightclub,Kings Arms Main Street,,,North Duffield,YO8 5RG,North Yorkshire,5,2025-04-11,FHRS,False,,,"Kings Arms Main Street, North Duffield, YO8 5RG"
2025-12-10,1898449,La Anchor,Pub/bar/nightclub,La Anchor Main Street,,,Goole,DN14 0QZ,North Yorkshire,5,2025-01-30,FHRS,False,,,"La Anchor Main Street, Goole, DN14 0QZ"
2025-12-10,1897767,Malton Rackets Club,Pub/bar/nightclub,Malton Tennis Bowls And Squash Club Old Maltongate,,,Malton,YO17 7EG,North Yorkshire,AwaitingInspection,,FHRS,False,,,"Malton Tennis Bowls And Squash Club Old Maltongate, Malton, YO17 7EG"
2025-12-10,1898218,Manor Farm Youth Centre,Pub/bar/nightclub,Manor Farm Youth Centre St Josephs Street,,,Tadcaster,LS24 9HA,North Yorkshire,Exempt,,FHRS,False,,,"Manor Farm Youth Centre St Josephs Street, Tadcaster, LS24 9HA"
2025-12-10,1879933,Masonic Hall,Pub/bar/nightclub,Masonic Lodge 14 St Nicholas Cliff,,,Scarborough,YO11 2ES,North Yorkshire,5,2018-01-22,FHRS,False,54.2805238,-0.3993636,"Masonic Lodge 14 St Nicholas Cliff, Scarborough, YO11 2ES"
2025-12-10,1898133,Mr Jonathan Seaton,Pub/bar/nightclub,Ferry Inn 2 King Street,,,Selby,YO8 3TL,North Yorkshire,4,2024-02-20,FHRS,False,53.8336465,-1.1291524,"Ferry Inn 2 King Street, Selby, YO8 3TL"
2025-12-10,1898265,Nelson Inn,Pub/bar/nightclub,Nelson Inn Ousegate,,,Selby,YO8 8BL,North Yorkshire,5,2025-03-19,FHRS,False,,,"Nelson Inn Ousegate, Selby, YO8 8BL"
2025-12-10,1898444,Oddfellows Arms,Pub/bar/nightclub,Oddfellows Arms 40 Low Street,,,Leeds,LS25 6BA,North Yorkshire,5,2023-11-07,FHRS,False,53.7959379,-1.2513385,"Oddfellows Arms 40 Low Street, Leeds, LS25 6BA"
2025-12-10,1898177,Olympia Hotel,Pub/bar/nightclub,Olympia Hotel Barlby Road,,,Barlby,YO8 7AB,North Yorkshire,4,2025-06-12,FHRS,False,,,"Olympia Hotel Barlby Road, Barlby, YO8 7AB"
2025-12-10,1880637,Owners Lounge,Pub/bar/nightclub,Primrose Valley Holiday Village Primrose Avenue,,,Filey,YO14 9RF,North Yorkshire,5,2018-11-01,FHRS,False,54.1892846,-0.2831257,"Primrose Valley Holiday Village Primrose Avenue, Filey, YO14 9RF"
2025-12-10,1898234,Queen O'Towd Thatch,Pub/bar/nightclub,Queen O'Towd Thatch High Street,,,South Milford,LS25 5AQ,North Yorkshire,4,2025-08-28,FHRS,False,,,"Queen O'Towd Thatch High Street, South Milford, LS25 5AQ"
2025-12-10,1897757,Quoits And Social Club,Pub/bar/nightclub,Social Club East Layton Village Streets,,,East Layton,DL11 7PE,North Yorkshire,AwaitingInspection,,FHRS,False,54.4834391,-1.7478362,"Social Club East Layton Village Streets, East Layton, DL11 7PE"
2025-12-10,1898245,Red Lion Inn,Pub/bar/nightclub,Red Lion Inn Main Road,,,Hambleton,YO8 9JL,North Yorkshire,5,2025-05-06,FHRS,False,,,"Red Lion Inn Main Road, Hambleton, YO8 9JL"
2025-12-10,1898529,Richard III Hotel,Pub/bar/nightclub,Richard III Hotel Market Place,,,Middleham,DL8 4NP,North Yorkshire,AwaitingInspection,,FHRS,False,,,"Richard III Hotel Market Place, Middleham, DL8 4NP"
2025-12-10,1880502,Runswick Bay Beach And Sailing Club,Pub/bar/nightclub,Runswick Bay Runswick Bay,,,Runswick Bay,TS13 5HT,North Yorkshire,4,2019-03-29,FHRS,False,,,"Runswick Bay Runswick Bay, Runswick Bay, TS13 5HT"
2025-12-10,1898503,Sam & Jay Limited,Pub/bar/nightclub,The Greyhound 82 Main Street,,,York,YO19 6TE,North Yorkshire,5,2022-05-25,FHRS,False,53.8342057,-1.0579353,"The Greyhound 82 Main Street, York, YO19 6TE"
2025-12-10,1897837,Scalm Park Leisure,Pub/bar/nightclub,Scalm Park Leisure Golf Driving Range,,,Wistow,YO8 3RD,North Yorkshire,5,2025-07-11,FHRS,False,53.789342,-1.1451876,"Scalm Park Leisure Golf Driving Range, Wistow, YO8 3RD"
2025-12-10,1878815,Scarborough And District Contract Bridge Club,Pub/bar/nightclub,Forge House 3 West Street,,,Scarborough,YO11 2QL,North Yorkshire,5,2019-03-19,FHRS,False,54.2741899,-0.4022965,"Forge House 3 West Street, Scarborough, YO11 2QL"
2025-12-10,1879122,Scarborough Railway Club,Pub/bar/nightclub,Scarborough Railwaymens Social Club Westborough,,,Scarborough,YO11 1TN,North Yorkshire,5,2025-02-26,FHRS,False,54.2796609,-0.4061554,"Scarborough Railwaymens Social Club Westborough, Scarborough, YO11 1TN"
2025-12-10,1879429,Scarborough Snooker Centre,Pub/bar/nightclub,Scarborough Snooker Centre Queen Street,,,Scarborough,YO11 1HQ,North Yorkshire,5,2022-08-16,FHRS,False,,,"Scarborough Snooker Centre Queen Street, Scarborough, YO11 1HQ"
2025-12-10,1880710,Scarborough Sub Aqua Club,Pub/bar/nightclub,St Marys Street,,,Scarborough,YO11 1QW,North Yorkshire,5,2023-02-01,FHRS,False,54.2847687,-0.3930324,"St Marys Street, Scarborough, YO11 1QW"
2025-12-10,1898137,Selby Bowling Club Ltd,Pub/bar/nightclub,Selby Bowling Club Ltd Baffam Lane,,,Brayton,YO8 9AX,North Yorkshire,5,2025-02-19,FHRS,False,,,"Selby Bowling Club Ltd Baffam Lane, Brayton, YO8 9AX"
2025-12-10,1898436,Shoulder of Mutton,Pub/bar/nightclub,Shoulder of Mutton Main Street,,,Kirk Smeaton,WF8 3JY,North Yorkshire,4,2025-06-03,FHRS,False,,,"Shoulder of Mutton Main Street, Kirk Smeaton, WF8 3JY"
2025-12-10,1880158,South Cliff Club,Pub/bar/nightclub,5 West Street,,,Scarborough,,North Yorkshire,5,2023-01-06,FHRS,False,,,"5 West Street, Scarborough"
2025-12-10,1879511,South Cliff Recreation Club,Pub/bar/nightclub,8 Filey Road,,,Scarborough,YO11 2SD,North Yorkshire,5,2022-12-02,FHRS,False,54.2661607,-0.3973553,"8 Filey Road, Scarborough, YO11 2SD"
2025-12-10,1898481,South Milford Royal British Legion,Pub/bar/nightclub,Low Street,South Milford,,Leeds,LS25 5AT,North Yorkshire,5,2025-03-18,FHRS,False,53.7764767,-1.24828395,"Low Street, South Milford, Leeds, LS25 5AT"
2025-12-10,1898492,South Yorkshire Boat Club,Pub/bar/nightclub,South Yorkshire Boat Club Heck Lane,,,Goole,DN14 0BL,North Yorkshire,5,2025-05-30,FHRS,False,53.6801699,-1.1168844,"South Yorkshire Boat Club Heck Lane, Goole, DN14 0BL"
2025-12-10,1879099,Staithes Athletic And Social Club,Pub/bar/nightclub,Staithes Athletic Club Seaton Crescent,,,Staithes,TS13 5AY,North Yorkshire,5,2017-08-30,FHRS,False,54.5527384,-0.7931989,"Staithes Athletic Club Seaton Crescent, Staithes, TS13 5AY"
2025-12-10,1897917,Suzanne Parker,Pub/bar/nightclub,Fox And Pheasant Main Street,,,Hemingbrough,YO8 6QE,North Yorkshire,5,2025-04-11,FHRS,False,,,"Fox And Pheasant Main Street, Hemingbrough, YO8 6QE"
2025-12-10,1897990,Swan Hotel,Pub/bar/nightclub,Swan Hotel 1 Low Street,,,Leeds,LS25 5AR,North Yorkshire,3,2024-12-05,FHRS,False,53.7795443,-1.2471838,"Swan Hotel 1 Low Street, Leeds, LS25 5AR"
2025-12-10,1897809,Swan Inn,Pub/bar/nightclub,Swan Inn Doncaster Road,,,Selby,YO8 9EG,North Yorkshire,4,2024-10-18,FHRS,False,,,"Swan Inn Doncaster Road, Selby, YO8 9EG"
2025-12-10,1898431,Tadcaster Magnet Sports & Soc. Club,Pub/bar/nightclub,Tadcaster Magnet Sports & Soc Club Street,,,Tadcaster,LS24 9HD,North Yorkshire,5,2025-06-11,FHRS,False,,,"Tadcaster Magnet Sports & Soc Club Street, Tadcaster, LS24 9HD"
2025-12-10,1898518,Tadcaster Social Club,Pub/bar/nightclub,Tadcaster Social Club Ltd 49 Chapel Street,,,Tadcaster,LS24 9AS,North Yorkshire,5,2025-06-20,FHRS,False,53.8847307,-1.264268,"Tadcaster Social Club Ltd 49 Chapel Street, Tadcaster, LS24 9AS"
2025-12-10,1898175,The Baize Lounge,Pub/bar/nightclub,The Baize Lounge The Crescent,,,Selby,YO8 4PU,North Yorkshire,5,2023-03-10,FHRS,False,,,"The Baize Lounge The Crescent, Selby, YO8 4PU"
2025-12-10,1898500,The Blackamoor Head Hotel,Pub/bar/nightclub,The Blackamoor Head Hotel Finkle Street,,,Selby,YO8 4DS,North Yorkshire,5,2025-05-30,FHRS,False,,,"The Blackamoor Head Hotel Finkle Street, Selby, YO8 4DS"
2025-12-10,1898493,The Fenton Flyer,Pub/bar/nightclub,The Fenton Flyer Main Street,,,Church Fenton,LS24 9RF,North Yorkshire,5,2025-04-07,FHRS,False,,,"The Fenton Flyer Main Street, Church Fenton, LS24 9RF"
2025-12-10,1898480,The Greyhound Inn,Pub/bar/nightclub,Greyhound Inn Main Street,,,Saxton,LS24 9PY,North Yorkshire,5,2025-06-02,FHRS,False,,,"Greyhound Inn Main Street, Saxton, LS24 9PY"
2025-12-10,1898300,The Griffin,Pub/bar/nightclub,The Griffin Micklegate,,,Selby,YO8 4EQ,North Yorkshire,5,2025-03-10,FHRS,False,,,"The Griffin Micklegate, Selby, YO8 4EQ"
2025-12-10,1897894,The Huntsman,Pub/bar/nightclub,The Huntsman Main Road,,,Drax,YO8 8NT,North Yorkshire,3,2025-05-01,FHRS,False,,,"The Huntsman Main Road, Drax, YO8 8NT"
2025-12-10,1898075,The Malt Shovel,Pub/bar/nightclub,The Malt Shovel Ousegate,,,Selby,YO8 8BL,North Yorkshire,5,2025-05-06,FHRS,False,53.7833065,-1.0615486,"The Malt Shovel Ousegate, Selby, YO8 8BL"
2025-12-10,1898278,The New Inn,Pub/bar/nightclub,The New Inn Gowthorpe,,,Selby,YO8 4ET,North Yorkshire,5,2023-09-14,FHRS,False,,,"The New Inn Gowthorpe, Selby, YO8 4ET"
2025-12-10,1897957,The Red Lion,Pub/bar/nightclub,The Red Lion Ings Lane,,,Kellington,DN14 0NX,North Yorkshire,5,2023-02-15,FHRS,False,,,"The Red Lion Ings Lane, Kellington, DN14 0NX"
2025-12-10,1897735,The Royal British Legion Club,Pub/bar/nightclub,Tweddles Yard High Street,,,Northallerton,DL7 8QA,North Yorkshire,AwaitingInspection,,FHRS,False,,,"Tweddles Yard High Street, Northallerton, DL7 8QA"
2025-12-10,1897774,The Royal Oak,Pub/bar/nightclub,The Royal Oak 36 Kirkgate,,,Ripon,HG4 1PB,North Yorkshire,AwaitingInspection,,FHRS,True,,,"The Royal Oak 36 Kirkgate, Ripon, HG4 1PB"
2025-12-10,1898442,The Swan,Pub/bar/nightclub,The Swan Low Street,,,Leeds,LS25 6BG,North Yorkshire,5,2025-09-11,FHRS,False,,,"The Swan Low Street, Leeds, LS25 6BG"
2025-12-10,1898395,The Three Swans,Pub/bar/nightclub,The Three Swans Church Hill,,,Selby,YO8 4PL,North Yorkshire,5,2025-03-11,FHRS,False,,,"The Three Swans Church Hill, Selby, YO8 4PL"
2025-12-10,1897918,Towers Tap Room,Pub/bar/nightclub,Towers Tap Room High Street,,,Carlton,DN14 9LU,North Yorkshire,5,2025-08-20,FHRS,False,,,"Towers Tap Room High Street, Carlton, DN14 9LU"
2025-12-10,1898506,Wadkin Arms,Pub/bar/nightclub,Wadkin Arms Cliffe Road,,,Selby,YO8 5HU,North Yorkshire,5,2022-05-13,FHRS,False,,,"Wadkin Arms Cliffe Road, Selby, YO8 5HU"
2025-12-10,1879565,Whitby And District Rifle Club,Pub/bar/nightclub,Whitby And District Rifle Club Crescent Avenue,,,Whitby,YO21 3EW,North Yorkshire,5,2024-12-19,FHRS,False,,,"Whitby And District Rifle Club Crescent Avenue, Whitby, YO21 3EW"
2025-12-10,1879865,Whitby Conservative Club,Pub/bar/nightclub,Whitby Conservative Club Upgang Lane,,,Whitby,YO21 3DT,North Yorkshire,5,2022-10-06,FHRS,False,,,"Whitby Conservative Club Upgang Lane, Whitby, YO21 3DT"
2025-12-10,1880021,Whitby Fishermens Amateur Rowing Club,Pub/bar/nightclub,Whitby Fishermans Amateur Rowing Club Pier Road,,,Whitby,YO21 3PU,North Yorkshire,5,2018-03-19,FHRS,False,54.4902268,-0.6150295,"Whitby Fishermans Amateur Rowing Club Pier Road, Whitby, YO21 3PU"
2025-12-10,1898098,White Horse,Pub/bar/nightclub,White Horse Main Street,,,Church Fenton,LS24 9RF,North Yorkshire,2,2025-04-03,FHRS,False,,,"White Horse Main Street, Church Fenton, LS24 9RF"
2025-12-10,1898249,Yorkshire Paintball Centre,Pub/bar/nightclub,Yorkshire Paintball Centre Bonby Lane,,,Skipwith,YO8 5SW,North Yorkshire,5,2025-02-14,FHRS,False,53.8505922,-0.9876516,"Yorkshire Paintball Centre Bonby Lane, Skipwith, YO8 5SW"
2025-12-10,1897997,Zuzu Lounge,Pub/bar/nightclub,Zuzu Lounge Finkle Street,,,Selby,YO8 4DS,North Yorkshire,5,2025-07-22,FHRS,False,,,"Zuzu Lounge Finkle Street, Selby, YO8 4DS"
2025-12-10,1897697,Lune Deep,Pub/bar/nightclub,20 London Street,Fleetwood,Lancashire,,FY7 6JE,Wyre,AwaitingInspection,,FHRS,False,53.921818,-3.011564,"20 London Street, Fleetwood, Lancashire, FY7 6JE"
2025-12-10,282145,Reading Rugby Football Club,Pub/bar/nightclub,Holme Park,Sonning Lane,Sonning,,RG4 6SU,Wokingham,AwaitingInspection,,FHRS,True,51.470375,-0.91787,"Holme Park, Sonning Lane, Sonning, RG4 6SU"
2025-12-10,1844413,The Three Travellers,Pub/bar/nightclub,Three Travellers,Wood Lane,,Dagenham,RM10 7DS,Barking and Dagenham,AwaitingInspection,,FHRS,False,,,"Three Travellers, Wood Lane, Dagenham, RM10 7DS"
2025-12-11,1899109,Kettering Sports Park,Pub/bar/nightclub,Kettering Town Harriers,Thurston Drive,Kettering,North Northamptonshire,NN15 6PB,North Northamptonshire,AwaitingInspection,,FHRS,False,52.3874887,-0.7355856,"Kettering Town Harriers, Thurston Drive, Kettering, North Northamptonshire, NN15 6PB"
2025-12-11,1898983,Frosterley Inn *,Pub/bar/nightclub,99 FRONT STREET,,FROSTERLEY,,DL13 2RH,Durham,AwaitingInspection,,FHRS,False,54.7273219,-1.9555542,"99 FRONT STREET, FROSTERLEY, DL13 2RH"
2025-12-11,1899031,The Dun Cow,Pub/bar/nightclub,19 HIGH STREET,,WITTON-LE-WEAR,,DL14 0AY,Durham,AwaitingInspection,,FHRS,False,54.6763844,-1.7754421,"19 HIGH STREET, WITTON-LE-WEAR, DL14 0AY"
2025-12-11,1899026,the imperial bar and restaurant,Pub/bar/nightclub,81 FRONT STREET,,STANLEY,,DH9 0TB,Durham,AwaitingInspection,,FHRS,False,54.8693498,-1.7000317,"81 FRONT STREET, STANLEY, DH9 0TB"
2025-12-11,1898991,The Locomotive Inn,Pub/bar/nightclub,207 BYERLEY ROAD,,SHILDON,,DL4 1HL,Durham,4,2025-10-17,FHRS,False,54.6263325,-1.6481687,"207 BYERLEY ROAD, SHILDON, DL4 1HL"
2025-12-11,1898982,The Royal George Tavern *,Pub/bar/nightclub,11-13 MAIN STREET,,SHILDON,,DL4 1AJ,Durham,AwaitingInspection,,FHRS,False,54.6327512,-1.648888,"11-13 MAIN STREET, SHILDON, DL4 1AJ"
2025-12-11,1898984,The Royal Telegraph *,Pub/bar/nightclub,6 NORTH TERRACE,,AYCLIFFE VILLAGE,,DL5 6LG,Durham,AwaitingInspection,,FHRS,False,54.5976717,-1.5619093,"6 NORTH TERRACE, AYCLIFFE VILLAGE, DL5 6LG"
2025-12-11,1898981,The Station Pub *,Pub/bar/nightclub,48 HIGH STREET SOUTH,,LANGLEY MOOR,,DH7 8JW,Durham,AwaitingInspection,,FHRS,False,54.758497,-1.6092176,"48 HIGH STREET SOUTH, LANGLEY MOOR, DH7 8JW"
2025-12-11,1898829,The Station Hotel,Pub/bar/nightclub,The Station Hotel  South Station Approach,Redhill,,Surrey,RH1 5RU,Tandridge,AwaitingInspection,,FHRS,False,51.2258845,-0.1320123,"The Station Hotel  South Station Approach, Redhill, Surrey, RH1 5RU"
2025-12-11,1898970,Bayford Inn,Pub/bar/nightclub,,Bayford Hill,Stoke Trister,Wincanton,BA9 9NL,Somerset,5,2025-12-03,FHRS,False,51.0586713,-2.3940095,"Bayford Hill, Stoke Trister, Wincanton, BA9 9NL"
2025-12-11,95283,Windwhistle Inn,Pub/bar/nightclub,,Windwhistle,Cricket St Thomas,Chard Somerset,TA20 4DQ,Somerset,AwaitingInspection,,FHRS,False,50.8832,-2.87748,"Windwhistle, Cricket St Thomas, Chard Somerset, TA20 4DQ"
2025-12-11,1898900,The Jolly Farmers,Pub/bar/nightclub,,10 West Road,Ormesby,Great yarmouth Norfolk,NR29 3RP,Great Yarmouth,AwaitingInspection,,FHRS,False,52.6748549,1.6877501,"10 West Road, Ormesby, Great yarmouth Norfolk, NR29 3RP"
2025-12-11,1898899,The Ship,Pub/bar/nightclub,,2 Victoria Street,Caister-On-Sea,Norfolk,NR30 5HA,Great Yarmouth,AwaitingInspection,,FHRS,True,52.646711,1.73194,"2 Victoria Street, Caister-On-Sea, Norfolk, NR30 5HA"
2025-12-11,1898901,The Sun Inn,Pub/bar/nightclub,,154 Beccles Road,Bradwell,Great Yarmouth Norfolk,NR32 8PS,Great Yarmouth,AwaitingInspection,,FHRS,False,,,"154 Beccles Road, Bradwell, Great Yarmouth Norfolk, NR32 8PS"
2025-12-11,1898898,Townies Indoor Play,Pub/bar/nightclub,,The Crescent,Hemsby,Great Yarmouth Norfolk,NR29 4JF,Great Yarmouth,AwaitingInspection,,FHRS,False,52.6945457458496,1.70671105384827,"The Crescent, Hemsby, Great Yarmouth Norfolk, NR29 4JF"
2025-12-11,1899169,FatBoyz,Pub/bar/nightclub,THE LIBERAL HOUSE WOODHOUSE LANE,Amington,,Tamworth,B77 3AE,Tamworth,AwaitingInspection,,FHRS,False,,,"THE LIBERAL HOUSE WOODHOUSE LANE, Amington, Tamworth, B77 3AE"
2025-12-11,1899170,The Hop House,Pub/bar/nightclub,Castle Hotel Market Street,,,Tamworth,B79 7NB,Tamworth,AwaitingInspection,,FHRS,False,,,"Castle Hotel Market Street, Tamworth, B79 7NB"
2025-12-11,1892908,The Queens,Pub/bar/nightclub,The Queens,Horton,Telford,Shropshire,TF6 6DW,Telford and Wrekin Council,AwaitingInspection,,FHRS,False,,,"The Queens, Horton, Telford, Shropshire, TF6 6DW"
2025-12-11,1106005,The Volunteer,Pub/bar/nightclub,5 Wharf Street,,Godalming,Surrey,GU7 1NN,Waverley,5,2022-03-21,FHRS,False,51.1857672,-0.6101093,"5 Wharf Street, Godalming, Surrey, GU7 1NN"
2025-12-11,174787,The Wheatsheaf,Pub/bar/nightclub,The Wheatsheaf High Street,Bramley,Guildford,Surrey,GU5 0HB,Waverley,1,2024-08-25,FHRS,False,51.1938588,-0.5579285,"The Wheatsheaf High Street, Bramley, Guildford, Surrey, GU5 0HB"
2025-12-11,1899089,Wonersh Cricket Club Ltd,Pub/bar/nightclub,Sports Pavilion Wonersh Common,Wonersh,Guildford,Surrey,GU5 0PH,Waverley,AwaitingInspection,,FHRS,False,,,"Sports Pavilion Wonersh Common, Wonersh, Guildford, Surrey, GU5 0PH"
2025-12-12,1899583,The Merry Mermaid,Pub/bar/nightclub,90-94 Lumley Road,Skegness,,,PE25 3ND,East Lindsey,5,2025-12-05,FHRS,False,53.1426873,0.3396731,"90-94 Lumley Road, Skegness, PE25 3ND"
2025-12-12,1899418,Circle One,Pub/bar/nightclub,,40 Railway Street,Altrincham,,WA14 2RE,Trafford,AwaitingInspection,,FHRS,True,53.385129,-2.351844,"40 Railway Street, Altrincham, WA14 2RE"
2025-12-12,1899294,Dukes Head Public House,Pub/bar/nightclub,Dukes Head,The Street,Corpusty,Norfolk,NR11 6QG,North Norfolk,5,2025-10-16,FHRS,False,52.827657,1.135255,"Dukes Head, The Street, Corpusty, Norfolk, NR11 6QG"
2025-12-12,1899293,The Lines End,Pub/bar/nightclub,8 Station Approach,Sheringham,Norfolk,,NR26 8RA,North Norfolk,AwaitingInspection,,FHRS,False,52.941866,1.209385,"8 Station Approach, Sheringham, Norfolk, NR26 8RA"
2025-12-12,1760474,The Dorallt Inn,Pub/bar/nightclub,,Henllys Village Road,Henllys,Cwmbran,NP44 6HX,Torfaen,4,2024-12-12,FHRS,False,51.637657,-3.062814,"Henllys Village Road, Henllys, Cwmbran, NP44 6HX"
2025-12-12,1899270,The Red Lion,Pub/bar/nightclub,Swanley Village Road,Swanley,Kent,,BR8 7NF,Sevenoaks,AwaitingInspection,,FHRS,False,51.4039659003029,0.199583399784143,"Swanley Village Road, Swanley, Kent, BR8 7NF"
2025-12-12,1899318,Cobham Village Club,Pub/bar/nightclub,Cobham Village Club,16 Portsmouth Road,Cobham,Surrey,KT11 1HZ,Elmbridge,AwaitingInspection,,FHRS,False,,,"Cobham Village Club, 16 Portsmouth Road, Cobham, Surrey, KT11 1HZ"
2025-12-12,1899330,The Anglers,Pub/bar/nightclub,The Anglers,Manor Road,Walton-On-Thames,Surrey,KT12 2PF,Elmbridge,AwaitingInspection,,FHRS,False,51.3902171,-0.422339,"The Anglers, Manor Road, Walton-On-Thames, Surrey, KT12 2PF"
2025-12-12,1899603,Jolly colliers,Pub/bar/nightclub,Jolly Collier,West Street,Bedminster,Bristol,BS3 3NU,Bristol,AwaitingInspection,,FHRS,False,51.4376,-2.603695,"Jolly Collier, West Street, Bedminster, Bristol, BS3 3NU"
2025-12-12,1899567,Hundred Acres,Pub/bar/nightclub,Hundred Acres Hart Place,,Bicester,Oxfordshire,OX26 4FR,Cherwell,AwaitingInspection,,FHRS,False,51.9079858,-1.1381697,"Hundred Acres Hart Place, Bicester, Oxfordshire, OX26 4FR"
2025-12-12,1899261,Anvil Inn,Pub/bar/nightclub,,206 Smithycroft Road,Glasgow,,G33 2RF,Glasgow City,Pass,2025-11-26,FHIS,False,,,"206 Smithycroft Road, Glasgow, G33 2RF"
2025-12-12,1899480,The Bridge Tavern,Pub/bar/nightclub,Bridge Tavern,54 East Street,Portsmouth,,PO1 2JJ,Portsmouth,AwaitingInspection,,FHRS,False,50.792012,-1.107378,"Bridge Tavern, 54 East Street, Portsmouth, PO1 2JJ"
2025-12-12,1899475,The Wellington,Pub/bar/nightclub,Public House At 62,High Street,Portsmouth,,PO1 2LY,Portsmouth,AwaitingInspection,,FHRS,False,50.7893816,-1.1059566,"Public House At 62, High Street, Portsmouth, PO1 2LY"
2025-12-12,1899381,Kabinett,Pub/bar/nightclub,46 Regent Street,Rugby,,Warwickshire,CV21 2PS,Rugby,5,2025-11-05,FHRS,False,52.3746301,-1.260229,"46 Regent Street, Rugby, Warwickshire, CV21 2PS"
2025-12-12,1899382,The Sparrow,Pub/bar/nightclub,Coombe Fields Road,,,Coventry,CV7 9JP,Rugby,AwaitingInspection,,FHRS,False,52.43250335,-1.39791612,"Coombe Fields Road, Coventry, CV7 9JP"
2025-12-12,1899411,Padel Hub Tunbridge Wells,Pub/bar/nightclub,Unit 1C,Tavis House Business Centre,Chapman Way,Royal Tunbridge Wells,TN2 3EF,Tunbridge Wells,AwaitingInspection,,FHRS,False,,,"Unit 1C, Tavis House Business Centre, Chapman Way, Royal Tunbridge Wells, TN2 3EF"
2025-12-12,1760474,The Dorallt Inn,Pub/bar/nightclub,,Henllys Village Road,Henllys,Cwmbran,NP44 6HX,Torfaen,4,2024-12-12,FHRS,False,51.637657,-3.062814,"Henllys Village Road, Henllys, Cwmbran, NP44 6HX"
2025-12-12,1899623,The Tam Bain,Pub/bar/nightclub,,96 Mary Street,,Laurieston,FK2 9PS,Falkirk,Awaiting Inspection,,FHIS,False,55.996028,-3.747785,"96 Mary Street, Laurieston, FK2 9PS"
2025-12-12,1899495,The Vine,Pub/bar/nightclub,,5 Admirals Hard,Plymouth,,PL1 3RJ,Plymouth City,AwaitingInspection,,FHRS,False,50.3655193,-4.1631006,"5 Admirals Hard, Plymouth, PL1 3RJ"
2025-12-12,1899208,The Actress and Bishop Public House / The Buffet Factory,Pub/bar/nightclub,36 Ludgate Hill,Birmingham,,,B3 1EH,Birmingham,AwaitingInspection,,FHRS,False,52.484527,-1.904813,"36 Ludgate Hill, Birmingham, B3 1EH"
2025-12-12,1899556,The Wild Duck Inn,Pub/bar/nightclub,Wild Duck Inn,Ewen,Cirencester,Gloucestershire,GL7 6BY,Cotswold,AwaitingInspection,,FHRS,False,51.678317,-1.990535,"Wild Duck Inn, Ewen, Cirencester, Gloucestershire, GL7 6BY"
2025-12-12,1899430,Gallant Pioneer,Pub/bar/nightclub,11 Station Road,Blackpool,,,FY4 1BE,Blackpool,5,2022-06-17,FHRS,False,53.795426,-3.05417,"11 Station Road, Blackpool, FY4 1BE"
2025-12-12,1899425,The Armfield Club,Pub/bar/nightclub,9-17 Bloomfield Road,Blackpool,,,FY1 6DH,Blackpool,5,2022-10-14,FHRS,False,53.8035253,-3.0504273,"9-17 Bloomfield Road, Blackpool, FY1 6DH"
2025-12-12,1626335,Beeley Inn,Pub/bar/nightclub,Pub And Hotel,Devonshire Square,Beeley,Derbyshire,DE4 2NZ,Derbyshire Dales,AwaitingInspection,,FHRS,True,,,"Pub And Hotel, Devonshire Square, Beeley, Derbyshire, DE4 2NZ"
2025-12-12,1471516,Palterton Village Hall,Pub/bar/nightclub,Back Lane,Palterton,Chesterfield,,S44 6UN,Bolsover,AwaitingInspection,,FHRS,False,53.21087,-1.289675,"Back Lane, Palterton, Chesterfield, S44 6UN"
2025-12-12,1899263,The Gate Inn,Pub/bar/nightclub,King Edward Street,Shirebrook,Mansfield,,NG20 8AU,Bolsover,AwaitingInspection,,FHRS,False,53.202481,-1.213447,"King Edward Street, Shirebrook, Mansfield, NG20 8AU"
2025-12-12,1899264,The In-between,Pub/bar/nightclub,61 Main Street,Shirebrook,Mansfield,,NG20 8AN,Bolsover,AwaitingInspection,,FHRS,False,53.2023919,-1.2149293,"61 Main Street, Shirebrook, Mansfield, NG20 8AN"
2025-12-12,1899618,Rose and Crown,Pub/bar/nightclub,Old Main Road The Rose & Crown,Fleet Hargate,Spalding Lincs,,PE12 8LH,South Holland,5,2025-12-03,FHRS,False,,,"Old Main Road The Rose & Crown, Fleet Hargate, Spalding Lincs, PE12 8LH"
2025-12-12,1899578,Independent Republic Of Jolter - Cider And Perry Bar,Pub/bar/nightclub,Unit 6/4B,Mitcheldean Enterprise Workshops,Brook Street,Mitcheldean,GL17 0SL,Forest of Dean,AwaitingInspection,,FHRS,False,51.8654224,-2.4880153,"Unit 6/4B, Mitcheldean Enterprise Workshops, Brook Street, Mitcheldean, GL17 0SL"
2025-12-13,1899777,The Dolphin,Pub/bar/nightclub,105 High Street Melbourn Royston,,,Cambridgeshire,SG8 6AP,South Cambridgeshire,AwaitingInspection,,FHRS,False,52.081336,0.0143716,"105 High Street Melbourn Royston, Cambridgeshire, SG8 6AP"
2025-12-13,1899743,Bowling Green Hotel,Pub/bar/nightclub,106 Wigan Lane,Wigan,,,WN1 2LF,Wigan,AwaitingInspection,,FHRS,False,53.553556,-2.628093,"106 Wigan Lane, Wigan, WN1 2LF"
2025-12-13,1900033,Flavourit Food @ Glossop Masonic Hall,Pub/bar/nightclub,14 Henry Street,Glossop,Derbyshire,,SK13 8BW,High Peak,AwaitingInspection,,FHRS,False,53.44389555,-1.94979195,"14 Henry Street, Glossop, Derbyshire, SK13 8BW"
2025-12-13,1900032,Flavourit Foods @ New Mills Masonic Hall,Pub/bar/nightclub,Union Road,New Mills,High Peak,,SK22 3ES,High Peak,AwaitingInspection,,FHRS,False,53.36390875,-2.00073665,"Union Road, New Mills, High Peak, SK22 3ES"
2025-12-13,1536451,Hayfield Cricket Club,Pub/bar/nightclub,Market Street,Hayfield,Derbyshire,,SK22 2EP,High Peak,5,2016-05-17,FHRS,False,53.38170816,-1.94698349,"Market Street, Hayfield, Derbyshire, SK22 2EP"
2025-12-13,1872524,The Merry Boys,Pub/bar/nightclub,The Merry Boys Public House,447 Willenhall Road,Wolverhampton,West Midlands,WV1 2JA,Wolverhampton,AwaitingInspection,,FHRS,False,52.583889,-2.087358,"The Merry Boys Public House, 447 Willenhall Road, Wolverhampton, West Midlands, WV1 2JA"
2025-12-13,1899719,Block 1,Pub/bar/nightclub,,1-3 Bold Street,,,WA1 1DN,Warrington,AwaitingInspection,,FHRS,False,53.3885543,-2.5958284,"1-3 Bold Street, WA1 1DN"
2025-12-13,1899721,The Poacher,Pub/bar/nightclub,,40 Gorse Covert Road,,,WA3 6UG,Warrington,AwaitingInspection,,FHRS,False,53.4281876,-2.5044173,"40 Gorse Covert Road, WA3 6UG"
2025-12-13,1899805,Barley Mow,Pub/bar/nightclub,Breakneck Lane,Walderton,Chichester,West Sussex,PO18 9ED,Chichester,AwaitingInspection,,FHRS,False,50.889736,-0.878145,"Breakneck Lane, Walderton, Chichester, West Sussex, PO18 9ED"
2025-12-13,1899939,PROM BAR EDINBURGH,Pub/bar/nightclub,2-3 Anchorfield,Edinburgh,,,EH6 4JG,Edinburgh (City of),Awaiting Inspection,2025-12-08,FHIS,False,55.9795988,-3.1876849,"2-3 Anchorfield, Edinburgh, EH6 4JG"
2025-12-13,1899738,The Rose And Crown Public House,Pub/bar/nightclub,Rose And Crown Inn,Crown Hill,Bartlow Road,Ashdon,CB10 2HA,Uttlesford,AwaitingInspection,,FHRS,False,52.054892,0.312907,"Rose And Crown Inn, Crown Hill, Bartlow Road, Ashdon, CB10 2HA"
2025-12-13,1899966,Pennycomequick,Pub/bar/nightclub,16 Killigrew Street,Falmouth,Cornwall,,TR11 3PN,Cornwall,5,2025-09-18,FHRS,False,50.154721,-5.072186,"16 Killigrew Street, Falmouth, Cornwall, TR11 3PN"
2025-12-13,1876322,The Carpenters Arms,Pub/bar/nightclub,Lower Metherell,Callington,Cornwall,,PL17 8BJ,Cornwall,AwaitingInspection,,FHRS,True,,,"Lower Metherell, Callington, Cornwall, PL17 8BJ"
2025-12-13,1886153,The Copper Fox Bar,Pub/bar/nightclub,19A Bread Street,Penzance,Cornwall,,TR18 2EQ,Cornwall,5,2025-12-05,FHRS,False,50.119235,-5.536988,"19A Bread Street, Penzance, Cornwall, TR18 2EQ"
2025-12-13,287056,The Kielder Tavern,Pub/bar/nightclub,,Kielder,Northumberland,,NE48 1ER,Northumberland,5,2024-06-19,FHRS,False,55.2338485717773,-2.58027935028076,"Kielder, Northumberland, NE48 1ER"
2025-12-13,1899953,Vine Tavern,Pub/bar/nightclub,,16 Elephant Lane,Thatto Heath,,WA9 5QG,St Helens,AwaitingInspection,,FHRS,False,53.4356358,-2.7578209,"16 Elephant Lane, Thatto Heath, WA9 5QG"
2025-12-13,1899670,Meadhurst Club,Pub/bar/nightclub,Chertsey Road,Sunbury-on-Thames,,,TW16 7LL,Spelthorne,AwaitingInspection,,FHRS,False,,,"Chertsey Road, Sunbury-on-Thames, TW16 7LL"
2025-12-13,1850370,Masons Arms,Pub/bar/nightclub,,Mill Terrace,Pontymister,Risca,NP11 6LH,Caerffili,4,2025-10-16,FHRS,False,51.605499,-3.089744,"Mill Terrace, Pontymister, Risca, NP11 6LH"
2025-12-13,1844759,Rudry Village Inn,Pub/bar/nightclub,Rudry Inn,Garth Place,Rudry,Caerphilly,CF83 3DL,Caerffili,5,2025-10-20,FHRS,False,51.5796764,-3.1737088,"Rudry Inn, Garth Place, Rudry, Caerphilly, CF83 3DL"
2025-12-13,1847977,The Prince of Wales,Pub/bar/nightclub,Prince Of Wales Inn,Merthyr Road,Princetown,Tredegar,NP22 3AE,Caerffili,3,2025-09-17,FHRS,False,51.7811106,-3.2886959,"Prince Of Wales Inn, Merthyr Road, Princetown, Tredegar, NP22 3AE"
2025-12-13,1245900,The Puddlers Arms,Pub/bar/nightclub,Puddlers Arms,Plantation Terrace,Rhymney,Tredegar,NP22 5PX,Caerffili,AwaitingInspection,,FHRS,True,51.7533183,-3.2803285,"Puddlers Arms, Plantation Terrace, Rhymney, Tredegar, NP22 5PX"
2025-12-13,1900049,Oxygenic,Pub/bar/nightclub,169 - 171 Whitley Road,Whitley Bay,Tyne And Wear,,NE26 2DN,North Tyneside,5,2025-12-04,FHRS,False,55.041308,-1.441308,"169 - 171 Whitley Road, Whitley Bay, Tyne And Wear, NE26 2DN"
2025-12-13,718699,Christopher's Bar,Pub/bar/nightclub,,50 Holderness Road,Kingston Upon Hull,,HU9 1ED,Hull City,AwaitingInspection,,FHRS,False,53.7491675,-0.3204659,"50 Holderness Road, Kingston Upon Hull, HU9 1ED"
2025-12-13,1850370,Masons Arms,Pub/bar/nightclub,,Mill Terrace,Pontymister,Risca,NP11 6LH,Caerphilly,4,2025-10-16,FHRS,False,51.605499,-3.089744,"Mill Terrace, Pontymister, Risca, NP11 6LH"
2025-12-13,1844759,Rudry Village Inn,Pub/bar/nightclub,Rudry Inn,Garth Place,Rudry,Caerphilly,CF83 3DL,Caerphilly,5,2025-10-20,FHRS,False,51.5796764,-3.1737088,"Rudry Inn, Garth Place, Rudry, Caerphilly, CF83 3DL"
2025-12-13,1847977,The Prince of Wales,Pub/bar/nightclub,Prince Of Wales Inn,Merthyr Road,Princetown,Tredegar,NP22 3AE,Caerphilly,3,2025-09-17,FHRS,False,51.7811106,-3.2886959,"Prince Of Wales Inn, Merthyr Road, Princetown, Tredegar, NP22 3AE"
2025-12-13,1245900,The Puddlers Arms,Pub/bar/nightclub,Puddlers Arms,Plantation Terrace,Rhymney,Tredegar,NP22 5PX,Caerphilly,AwaitingInspection,,FHRS,True,51.7533183,-3.2803285,"Puddlers Arms, Plantation Terrace, Rhymney, Tredegar, NP22 5PX"
2025-12-16,1807740,The Loft Bar,Pub/bar/nightclub,20 Nolton Street,,Bridgend,,CF31 1DU,Bridgend,5,2025-11-24,FHRS,False,51.5050683,-3.5771367,"20 Nolton Street, Bridgend, CF31 1DU"
2025-12-16,1095044,Fletchers Public House,Pub/bar/nightclub,,90 Westgate,Grantham,,NG31 6LE,South Kesteven,5,2025-12-04,FHRS,False,52.9120588,-0.6441449,"90 Westgate, Grantham, NG31 6LE"
2025-12-16,238395,Nags Head inc The Late Bar and Venue,Pub/bar/nightclub,The Nags Head,2 Abbey Road,Bourne,Lincolnshire,PE10 9EF,South Kesteven,4,2024-04-03,FHRS,False,52.767796,-0.376037,"The Nags Head, 2 Abbey Road, Bourne, Lincolnshire, PE10 9EF"
2025-12-16,1807740,The Loft Bar,Pub/bar/nightclub,20 Nolton Street,,Bridgend,,CF31 1DU,Pen-y-bont ar Ogwr,5,2025-11-24,FHRS,False,51.5050683,-3.5771367,"20 Nolton Street, Bridgend, CF31 1DU"
2025-12-16,1900428,The Cherry Tre,Pub/bar/nightclub,The Cherry Tree,Ayton Village Centre,Washington,,NE38 0DL,Sunderland,AwaitingInspection,,FHRS,False,54.8904874,-1.5514457,"The Cherry Tree, Ayton Village Centre, Washington, NE38 0DL"
2025-12-16,1900143,Chine Inn,Pub/bar/nightclub,1 Chine Hill,Shanklin,Isle Of Wight,,PO37 6BW,Isle of Wight,AwaitingInspection,,FHRS,False,50.6265983581543,-1.1747829914093,"1 Chine Hill, Shanklin, Isle Of Wight, PO37 6BW"
2025-12-16,1900133,Dorothy's Members Only Community Hub,Pub/bar/nightclub,5 Holyrood Street,Newport,Isle Of Wight,,PO30 5AU,Isle of Wight,AwaitingInspection,,FHRS,False,50.7015502,-1.2936987,"5 Holyrood Street, Newport, Isle Of Wight, PO30 5AU"
2025-12-16,1900161,The Crown Public House,Pub/bar/nightclub,The Crown Public House,High Street,,Cowley,UB8 2NL,Hillingdon,AwaitingInspection,,FHRS,False,,,"The Crown Public House, High Street, Cowley, UB8 2NL"
2025-12-16,1900169,The Kings Head,Pub/bar/nightclub,Kings Head,Norwich Road,Ashwellthorpe,Norfolk,NR16 1EL,South Norfolk,AwaitingInspection,,FHRS,False,52.530892,1.180288,"Kings Head, Norwich Road, Ashwellthorpe, Norfolk, NR16 1EL"
2025-12-16,345361,Famous Three Kings,Pub/bar/nightclub,Three Kings,171 North End Road,London,,W14 9NL,Hammersmith and Fulham,5,2025-12-03,FHRS,False,51.490038,-0.206219,"Three Kings, 171 North End Road, London, W14 9NL"
2025-12-16,1875246,The Broadway Bar And Grill,Pub/bar/nightclub,Broadway Bar And Grill,474 - 476 Fulham Road,London,,SW6 1BY,Hammersmith and Fulham,AwaitingInspection,,FHRS,True,51.4806022644043,-0.194967001676559,"Broadway Bar And Grill, 474 - 476 Fulham Road, London, SW6 1BY"
2025-12-16,1823929,Walham Green,Pub/bar/nightclub,472 Fulham Road,London,,,SW6 1BY,Hammersmith and Fulham,5,2025-10-16,FHRS,False,51.4801756909287,-0.190275020432191,"472 Fulham Road, London, SW6 1BY"
2025-12-16,1900308,Rockhouse,Pub/bar/nightclub,Rock House,The Harbour,Lynmouth,Devon,EX35 6EN,North Devon,AwaitingInspection,,FHRS,False,50.7324600219727,-3.79749202728271,"Rock House, The Harbour, Lynmouth, Devon, EX35 6EN"
2025-12-16,1900270,The Catford House,Pub/bar/nightclub,Catford Broadway,London,,,SE6 4SP,Lewisham,AwaitingInspection,,FHRS,False,51.44521245,-0.0215866,"Catford Broadway, London, SE6 4SP"
2025-12-16,1898893,Duke of York,Pub/bar/nightclub,DUKE OF YORK 2 ST ANN'S TERRACE,,LONDON,,NW8 6PJ,Westminster,5,2024-02-17,FHRS,False,51.5342381,-0.1713104,"DUKE OF YORK 2 ST ANN'S TERRACE, LONDON, NW8 6PJ"
2025-12-16,1900317,Mr Fogg's Pawnbrokers,Pub/bar/nightclub,50 DEAN STREET,,LONDON,,W1D 5BQ,Westminster,AwaitingInspection,,FHRS,False,51.5127318,-0.131631,"50 DEAN STREET, LONDON, W1D 5BQ"
2025-12-16,1900434,Feed the yak,Pub/bar/nightclub,,2,Sayer Street,London,SE17 1FG,Southwark,5,2025-10-31,FHRS,False,51.4917147,-0.0962194,"2, Sayer Street, London, SE17 1FG"
2025-12-16,1404867,The Walnut Tree,Pub/bar/nightclub,The Walnut Tree. The Walnut Tree,Norwich Road,Thwaite,EYE,IP23 7ED,Mid Suffolk,5,2024-04-26,FHRS,False,,,"The Walnut Tree. The Walnut Tree, Norwich Road, Thwaite, EYE, IP23 7ED"
2025-12-16,598902,Church Tavern,Pub/bar/nightclub,Church Tavern,25-27 Church Road,Perry Barr,Birmingham,B42 2LA,Birmingham,5,2023-07-12,FHRS,False,52.527116,-1.898251,"Church Tavern, 25-27 Church Road, Perry Barr, Birmingham, B42 2LA"
2025-12-16,1900354,Farrington leisure ltd,Pub/bar/nightclub,The Maldon Grey Maldon Grey,Cats Lane,Great Cornard,SUDBURY,CO10 2RZ,Babergh,AwaitingInspection,,FHRS,False,,,"The Maldon Grey Maldon Grey, Cats Lane, Great Cornard, SUDBURY, CO10 2RZ"
2025-12-16,1395102,Wheatsheaf P.H,Pub/bar/nightclub,Wheatsheaf Inn. Wheatsheaf Inn,Church Road,Tattingstone,IPSWICH,IP9 2LY,Babergh,1,2025-11-23,FHRS,False,51.9894967,1.0985539,"Wheatsheaf Inn. Wheatsheaf Inn, Church Road, Tattingstone, IPSWICH, IP9 2LY"
2025-12-16,1900408,South lodge,Pub/bar/nightclub,South Lodge 61 Harrogate Road,,,Ripon,HG4 1ST,North Yorkshire,AwaitingInspection,,FHRS,False,,,"South Lodge 61 Harrogate Road, Ripon, HG4 1ST"
2025-12-16,1900409,The Royal Oak,Pub/bar/nightclub,Royal Oak Hotel Market Place,,,Settle,BD24 9ED,North Yorkshire,AwaitingInspection,,FHRS,False,54.0690798,-2.2776068,"Royal Oak Hotel Market Place, Settle, BD24 9ED"
2025-12-16,1833164,The Crown And Horseshoe,Pub/bar/nightclub,Crown And Horseshoe,7 North Street,Oldland Common,South Gloucestershire,BS30 8TU,South Gloucestershire,4,2025-10-09,FHRS,False,51.4448068,-2.474292,"Crown And Horseshoe, 7 North Street, Oldland Common, South Gloucestershire, BS30 8TU"
2025-12-17,1900541,Craft Beer Maldon,Pub/bar/nightclub,75B High Street,Maldon,Essex,,CM9 5EP,Maldon,AwaitingInspection,,FHRS,False,51.731265,0.680282,"75B High Street, Maldon, Essex, CM9 5EP"
2025-12-17,1900634,The Acorn Centre,Pub/bar/nightclub,The Acorn Youth Centre Lummaton Cross Torquay Torbay,,,,TQ2 8ET,Torbay,5,2025-12-10,FHRS,False,,,"The Acorn Youth Centre Lummaton Cross Torquay Torbay, TQ2 8ET"
2025-12-17,1900670,Popps Kitchen,Pub/bar/nightclub,The Iron Horse,Kerrs Way,Wroughton,Swindon,SN4 9EJ,Swindon,AwaitingInspection,,FHRS,False,,,"The Iron Horse, Kerrs Way, Wroughton, Swindon, SN4 9EJ"
2025-12-17,1900681,Redline Racing,Pub/bar/nightclub,4 Theatre Square,Swindon,,,SN1 1QN,Swindon,AwaitingInspection,,FHRS,False,51.5592005,-1.7812053,"4 Theatre Square, Swindon, SN1 1QN"
2025-12-17,1900662,The Patriot's Arms,Pub/bar/nightclub,6 New Road,Chiseldon,Swindon,,SN4 0LU,Swindon,AwaitingInspection,,FHRS,False,51.514202,-1.732848,"6 New Road, Chiseldon, Swindon, SN4 0LU"
2025-12-17,1900649,The Stripey Badger Ltd,Pub/bar/nightclub,The Crumpled Horn,Eldene Centre,Eldene,Swindon,SN3 3RZ,Swindon,5,2025-11-14,FHRS,False,51.5541305,-1.7355896,"The Crumpled Horn, Eldene Centre, Eldene, Swindon, SN3 3RZ"
2025-12-17,1900562,The Carnarvon Pub & Kitchen,Pub/bar/nightclub,,Fackley Road,,,NG17 3JA,Ashfield,AwaitingInspection,,FHRS,False,53.1473083496094,-1.28991603851318,"Fackley Road, NG17 3JA"
2025-12-17,1870322,The Railway Pub & Kitchen,Pub/bar/nightclub,27 Clifftown Road,Southend-on-sea,Essex,,,Southend-On-Sea,5,2025-12-02,FHRS,False,51.5367566,0.7111607,"27 Clifftown Road, Southend-on-sea, Essex"
2025-12-17,1900618,Parrot And Punchbowl,Pub/bar/nightclub,Parrot And Punchbowl Inn,Aldringham Lane,Aldringham Cum Thorpe,Leiston,IP16 4PY,East Suffolk,AwaitingInspection,,FHRS,False,52.1932049,1.5773645,"Parrot And Punchbowl Inn, Aldringham Lane, Aldringham Cum Thorpe, Leiston, IP16 4PY"
2025-12-17,1900700,Mamba Andover,Pub/bar/nightclub,The Rock House,41 - 41A London Street,Andover,Hampshire,SP10 2NU,Test Valley,AwaitingInspection,,FHRS,False,51.2063133,-1.4771568,"The Rock House, 41 - 41A London Street, Andover, Hampshire, SP10 2NU"
2025-12-17,272212,The Thatch,Pub/bar/nightclub,29-30 High Street,,THAME,Oxon,OX9 2AA,South Oxfordshire,5,2025-12-01,FHRS,False,51.749294,-0.981968,"29-30 High Street, THAME, Oxon, OX9 2AA"
2025-12-17,1900611,The Ruze,Pub/bar/nightclub,7 UNION ROAD,,CHIPPENHAM,,SN15 1HW,Wiltshire,AwaitingInspection,,FHRS,False,51.4627238,-2.1174564,"7 UNION ROAD, CHIPPENHAM, SN15 1HW"
2025-12-17,1900605,The Stonehenge Inn,Pub/bar/nightclub,STONEHENGE INN STONEHENGE ROAD,,DURRINGTON,,SP4 8BN,Wiltshire,AwaitingInspection,,FHRS,False,51.1957912,-1.7824888,"STONEHENGE INN STONEHENGE ROAD, DURRINGTON, SP4 8BN"
2025-12-17,1195877,Shrewsbury Arms,Pub/bar/nightclub,,75-75a Eastgate Street,Stafford,Staffordshire,ST16 2NG,Stafford,AwaitingInspection,,FHRS,True,52.8066264,-2.1145929,"75-75a Eastgate Street, Stafford, Staffordshire, ST16 2NG"
2025-12-17,1900598,The Lamb And Flag,Pub/bar/nightclub,1 Church Row,Leeds,,,LS2 7HD,Leeds,AwaitingInspection,,FHRS,False,53.794971,-1.536936,"1 Church Row, Leeds, LS2 7HD"
2025-12-18,1901013,The Bald Faced Stag,Pub/bar/nightclub,Bald Faced Stag 69 High Road London,,,,N2 8AB,Barnet,AwaitingInspection,,FHRS,True,51.589149,-0.164741,"Bald Faced Stag 69 High Road London, N2 8AB"
2025-12-18,1900873,The Nags Head,Pub/bar/nightclub,,2 Caistor Road,,Laceby,DN 36 7HX,North East Lincolnshire,AwaitingInspection,,FHRS,False,53.5410082,-0.1688484,"2 Caistor Road, Laceby, DN 36 7HX"
2025-12-18,1858983,The Pier View,Pub/bar/nightclub,The Pier View 37 - 39 Marine Parade,,Worthing,West Sussex,BN11 3PH,Worthing,4,2025-10-23,FHRS,False,50.8095757,-0.370955,"The Pier View 37 - 39 Marine Parade, Worthing, West Sussex, BN11 3PH"
2025-12-18,1900818,Lola's wine bar and pizzeria,Pub/bar/nightclub,20 Park Street,Worksop,Nottinghamshire,,S80 1HB,Bassetlaw,AwaitingInspection,,FHRS,False,53.300622,-1.124315,"20 Park Street, Worksop, Nottinghamshire, S80 1HB"
2025-12-18,1900820,The White Horse Inn,Pub/bar/nightclub,White Horse Inn,Great North Road,Barnby Moor,Nottinghamshire,DN22 8QS,Bassetlaw,AwaitingInspection,,FHRS,False,53.3523052,-1.0040255,"White Horse Inn, Great North Road, Barnby Moor, Nottinghamshire, DN22 8QS"
2025-12-18,1900814,White Lion,Pub/bar/nightclub,Top House,50 Park Street,Worksop,Nottinghamshire,S80 1HF,Bassetlaw,AwaitingInspection,,FHRS,False,53.2992046,-1.123648,"Top House, 50 Park Street, Worksop, Nottinghamshire, S80 1HF"
2025-12-18,774874,The Ship Inn,Pub/bar/nightclub,Nene Parade,March,Cambridgeshire,,PE15 8TD,Fenland,5,2022-11-22,FHRS,False,52.550288,0.092335,"Nene Parade, March, Cambridgeshire, PE15 8TD"
2025-12-18,1900739,The Straw Bear,Pub/bar/nightclub,103 Drybread Road,Whittlesey,Peterborough,Cambridgeshire,PE7 1XL,Fenland,AwaitingInspection,,FHRS,False,52.5626618,-0.1131885,"103 Drybread Road, Whittlesey, Peterborough, Cambridgeshire, PE7 1XL"
2025-12-18,1900741,Woodmans Cottage,Pub/bar/nightclub,The Woodmans Cottage,90 High Road,Gorefield,Wisbech,PE13 4NB,Fenland,AwaitingInspection,,FHRS,False,52.6866836,0.0976358,"The Woodmans Cottage, 90 High Road, Gorefield, Wisbech, PE13 4NB"
2025-12-18,1900751,The Bourne Valley Inn,Pub/bar/nightclub,Upper Link,St Mary Bourne,Andover,Hampshire,SP11 6BT,Basingstoke and Deane,AwaitingInspection,,FHRS,False,51.248302,-1.391762,"Upper Link, St Mary Bourne, Andover, Hampshire, SP11 6BT"
2025-12-18,327808,Saltaire Bar,Pub/bar/nightclub,,70 Saltaire Road,Shipley,,BD18 3HN,Bradford,AwaitingInspection,,FHRS,True,53.83525,-1.782079,"70 Saltaire Road, Shipley, BD18 3HN"
2025-12-18,1078535,The Rock And Heifer Inn,Pub/bar/nightclub,,Rock Lane,Thornton,Bradford,BD13 3RH,Bradford,AwaitingInspection,,FHRS,False,53.8001,-1.862789,"Rock Lane, Thornton, Bradford, BD13 3RH"
2025-12-18,1900879,Howdendyke Working Mens Club,Pub/bar/nightclub,Ferry Road,Howdendyke,Goole,,DN14 7UL,East Riding of Yorkshire,Exempt,,FHRS,False,,,"Ferry Road, Howdendyke, Goole, DN14 7UL"
2025-12-18,112161,The Charter Club (Goole) Ltd,Pub/bar/nightclub,Pasture Road,Goole,East Riding Of Yorkshire,,DN14 6HE,East Riding of Yorkshire,AwaitingInspection,,FHRS,False,53.708047,-0.873934,"Pasture Road, Goole, East Riding Of Yorkshire, DN14 6HE"
2025-12-18,1900865,Conway’s bar,Pub/bar/nightclub,Newtownstewart,,Omagh,,BT78 4AA,Derry City and Strabane,5,2025-11-27,FHRS,False,,,"Newtownstewart, Omagh, BT78 4AA"
2025-12-18,1900863,Juniors Bar,Pub/bar/nightclub,26 Bridge Street,,Strabane,,BT82 9AE,Derry City and Strabane,5,2025-12-05,FHRS,False,54.8237584,-7.4649852,"26 Bridge Street, Strabane, BT82 9AE"
2025-12-18,1900872,The Bowling Green Bar,Pub/bar/nightclub,24 Main Street,,Strabane,,BT82 8AS,Derry City and Strabane,AwaitingInspection,,FHRS,False,,,"24 Main Street, Strabane, BT82 8AS"
2025-12-18,1891021,Chef's House,Pub/bar/nightclub,The Square,Codsall,WOLVERHAMPTON,,WV8 1PT,South Staffordshire,AwaitingInspection,,FHRS,False,52.6307112,-2.19974115,"The Square, Codsall, WOLVERHAMPTON, WV8 1PT"
2025-12-18,1258101,Longford Social Club,Pub/bar/nightclub,Wellington Drive,Cannock,South Staffordshire,,WS11 1PY,South Staffordshire,5,2024-03-27,FHRS,False,52.6839485168457,-2.04889988899231,"Wellington Drive, Cannock, South Staffordshire, WS11 1PY"
2025-12-18,1900730,The Barley Mow,Pub/bar/nightclub,Barley Mow,Penn Common,WOLVERHAMPTON,,WV4 5JN,South Staffordshire,AwaitingInspection,,FHRS,True,,,"Barley Mow, Penn Common, WOLVERHAMPTON, WV4 5JN"
2025-12-18,1891025,The Royal Exchange,Pub/bar/nightclub,High Street,Kinver,STOURBRIDGE,,DY7 6ER,South Staffordshire,5,2025-12-09,FHRS,False,52.44963955,-2.22974095,"High Street, Kinver, STOURBRIDGE, DY7 6ER"
2025-12-18,1900971,The Derby Arms,Pub/bar/nightclub,211 Eaves Lane,Chorley,,,PR6 0TR,Chorley,5,2025-12-16,FHRS,False,53.65572,-2.619187,"211 Eaves Lane, Chorley, PR6 0TR"
2025-12-18,719769,George & Angel,Pub/bar/nightclub,George And Angel 2 North Street,Crowland,Spalding,Lincolnshire,PE6 0EF,South Holland,AwaitingInspection,,FHRS,True,52.6772575378418,-0.169734001159668,"George And Angel 2 North Street, Crowland, Spalding, Lincolnshire, PE6 0EF"
2025-12-18,1900882,The Bridge Bar,Pub/bar/nightclub,,12 Bridge Street,Ellon,Aberdeenshire,AB41 9AA,Aberdeenshire,Awaiting Inspection,2025-12-16,FHIS,False,57.364544,-2.074231,"12 Bridge Street, Ellon, Aberdeenshire, AB41 9AA"
2025-12-19,1705503,The Watchmakers Bar And Grill,Pub/bar/nightclub,The Cat And Fiddle,20 - 22 Cheapside,Halifax,Calderdale,HX1 1TQ,Calderdale,5,2024-04-30,FHRS,False,53.7228165,-1.8610414,"The Cat And Fiddle, 20 - 22 Cheapside, Halifax, Calderdale, HX1 1TQ"
2025-12-19,1901057,The Palm,Pub/bar/nightclub,35 Croydon Road,,West Wickham,,BR4 9HZ,Bromley,AwaitingInspection,,FHRS,True,51.3702319,0.0008059,"35 Croydon Road, West Wickham, BR4 9HZ"
2025-12-19,1901067,The Lamb Inn,Pub/bar/nightclub,,,,,,Stroud,AwaitingInspection,,FHRS,False,,,
2025-12-19,1901356,Masons Arms,Pub/bar/nightclub,Marston Road,Frome,Somerset,,BA11 4DJ,Somerset,AwaitingInspection,,FHRS,False,,,"Marston Road, Frome, Somerset, BA11 4DJ"
2025-12-19,1901359,The Bell at Standerwick,Pub/bar/nightclub,The Bell Inn,Rudge Lane,Standerwick,Frome,BA11 2PR,Somerset,AwaitingInspection,,FHRS,False,51.254954,-2.26232,"The Bell Inn, Rudge Lane, Standerwick, Frome, BA11 2PR"
2025-12-19,1857541,Bedford Legends,Pub/bar/nightclub,,69 Tavistock Street,Bedford,,MK40 2RR,Bedford,AwaitingInspection,,FHRS,False,52.141191,-0.471526,"69 Tavistock Street, Bedford, MK40 2RR"
2025-12-19,1878567,Red Lion Inn,Pub/bar/nightclub,St Kew Highway,Bodmin,Cornwall,,PL30 3DN,Cornwall,4,2025-11-27,FHRS,False,50.546626,-4.778104,"St Kew Highway, Bodmin, Cornwall, PL30 3DN"
2025-12-19,1901443,The Rampant Horse,Pub/bar/nightclub,Rampant Horse,2 Chapelfield,Freethorpe,Norfolk,NR13 3LY,Broadland,AwaitingInspection,,FHRS,False,52.587938,1.5577558,"Rampant Horse, 2 Chapelfield, Freethorpe, Norfolk, NR13 3LY"
2025-12-19,1901369,The Cue Lounge Poulton,Pub/bar/nightclub,Unit A,Furness Drive,Poulton-Le-Fylde,Lancashire,FY6 8JJ,Wyre,AwaitingInspection,,FHRS,False,53.844302,-2.9733311,"Unit A, Furness Drive, Poulton-Le-Fylde, Lancashire, FY6 8JJ"
2025-12-19,1901269,Anti Social,Pub/bar/nightclub,Federation House 88 Hope Street,,Liverpool,,L1 9BW,Liverpool,AwaitingInspection,,FHRS,False,53.4009646,-2.970496,"Federation House 88 Hope Street, Liverpool, L1 9BW"
2025-12-19,1901291,Shandon Bells,Pub/bar/nightclub,Federation House 88 Hope Street,,Liverpool,,L1 9BW,Liverpool,AwaitingInspection,,FHRS,False,53.4009646,-2.970496,"Federation House 88 Hope Street, Liverpool, L1 9BW"
2025-12-19,1901262,The Wellington,Pub/bar/nightclub,236 Picton Road,,Liverpool,,L15 4LP,Liverpool,AwaitingInspection,,FHRS,False,53.3996402,-2.9255256,"236 Picton Road, Liverpool, L15 4LP"
2025-12-19,1581754,Lounge Afrique,Pub/bar/nightclub,25 Corporation Road,Middlesbrough,,,TS1 1LP,Middlesbrough,5,2025-11-28,FHRS,False,54.576455,-1.234985,"25 Corporation Road, Middlesbrough, TS1 1LP"
2025-12-19,1901455,Macy Browns,Pub/bar/nightclub,212-216 Linthorpe Road,Middlesbrough,,,TS1 3QW,Middlesbrough,AwaitingInspection,,FHRS,False,54.5702702,-1.2384084,"212-216 Linthorpe Road, Middlesbrough, TS1 3QW"
