date_added,FHRSID,BusinessName,BusinessType,AddressLine1,AddressLine2,AddressLine3,AddressLine4,PostCode,LocalAuthorityName,RatingValue,RatingDate,SchemeType,NewRatingPending,Latitude,Longitude,AddressSingleLine
2026-02-03,1912331,The George and Dragon Hotel,Pub/bar/nightclub,George And Dragon High Street,Great Budworth,Northwich,Cheshire,CW9 6HF,Cheshire West and Chester,AwaitingInspection,,FHRS,False,,,"George And Dragon High Street, Great Budworth, Northwich, Cheshire, CW9 6HF"
2026-02-03,1912391,Mary's,Pub/bar/nightclub,89 St Mary Street,Cathays,Cardiff,,CF10 1DW,Caerdydd,AwaitingInspection,,FHRS,False,51.4782641,-3.1783313,"89 St Mary Street, Cathays, Cardiff, CF10 1DW"
2026-02-03,1912239,The Tall Ship,Pub/bar/nightclub,134 Southgate Street,Gloucester,,,GL1 2EX,Gloucester City,AwaitingInspection,,FHRS,False,51.8616915,-2.2502698,"134 Southgate Street, Gloucester, GL1 2EX"
2026-02-03,1912391,Mary's,Pub/bar/nightclub,89 St Mary Street,Cathays,Cardiff,,CF10 1DW,Cardiff,AwaitingInspection,,FHRS,False,51.4782641,-3.1783313,"89 St Mary Street, Cathays, Cardiff, CF10 1DW"
2026-02-03,1912215,Bar @ Tap And Table Food Court,Pub/bar/nightclub,Kiosk No 3,Portsmouth And Southsea Railway Station,Station Street,Portsmouth,PO1 1EH,Portsmouth,AwaitingInspection,,FHRS,False,50.7986137,-1.0903842,"Kiosk No 3, Portsmouth And Southsea Railway Station, Station Street, Portsmouth, PO1 1EH"
2026-02-03,1912227,Lamb inn,Pub/bar/nightclub,The Lamb Inn Steyne Street,,Bognor Regis,West Sussex,PO21 1TJ,Arun,AwaitingInspection,,FHRS,False,50.7839407,-0.6778762,"The Lamb Inn Steyne Street, Bognor Regis, West Sussex, PO21 1TJ"
2026-02-03,1912376,Fox and Hounds,Pub/bar/nightclub,672 Barnsley Road,Newmillerdam,Wakefield,,WF2 6QQ,Wakefield,AwaitingInspection,,FHRS,True,53.635727,-1.502989,"672 Barnsley Road, Newmillerdam, Wakefield, WF2 6QQ"
2026-02-03,338954,Cottage Inn,Pub/bar/nightclub,,Heol Caerfyrddin,Llandeilo,Sir Gaerfyrddin,SA19 6SD,Sir Gaerfyrddin,5,2025-01-06,FHRS,False,51.8937568664551,-4.03844881057739,"Heol Caerfyrddin, Llandeilo, Sir Gaerfyrddin, SA19 6SD"
2026-02-03,75348,The Greyhound Public House,Pub/bar/nightclub,,2 High Street,Haversham,Milton Keynes,MK19 7DT,Milton Keynes,3,2025-12-10,FHRS,False,52.077591,-0.79276,"2 High Street, Haversham, Milton Keynes, MK19 7DT"
2026-02-03,1912462,Red House Farm Bar & Restaurant,Pub/bar/nightclub,The Red House Farm,Hepscott Drive,Whitley Bay,Tyne And Wear,NE25 9XJ,North Tyneside,5,2026-01-16,FHRS,False,55.048083,-1.473394,"The Red House Farm, Hepscott Drive, Whitley Bay, Tyne And Wear, NE25 9XJ"
2026-02-03,338954,THE COTTAGE INN,Pub/bar/nightclub,,,Llandeilo,Carmarthenshire,SA19 6SD,Carmarthenshire,5,2025-01-06,FHRS,False,51.8937568664551,-4.03844881057739,"Llandeilo, Carmarthenshire, SA19 6SD"
2026-02-03,1912510,The Fox,Pub/bar/nightclub,The Fox Hotel,Valley Road,,Nottingham,NG5 1HY,Nottingham City,AwaitingInspection,,FHRS,False,52.983525,-1.17313,"The Fox Hotel, Valley Road, Nottingham, NG5 1HY"
2026-02-03,1912502,The Half Moon Pub,Pub/bar/nightclub,The Half Moon Abbey Road,,,Knaresborough,HG5 8HY,North Yorkshire,AwaitingInspection,,FHRS,True,,,"The Half Moon Abbey Road, Knaresborough, HG5 8HY"
2026-02-03,1912556,Sullivans Bar Too,Pub/bar/nightclub,Unit 1 351 Waterloo Road,Blackpool,,,FY4 3AG,Blackpool,5,2026-01-28,FHRS,False,53.8000229,-3.0344288,"Unit 1 351 Waterloo Road, Blackpool, FY4 3AG"
2026-02-04,1912719,Railway Inn,Pub/bar/nightclub,4 Main Street,Shenstone,Lichfield,Staffordshire,WS14 0LZ,Lichfield,AwaitingInspection,,FHRS,False,52.6400358,-1.8414289,"4 Main Street, Shenstone, Lichfield, Staffordshire, WS14 0LZ"
2026-02-04,1912720,The Green Man & Coach House,Pub/bar/nightclub,Main Street,Clifton Campville,Tamworth,Staffordshire,B79 0AX,Lichfield,AwaitingInspection,,FHRS,True,52.6963043212891,-1.62281000614166,"Main Street, Clifton Campville, Tamworth, Staffordshire, B79 0AX"
2026-02-04,1912723,Three Horseshoes,Pub/bar/nightclub,New Street,Fazeley,Tamworth,Staffordshire,B78 3RD,Lichfield,AwaitingInspection,,FHRS,False,52.6140213012695,-1.69817495346069,"New Street, Fazeley, Tamworth, Staffordshire, B78 3RD"
2026-02-04,1912920,Pear Tree Inn (Kitchen),Pub/bar/nightclub,Pear Tree Inn,155 St Thomas Road,Derby,,DE23 8RH,Derby City,AwaitingInspection,,FHRS,True,52.9030249,-1.478085,"Pear Tree Inn, 155 St Thomas Road, Derby, DE23 8RH"
2026-02-04,1912919,Suds & Soda,Pub/bar/nightclub,,119 Friar Gate,Derby,,DE1 1EX,Derby City,AwaitingInspection,,FHRS,True,52.923212,-1.482727,"119 Friar Gate, Derby, DE1 1EX"
2026-02-04,1912898,Ealing Picturehouse,Pub/bar/nightclub,8 Filmworks Walk,Ealing,Ealing,,W5 5FA,Ealing,5,2025-11-25,FHRS,False,51.5119351,-0.3066363,"8 Filmworks Walk, Ealing, Ealing, W5 5FA"
2026-02-04,1912629,The Crown,Pub/bar/nightclub,Daventry Street,Southam,,,CV47 1PH,Stratford-on-Avon,AwaitingInspection,,FHRS,False,52.25286901,-1.38747692,"Daventry Street, Southam, CV47 1PH"
2026-02-04,1912884,Noah's Bar,Pub/bar/nightclub,12 Market Buildings,Maidstone,Kent,,ME14 1HP,Maidstone,AwaitingInspection,,FHRS,False,51.274339,0.521751,"12 Market Buildings, Maidstone, Kent, ME14 1HP"
2026-02-04,1912835,The Windsor Wayclub Ltd T/A The Windsor Club,Pub/bar/nightclub,Community Centre 54 Windsor Way,,Polegate,East Sussex,BN26 6QF,Wealden,5,2023-02-07,FHRS,False,50.8241157,0.2455292,"Community Centre 54 Windsor Way, Polegate, East Sussex, BN26 6QF"
2026-02-05,1077047,Accidental Tap House,Pub/bar/nightclub,Ground Floor The Old Stables,Bulk Street,Lancaster,Lancashire,LA1 1PU,Lancaster City,AwaitingInspection,,FHRS,False,54.0475825,-2.7961901,"Ground Floor The Old Stables, Bulk Street, Lancaster, Lancashire, LA1 1PU"
2026-02-05,108622,Limeburners Arms,Pub/bar/nightclub,,32 Main Road,Nether Kellet,Carnforth,LA6 1EP,Lancaster City,AwaitingInspection,,FHRS,False,54.107651,-2.7579,"32 Main Road, Nether Kellet, Carnforth, LA6 1EP"
2026-02-05,505826,The Bull,Pub/bar/nightclub,,17 Lines Street,Morecambe,Lancashire,LA4 5ES,Lancaster City,AwaitingInspection,,FHRS,False,54.072514,-2.862478,"17 Lines Street, Morecambe, Lancashire, LA4 5ES"
2026-02-05,1912942,The woolpack,Pub/bar/nightclub,The Woolpack Inn Church Road,,Smeeth,,TN25 6RX,Ashford,AwaitingInspection,,FHRS,False,,,"The Woolpack Inn Church Road, Smeeth, TN25 6RX"
2026-02-05,1912981,The Victoria Arms,Pub/bar/nightclub,The Victoria Arms Terrace Road North,Binfield,Bracknell,Bracknell Forest,RG42 5JA,Bracknell Forest,AwaitingInspection,,FHRS,False,,,"The Victoria Arms Terrace Road North, Binfield, Bracknell, Bracknell Forest, RG42 5JA"
2026-02-05,1913070,The Victory Lounge Sports Bar,Pub/bar/nightclub,,29-31 High Street,,Cleethorpes,DN35 8LT,North East Lincolnshire,AwaitingInspection,,FHRS,False,53.5605121,-0.0312346,"29-31 High Street, Cleethorpes, DN35 8LT"
2026-02-05,1913017,The Command House,Pub/bar/nightclub,Dock Road,Chatham,Medway,,ME4 4TX,Medway,AwaitingInspection,,FHRS,False,51.3862167,0.5239297,"Dock Road, Chatham, Medway, ME4 4TX"
2026-02-05,1912997,Bar 10,Pub/bar/nightclub,,19-23 Bridgegate,Irvine,North Ayrshire,KA12 8BJ,North Ayrshire,Awaiting Inspection,,FHIS,False,55.6140856,-4.6670217,"19-23 Bridgegate, Irvine, North Ayrshire, KA12 8BJ"
2026-02-05,1913089,Jolly Colliers Inn,Pub/bar/nightclub,The Jolly Collier Inn,Waenllapria,Llanelly Hill,Abergavenny,NP7 0PW,Sir Fynwy,AwaitingInspection,,FHRS,False,51.8029594421387,-3.12923502922058,"The Jolly Collier Inn, Waenllapria, Llanelly Hill, Abergavenny, NP7 0PW"
2026-02-05,1913090,Monmouth Sports Association,Pub/bar/nightclub,,The Sports Ground Pavilion,Blestium Street,Chippenham Mead,NP25 3AF,Sir Fynwy,5,2026-01-28,FHRS,False,51.807024,-2.7171883,"The Sports Ground Pavilion, Blestium Street, Chippenham Mead, NP25 3AF"
2026-02-05,1913093,Wyesham Warren,Pub/bar/nightclub,,20 Chapel Close,Wyesham,Monmouth,NP25 3NN,Sir Fynwy,AwaitingInspection,,FHRS,False,51.8052313,-2.701801,"20 Chapel Close, Wyesham, Monmouth, NP25 3NN"
2026-02-05,1913003,Old Lion,Pub/bar/nightclub,Old Lion Inn 30 Lower Street,,Cleobury Mortimer,Shropshire,DY14 8AB,Shropshire,4,2009-06-23,FHRS,False,52.3809204,-2.4783773,"Old Lion Inn 30 Lower Street, Cleobury Mortimer, Shropshire, DY14 8AB"
2026-02-05,1913058,Robin Hood,Pub/bar/nightclub,Murton Lane,Murton,Newcastle Upon Tyne,,NE27 0LR,North Tyneside,5,2026-01-28,FHRS,False,55.03046,-1.488033,"Murton Lane, Murton, Newcastle Upon Tyne, NE27 0LR"
2026-02-05,1913089,Jolly Colliers Inn,Pub/bar/nightclub,The Jolly Collier Inn,Waenllapria,Llanelly Hill,Abergavenny,NP7 0PW,Monmouthshire,AwaitingInspection,,FHRS,False,51.8029594421387,-3.12923502922058,"The Jolly Collier Inn, Waenllapria, Llanelly Hill, Abergavenny, NP7 0PW"
2026-02-05,1913090,Monmouth Sports Association,Pub/bar/nightclub,,The Sports Ground Pavilion,Blestium Street,Chippenham Mead,NP25 3AF,Monmouthshire,5,2026-01-28,FHRS,False,51.807024,-2.7171883,"The Sports Ground Pavilion, Blestium Street, Chippenham Mead, NP25 3AF"
2026-02-05,1913093,Wyesham Warren,Pub/bar/nightclub,,20 Chapel Close,Wyesham,Monmouth,NP25 3NN,Monmouthshire,AwaitingInspection,,FHRS,False,51.8052313,-2.701801,"20 Chapel Close, Wyesham, Monmouth, NP25 3NN"
2026-02-05,1912985,The Elizabethan,Pub/bar/nightclub,55 Park Lane,Woodside,Telford,Shropshire,TF7 5LJ,Telford and Wrekin Council,5,2026-01-27,FHRS,False,52.6383793,-2.4701673,"55 Park Lane, Woodside, Telford, Shropshire, TF7 5LJ"
2026-02-05,1913118,Fusion Function And Events,Pub/bar/nightclub,77 Hammerton Street,Burnley,Lancashire,,BB11 1LE,Burnley,AwaitingInspection,,FHRS,False,53.7872845,-2.2461949,"77 Hammerton Street, Burnley, Lancashire, BB11 1LE"
2026-02-05,1909028,The Crown Inn,Pub/bar/nightclub,Crown Inn,The Street,West Harptree,Bristol,BS40 6HA,Bath and North East Somerset,AwaitingInspection,,FHRS,True,51.3090948,-2.6311208,"Crown Inn, The Street, West Harptree, Bristol, BS40 6HA"
2026-02-05,1899153,The Inn At Freshford,Pub/bar/nightclub,The Inn,The Hill,Freshford,Bath,BA2 7WG,Bath and North East Somerset,5,2026-01-29,FHRS,False,51.339337,-2.30185,"The Inn, The Hill, Freshford, Bath, BA2 7WG"
2026-02-05,1912945,The Generous Briton,Pub/bar/nightclub,14 Main Street,Costock,Nottinghamshire,,LE12 6XD,Rushcliffe,AwaitingInspection,,FHRS,False,52.831533,-1.150666,"14 Main Street, Costock, Nottinghamshire, LE12 6XD"
2026-02-05,1912946,The Heart At Ruddington,Pub/bar/nightclub,Easthorpe Street,Ruddington,Nottinghamshire,,NG11 6LB,Rushcliffe,AwaitingInspection,,FHRS,False,52.893501,-1.145918,"Easthorpe Street, Ruddington, Nottinghamshire, NG11 6LB"
2026-02-05,1912949,New Hope Cuisine,Pub/bar/nightclub,,Royal British Legion,Market Square,Oldmeldrum,AB51 0AA,Aberdeenshire,Awaiting Inspection,2026-01-29,FHIS,False,,,"Royal British Legion, Market Square, Oldmeldrum, AB51 0AA"
2026-02-06,1913281,Paradise Lodge,Pub/bar/nightclub,Paradise Farm,Hamlet Hill,Roydon,Harlow,CM19 5JZ,Epping Forest,AwaitingInspection,,FHRS,False,51.7511564,0.0337208,"Paradise Farm, Hamlet Hill, Roydon, Harlow, CM19 5JZ"
2026-02-06,1913274,Cliffhanger Tiki Bar,Pub/bar/nightclub,The Old Post House,Mundesley Road,Trimingham,Norfolk,NR11 8DZ,North Norfolk,AwaitingInspection,,FHRS,False,52.8958833,1.3940207,"The Old Post House, Mundesley Road, Trimingham, Norfolk, NR11 8DZ"
2026-02-06,1913372,Beehive South Shields,Pub/bar/nightclub,The Beehive Inn,Mile End Road,South Shields,Tyne & Wear,NE33 1TF,South Tyneside,AwaitingInspection,,FHRS,False,,,"The Beehive Inn, Mile End Road, South Shields, Tyne & Wear, NE33 1TF"
2026-02-06,1823132,The Railway Inn,Pub/bar/nightclub,45 Hewell Road,Redditch,Worcestershire,,B97 6AE,Redditch,5,2026-01-30,FHRS,False,52.308184,-1.944718,"45 Hewell Road, Redditch, Worcestershire, B97 6AE"
2026-02-06,1795772,Congleton Snooker Club,Pub/bar/nightclub,Royle Street,Congleton,,Cheshire,CW12 1HR,Cheshire East,5,2025-01-23,FHRS,False,53.1668694,-2.21437335,"Royle Street, Congleton, Cheshire, CW12 1HR"
2026-02-06,1913239,G and T,Pub/bar/nightclub,23 Back Wallgate,Macclesfield,,Cheshire East,SK11 6LQ,Cheshire East,5,2026-01-23,FHRS,False,53.2593996,-2.1248123,"23 Back Wallgate, Macclesfield, Cheshire East, SK11 6LQ"
2026-02-06,1913238,The Shroppie Fly,Pub/bar/nightclub,The Shroppie Fly Audlem Wharf Shropshire Street,Audlem,,Cheshire East,CW3 0DX,Cheshire East,AwaitingInspection,,FHRS,False,52.9887794,-2.5110513,"The Shroppie Fly Audlem Wharf Shropshire Street, Audlem, Cheshire East, CW3 0DX"
2026-02-06,1913358,Mono Malo,Pub/bar/nightclub,,Unit E2 Olive Lane,Waverley,Rotherham,S60 8GA,Rotherham,AwaitingInspection,,FHRS,False,53.3849186,-1.3753227,"Unit E2 Olive Lane, Waverley, Rotherham, S60 8GA"
2026-02-06,949337,Sportsman Inn Shop,Pub/bar/nightclub,,55 Broad Street,Parkgate,Rotherham,S62 6DU,Rotherham,AwaitingInspection,,FHRS,False,53.4530489,-1.3432737,"55 Broad Street, Parkgate, Rotherham, S62 6DU"
2026-02-06,1913225,The last shift Inn,Pub/bar/nightclub,The Last Shift Inn,38-40 Carnwath Road,Braehead,Lanark,ML11 8EY,South Lanarkshire,Awaiting Inspection,,FHIS,False,55.7398665,-3.6658181,"The Last Shift Inn, 38-40 Carnwath Road, Braehead, Lanark, ML11 8EY"
2026-02-06,1913342,The Woodstock Arms,Pub/bar/nightclub,Woodstock Arms,6 - 8 Market Street,Woodstock,Oxfordshire,OX20 1SX,West Oxfordshire,AwaitingInspection,,FHRS,False,51.847516,-1.355096,"Woodstock Arms, 6 - 8 Market Street, Woodstock, Oxfordshire, OX20 1SX"
2026-02-07,1913485,The Railway Vue,Pub/bar/nightclub,163 Station Road,,Impington,Cambridgeshire,CB24 9NP,South Cambridgeshire,AwaitingInspection,,FHRS,False,52.242592,0.1109156,"163 Station Road, Impington, Cambridgeshire, CB24 9NP"
2026-02-07,1913487,The White Horse,Pub/bar/nightclub,20 - 22 High Street,,Milton,Cambridgeshire,CB24 6AJ,South Cambridgeshire,AwaitingInspection,,FHRS,False,52.243242,0.1614541,"20 - 22 High Street, Milton, Cambridgeshire, CB24 6AJ"
2026-02-07,1913837,Problematic Pub Comedy Club,Pub/bar/nightclub,,11 The Strand,,,SA1 2AE,Swansea,AwaitingInspection,,FHRS,False,51.6199726,-3.940274,"11 The Strand, SA1 2AE"
2026-02-07,1913619,The Running Horse,Pub/bar/nightclub,The Running Horse (Ph),Bridge Street,,Leatherhead,KT22 8BZ,Mole Valley,AwaitingInspection,,FHRS,False,,,"The Running Horse (Ph), Bridge Street, Leatherhead, KT22 8BZ"
2026-02-07,1913620,The Seven Stars,Pub/bar/nightclub,The Seven Stars,Bunce Common Road,,Leigh,RH2 8NP,Mole Valley,AwaitingInspection,,FHRS,False,51.210248,-0.258474,"The Seven Stars, Bunce Common Road, Leigh, RH2 8NP"
2026-02-07,1913879,TIME,Pub/bar/nightclub,7 The Square,Market Place,Uttoxeter,,ST14 8HN,East Staffordshire,AwaitingInspection,,FHRS,False,52.8979912,-1.8631494,"7 The Square, Market Place, Uttoxeter, ST14 8HN"
2026-02-07,1897172,JJ's Liskeard,Pub/bar/nightclub,JJ's Sports Bar,4 Dean Street,Liskeard,Cornwall,PL14 4AA,Cornwall,5,2026-01-30,FHRS,False,50.4536293,-4.4655395,"JJ's Sports Bar, 4 Dean Street, Liskeard, Cornwall, PL14 4AA"
2026-02-07,1893142,Old Ale House,Pub/bar/nightclub,The Old Ale House,7 Quay Street,Truro,Cornwall,TR1 2HD,Cornwall,5,2026-01-23,FHRS,False,50.263065,-5.04869,"The Old Ale House, 7 Quay Street, Truro, Cornwall, TR1 2HD"
2026-02-07,1866036,Polgooth Inn,Pub/bar/nightclub,Ricketts Road,Polgooth,St Austell,Cornwall,PL26 7DA,Cornwall,5,2026-02-03,FHRS,False,50.31791,-4.812001,"Ricketts Road, Polgooth, St Austell, Cornwall, PL26 7DA"
2026-02-07,1901106,The Coldstreamer,Pub/bar/nightclub,The Coldstreamer Inn,Gulval,Penzance,Cornwall,TR18 3BB,Cornwall,5,2026-01-30,FHRS,False,50.132234,-5.521863,"The Coldstreamer Inn, Gulval, Penzance, Cornwall, TR18 3BB"
2026-02-07,1913742,The Bee,Pub/bar/nightclub,1 Britwell Road,Burnham,Buckinghamshire,,SL1 8AF,Buckinghamshire,AwaitingInspection,,FHRS,False,51.535847,-0.657843,"1 Britwell Road, Burnham, Buckinghamshire, SL1 8AF"
2026-02-07,1913723,The Griffin,Pub/bar/nightclub,The Gamekeepers Lodge Public House,Bellingdon Road,Chesham,Buckinghamshire,HP5 2NN,Buckinghamshire,AwaitingInspection,,FHRS,False,51.711843,-0.613531,"The Gamekeepers Lodge Public House, Bellingdon Road, Chesham, Buckinghamshire, HP5 2NN"
2026-02-07,1913537,Red Lion,Pub/bar/nightclub,Red Lion Inn,Station Road,Claverdon,Warwick,CV35 8PE,Stratford-on-Avon,AwaitingInspection,,FHRS,False,52.27942,-1.700999,"Red Lion Inn, Station Road, Claverdon, Warwick, CV35 8PE"
2026-02-07,1289993,Ashton And District Bridge Club,Pub/bar/nightclub,Ashton Bridge Club - 1st Floor,Carr Street,Ashton-under-lyne,Tameside,OL6 8ES,Tameside,5,2026-01-13,FHRS,False,,,"Ashton Bridge Club - 1st Floor, Carr Street, Ashton-under-lyne, Tameside, OL6 8ES"
2026-02-07,1913503,Blues Caberet And Karaoke Bar,Pub/bar/nightclub,Olivers Bar,29 Bow Street,Ashton-under-lyne,Tameside,OL6 6BU,Tameside,AwaitingInspection,,FHRS,False,53.4887086,-2.093658,"Olivers Bar, 29 Bow Street, Ashton-under-lyne, Tameside, OL6 6BU"
2026-02-07,982262,The Sycamore,Pub/bar/nightclub,Sycamore Inn,4 Stamford Square,Ashton-under-lyne,Tameside,OL6 6QX,Tameside,5,2024-01-18,FHRS,False,53.4864572,-2.0741065,"Sycamore Inn, 4 Stamford Square, Ashton-under-lyne, Tameside, OL6 6QX"
2026-02-07,4648,Wharf Tavern,Pub/bar/nightclub,Wharf Tavern,77 Caroline Street,Stalybridge,Tameside,SK15 1PD,Tameside,5,2026-01-30,FHRS,False,53.48153,-2.062089,"Wharf Tavern, 77 Caroline Street, Stalybridge, Tameside, SK15 1PD"
2026-02-07,1913837,Problematic Pub Comedy Club,Pub/bar/nightclub,,11 The Strand,,,SA1 2AE,Abertawe,AwaitingInspection,,FHRS,False,51.6199726,-3.940274,"11 The Strand, SA1 2AE"
2026-02-07,1913904,Bathams brewery,Pub/bar/nightclub,Bathams Brewery,10 Delph Road,Brierley Hill,,DY5 2TN,Dudley,AwaitingInspection,,FHRS,False,52.4744633,-2.1154607,"Bathams Brewery, 10 Delph Road, Brierley Hill, DY5 2TN"
2026-02-07,1913928,Soccer Zone,Pub/bar/nightclub,Park Road,Cradley,,,B63 2RG,Dudley,AwaitingInspection,,FHRS,False,52.45779377,-2.09689835,"Park Road, Cradley, B63 2RG"
2026-02-07,1913919,Stourbridge Old Edwardian Club,Pub/bar/nightclub,Stourbridge Old Edwardians Club,Drury Lane,Stourbridge,,DY8 1BL,Dudley,AwaitingInspection,,FHRS,False,52.455064,-2.148908,"Stourbridge Old Edwardians Club, Drury Lane, Stourbridge, DY8 1BL"
2026-02-07,1913923,Waggon & Horses,Pub/bar/nightclub,21 Stourbridge Road,Halesowen,,,B63 3TU,Dudley,AwaitingInspection,,FHRS,False,52.451469,-2.054605,"21 Stourbridge Road, Halesowen, B63 3TU"
2026-02-07,1913157,The Railway Hotel Radstock,Pub/bar/nightclub,Railway Hotel,Welton Road,Westfield,Bath And North East Somerset,BA3 3RR,Bath and North East Somerset,5,2026-02-03,FHRS,False,51.2908237,-2.4543913,"Railway Hotel, Welton Road, Westfield, Bath And North East Somerset, BA3 3RR"
2026-02-07,1913425,Union Inn,Pub/bar/nightclub,The Union Inn 6 East Street Newton Abbot,,,,TQ12 1AF,Teignbridge,AwaitingInspection,,FHRS,False,50.5291199,-3.6123308,"The Union Inn 6 East Street Newton Abbot, TQ12 1AF"
2026-02-07,1913452,The Swan Inn,Pub/bar/nightclub,The Swan Inn 15 High Street,,Haslemere,Surrey,GU27 2HG,Waverley,AwaitingInspection,,FHRS,False,51.087873,-0.7097538,"The Swan Inn 15 High Street, Haslemere, Surrey, GU27 2HG"
2026-02-07,1899089,Wonersh Cricket Club Ltd,Pub/bar/nightclub,Sports Pavilion Wonersh Common,Wonersh,Guildford,Surrey,GU5 0PH,Waverley,AwaitingInspection,,FHRS,False,,,"Sports Pavilion Wonersh Common, Wonersh, Guildford, Surrey, GU5 0PH"
2026-02-07,35440,Wobblegate Ltd And The Cider Tap,Pub/bar/nightclub,The Cider Tap And Orchard,Old Mill House Farm,Cowfold Road,Bolney,RH17 5SE,Mid Sussex,5,2024-05-30,FHRS,False,50.9950712,-0.2186762,"The Cider Tap And Orchard, Old Mill House Farm, Cowfold Road, Bolney, RH17 5SE"
2026-02-09,1913963,Commercial Hotel,Pub/bar/nightclub,Commercial Hotel,Market Street,Abertillery,Blaenau Gwent,NP13 1AH,Blaenau Gwent,AwaitingInspection,,FHRS,False,51.729946,-3.134017,"Commercial Hotel, Market Street, Abertillery, Blaenau Gwent, NP13 1AH"
2026-02-09,1913963,Commercial Hotel,Pub/bar/nightclub,Commercial Hotel,Market Street,Abertillery,Blaenau Gwent,NP13 1AH,Blaenau Gwent,AwaitingInspection,,FHRS,False,51.729946,-3.134017,"Commercial Hotel, Market Street, Abertillery, Blaenau Gwent, NP13 1AH"
2026-02-10,1914139,Sir John Cockle,Pub/bar/nightclub,114 Sutton Road,,Mansfield,Nottinghamshire,NG18 5EU,Mansfield,AwaitingInspection,,FHRS,False,53.1379552,-1.2159242,"114 Sutton Road, Mansfield, Nottinghamshire, NG18 5EU"
2026-02-10,1914029,The Cambrian Tap,Pub/bar/nightclub,51 St Mary Street,Cathays,Cardiff,,CF10 1AD,Caerdydd,AwaitingInspection,,FHRS,False,51.4776831,-3.1770923,"51 St Mary Street, Cathays, Cardiff, CF10 1AD"
2026-02-10,1914216,Adam & Eve,Pub/bar/nightclub,The Ridgeway,,,,NW7 1RL,Barnet,AwaitingInspection,,FHRS,False,,,"The Ridgeway, NW7 1RL"
2026-02-10,1914215,Osidge Arms,Pub/bar/nightclub,Osidge Arms  Hampden Square London,,,,N14 5JP,Barnet,AwaitingInspection,,FHRS,True,51.632159,-0.142414,"Osidge Arms  Hampden Square London, N14 5JP"
2026-02-10,1914041,O' Connors,Pub/bar/nightclub,O'Connors,7 Hall Street,Chelmsford,,CM2 0HG,Chelmsford,AwaitingInspection,,FHRS,False,51.7295449,0.4736125,"O'Connors, 7 Hall Street, Chelmsford, CM2 0HG"
2026-02-10,1914267,Old Ship Inn,Pub/bar/nightclub,16 High West Street,,Dorchester,Dorset,DT1 1UW,Dorset,AwaitingInspection,,FHRS,False,50.7151298522949,-2.43887996673584,"16 High West Street, Dorchester, Dorset, DT1 1UW"
2026-02-10,1914282,Sandara,Pub/bar/nightclub,36 St Thomas Street,,Weymouth,Dorset,DT4 8EH,Dorset,5,2026-01-30,FHRS,False,50.6084403991699,-2.45485901832581,"36 St Thomas Street, Weymouth, Dorset, DT4 8EH"
2026-02-10,1914272,The Royal Oak Inn,Pub/bar/nightclub,The Royal Oak West Street,,Bere Regis,Dorset,BH20 7HQ,Dorset,AwaitingInspection,,FHRS,False,50.7528648376465,-2.21746897697449,"The Royal Oak West Street, Bere Regis, Dorset, BH20 7HQ"
2026-02-10,1914029,The Cambrian Tap,Pub/bar/nightclub,51 St Mary Street,Cathays,Cardiff,,CF10 1AD,Cardiff,AwaitingInspection,,FHRS,False,51.4776831,-3.1770923,"51 St Mary Street, Cathays, Cardiff, CF10 1AD"
2026-02-10,1914055,The Arundel Taphouse,Pub/bar/nightclub,Calceto Barn Calceto Lane,,Lyminster,West Sussex,BN17 7QL,Arun,AwaitingInspection,,FHRS,False,50.8399618,-0.5342777,"Calceto Barn Calceto Lane, Lyminster, West Sussex, BN17 7QL"
2026-02-10,1914019,The Six Bells Inn,Pub/bar/nightclub,The Six Bells,,Penmark,Vale Of Glamorgan,CF62 3BP,Bro Morgannwg,AwaitingInspection,,FHRS,False,,,"The Six Bells, Penmark, Vale Of Glamorgan, CF62 3BP"
2026-02-10,1914323,Volcano Valley,Pub/bar/nightclub,22A Cromwell Road,Wisbech,Cambridgeshire,,PE14 0RG,Fenland,AwaitingInspection,,FHRS,False,52.654222,0.146396,"22A Cromwell Road, Wisbech, Cambridgeshire, PE14 0RG"
2026-02-10,201939,The Grand Junction Arms,Pub/bar/nightclub,The Grand Junction Arms,Bulbourne Road,Bulbourne,Tring,HP23 5QE,Dacorum,5,2026-01-30,FHRS,False,51.812838,-0.649225,"The Grand Junction Arms, Bulbourne Road, Bulbourne, Tring, HP23 5QE"
2026-02-10,1914019,The Six Bells Inn,Pub/bar/nightclub,The Six Bells,,Penmark,Vale Of Glamorgan,CF62 3BP,Vale of Glamorgan,AwaitingInspection,,FHRS,False,,,"The Six Bells, Penmark, Vale Of Glamorgan, CF62 3BP"
2026-02-10,1914190,The Besties Bar,Pub/bar/nightclub,,26 Neath Road,Resolven,Neath Port Talbot,SA11 4AA,Castell-nedd Port Talbot,AwaitingInspection,,FHRS,False,51.7092867,-3.6949173,"26 Neath Road, Resolven, Neath Port Talbot, SA11 4AA"
2026-02-10,1914345,The New Castle,Pub/bar/nightclub,,8 Sneinton Road,,Nottingham,NG2 4PA,Nottingham City,AwaitingInspection,,FHRS,False,52.953268,-1.136703,"8 Sneinton Road, Nottingham, NG2 4PA"
2026-02-10,599675,Four Oaks P H,Pub/bar/nightclub,The Four Oaks Public House,62 Belwell Lane,Birmingham,Birmingham,B74 4TR,Birmingham,5,2026-01-19,FHRS,False,52.586472,-1.838056,"The Four Oaks Public House, 62 Belwell Lane, Birmingham, Birmingham, B74 4TR"
2026-02-10,954623,Hen and Chicken,Pub/bar/nightclub,27 Constitution Hill,Birmingham,,,B19 3LE,Birmingham,5,2026-01-08,FHRS,False,52.487213,-1.902495,"27 Constitution Hill, Birmingham, B19 3LE"
2026-02-10,1914328,Pin Mill Sailing Club,Pub/bar/nightclub,Pin Mill Road,Chelmondiston,IPSWICH,Suffolk,IP9 1JP,Babergh,5,2026-01-30,FHRS,False,51.9966,1.210767,"Pin Mill Road, Chelmondiston, IPSWICH, Suffolk, IP9 1JP"
2026-02-10,1914307,Bishop Blaize,Pub/bar/nightclub,Market Place,,,Richmond,DL10 4QL,North Yorkshire,AwaitingInspection,,FHRS,False,54.4029023,-1.73619845,"Market Place, Richmond, DL10 4QL"
2026-02-10,1914115,Bechers Brook,Pub/bar/nightclub,53 Ascot Avenue,Cantley,Doncaster,,DN4 6HL,Doncaster,AwaitingInspection,,FHRS,False,53.5168438,-1.0814388,"53 Ascot Avenue, Cantley, Doncaster, DN4 6HL"
2026-02-10,855939,Bentley North End Sports&Social Pub,Pub/bar/nightclub,North End Social Club Askern Road,Bentley,Doncaster,,DN5 0EP,Doncaster,3,2024-02-13,FHRS,False,53.5529689,-1.1469821,"North End Social Club Askern Road, Bentley, Doncaster, DN5 0EP"
2026-02-10,367597,Coco,Pub/bar/nightclub,22 Silver Street,,Doncaster,,DN1 1HQ,Doncaster,5,2024-01-09,FHRS,False,,,"22 Silver Street, Doncaster, DN1 1HQ"
2026-02-10,1914129,Doncaster Little Theatre,Pub/bar/nightclub,Doncaster Little Theatre 1 King Street Doncaster,,,,DN1 1JD,Doncaster,AwaitingInspection,,FHRS,False,,,"Doncaster Little Theatre 1 King Street Doncaster, DN1 1JD"
2026-02-10,368070,Frank & Stein,Pub/bar/nightclub,18 - 20 Silver Street,,Doncaster,,DN1 1HQ,Doncaster,5,2024-01-09,FHRS,False,53.5231111,-1.131574,"18 - 20 Silver Street, Doncaster, DN1 1HQ"
2026-02-10,1914123,Grazing Harts,Pub/bar/nightclub,The Grazing Harts 29 Greaves Sike Lane,Micklebring,Doncaster,,S66 7RR,Doncaster,AwaitingInspection,,FHRS,False,,,"The Grazing Harts 29 Greaves Sike Lane, Micklebring, Doncaster, S66 7RR"
2026-02-10,366425,Manana Manana,Pub/bar/nightclub,3 - 9 Lazarus Court Bradford Row,,Doncaster,,DN1 3NF,Doncaster,5,2023-11-02,FHRS,False,53.5231273,-1.1297791,"3 - 9 Lazarus Court Bradford Row, Doncaster, DN1 3NF"
2026-02-10,1011996,Mint Bar,Pub/bar/nightclub,15 - 17 Lazarus Court Bradford Row,,Doncaster,,DN1 3NF,Doncaster,2,2023-10-27,FHRS,False,53.5226885,-1.1299326,"15 - 17 Lazarus Court Bradford Row, Doncaster, DN1 3NF"
2026-02-10,367016,Number 15,Pub/bar/nightclub,21 High Street,,Doncaster,,DN1 1DW,Doncaster,5,2023-08-04,FHRS,False,53.5231271,-1.1332516,"21 High Street, Doncaster, DN1 1DW"
2026-02-10,1275338,O'Donegans,Pub/bar/nightclub,20 - 21 Hall Gate,,Doncaster,,DN1 3NG,Doncaster,4,2023-10-27,FHRS,False,53.5224788,-1.1300276,"20 - 21 Hall Gate, Doncaster, DN1 3NG"
2026-02-10,368994,Red Lion Hotel,Pub/bar/nightclub,Red Lion Hotel Sheffield Road,Conisbrough,Doncaster,,DN12 2BY,Doncaster,5,2024-12-12,FHRS,False,,,"Red Lion Hotel Sheffield Road, Conisbrough, Doncaster, DN12 2BY"
2026-02-10,366894,Rock a Hula Tiki Bar,Pub/bar/nightclub,Rock A Hula Tiki Bar Lazarus Court Bradford Row,,Doncaster,,DN1 3NF,Doncaster,5,2023-10-27,FHRS,False,,,"Rock A Hula Tiki Bar Lazarus Court Bradford Row, Doncaster, DN1 3NF"
2026-02-10,837115,Social,Pub/bar/nightclub,26 - 30 Lazarus Court Bradford Row,,Doncaster,,DN1 3NF,Doncaster,3,2025-06-17,FHRS,False,53.5228331,-1.129664,"26 - 30 Lazarus Court Bradford Row, Doncaster, DN1 3NF"
2026-02-10,366435,The Club House (Cricket Club),Pub/bar/nightclub,Village Hall Broad Lane,Sykehouse,Doncaster,,DN14 9AS,Doncaster,Exempt,,FHRS,False,,,"Village Hall Broad Lane, Sykehouse, Doncaster, DN14 9AS"
2026-02-10,1914114,The Hatfield Chace,Pub/bar/nightclub,Hatfield Chace Hotel Doncaster Road,Hatfield,Doncaster,,DN7 6AD,Doncaster,AwaitingInspection,,FHRS,False,53.5726471,-1.0082249,"Hatfield Chace Hotel Doncaster Road, Hatfield, Doncaster, DN7 6AD"
2026-02-10,368128,The Lord Nelson,Pub/bar/nightclub,54 Printing Office Street,,Doncaster,,DN1 1TR,Doncaster,5,2024-01-12,FHRS,False,53.5218357,-1.1338877,"54 Printing Office Street, Doncaster, DN1 1TR"
2026-02-10,1914116,The Sportsman,Pub/bar/nightclub,The Sportsman Armthorpe Road,Wheatley Hills,Doncaster,,DN2 5QB,Doncaster,AwaitingInspection,,FHRS,False,,,"The Sportsman Armthorpe Road, Wheatley Hills, Doncaster, DN2 5QB"
2026-02-10,1914134,The Three Tuns,Pub/bar/nightclub,The Three Tuns Old Scotch Spring Lane,Stainton,Doncaster,,S66 7QT,Doncaster,AwaitingInspection,,FHRS,True,,,"The Three Tuns Old Scotch Spring Lane, Stainton, Doncaster, S66 7QT"
2026-02-10,1914020,The Crosswater,Pub/bar/nightclub,18 Main Street,Barrhill,South Ayrshire,,KA26 0PP,South Ayrshire,Awaiting Inspection,2026-02-06,FHIS,False,55.1032035,-4.7707303,"18 Main Street, Barrhill, South Ayrshire, KA26 0PP"
2026-02-10,1626287,Matlock Cricket Club,Pub/bar/nightclub,Causeway Lane,Matlock,Derbyshire,,DE4 3AR,Derbyshire Dales,5,2026-02-06,FHRS,False,53.138424,-1.554157,"Causeway Lane, Matlock, Derbyshire, DE4 3AR"
2026-02-10,1914190,The Besties Bar,Pub/bar/nightclub,,26 Neath Road,Resolven,Neath Port Talbot,SA11 4AA,Neath Port Talbot,AwaitingInspection,,FHRS,False,51.7092867,-3.6949173,"26 Neath Road, Resolven, Neath Port Talbot, SA11 4AA"
2026-02-10,1914141,VIBEZ,Pub/bar/nightclub,,49-50 Ironmarket,Newcastle Under Lyme,Staffordshire,ST5 1PB,Newcastle-Under-Lyme,AwaitingInspection,,FHRS,False,53.0117217,-2.2262904,"49-50 Ironmarket, Newcastle Under Lyme, Staffordshire, ST5 1PB"
2026-02-11,1914493,The Swan Inn,Pub/bar/nightclub,Swan Inn Mount Street,Rhostyllen,Wrexham,,LL14 4AU,Wrecsam,5,2026-01-13,FHRS,False,53.0327735,-3.0263299,"Swan Inn Mount Street, Rhostyllen, Wrexham, LL14 4AU"
2026-02-11,1914413,Airedale Heifer,Pub/bar/nightclub,53 Stocks Bank Road,Mirfield,,,WF14 9QB,Kirklees,AwaitingInspection,,FHRS,True,53.68045,-1.710587,"53 Stocks Bank Road, Mirfield, WF14 9QB"
2026-02-11,1914417,The Crown,Pub/bar/nightclub,Crown Hotel,43-45 Westgate,Huddersfield,,HD1 1PB,Kirklees,5,2026-01-20,FHRS,False,53.6468684,-1.7856747,"Crown Hotel, 43-45 Westgate, Huddersfield, HD1 1PB"
2026-02-11,1914583,Caffi LLan at The Cross Keys,Pub/bar/nightclub,Cross Keys Llanrwst Road,,Glan Conwy,Conwy,LL28 5SS,Conwy,AwaitingInspection,,FHRS,False,53.2687696,-3.796348,"Cross Keys Llanrwst Road, Glan Conwy, Conwy, LL28 5SS"
2026-02-11,1914480,Ivy House,Pub/bar/nightclub,Ivy House Public House,Worcester Street,Sunderland,,SR2 7AW,Sunderland,AwaitingInspection,,FHRS,False,54.9014375,-1.3877889,"Ivy House Public House, Worcester Street, Sunderland, SR2 7AW"
2026-02-11,1914442,Pasta Rasta,Pub/bar/nightclub,The Watermans Arms,151 High Street,Wouldham,Rochester,ME1 3TY,Tonbridge and Malling,AwaitingInspection,,FHRS,False,51.3509041,0.4584646,"The Watermans Arms, 151 High Street, Wouldham, Rochester, ME1 3TY"
2026-02-11,1914583,Caffi LLan at The Cross Keys,Pub/bar/nightclub,Cross Keys Llanrwst Road,,Glan Conwy,Conwy,LL28 5SS,Conwy,AwaitingInspection,,FHRS,False,53.2687696,-3.796348,"Cross Keys Llanrwst Road, Glan Conwy, Conwy, LL28 5SS"
2026-02-11,288393,The Rose & Thistle,Pub/bar/nightclub,,Alwinton,Northumberland,,NE65 7BQ,Northumberland,AwaitingInspection,,FHRS,False,55.3509178161621,-2.12698698043823,"Alwinton, Northumberland, NE65 7BQ"
2026-02-11,1914650,Fame Factory,Pub/bar/nightclub,ExCel,1 Western Gateway,Canning Town,London,E16 1XL,Newham,AwaitingInspection,,FHRS,False,51.50817,0.027108,"ExCel, 1 Western Gateway, Canning Town, London, E16 1XL"
2026-02-11,305639,The George Inn,Pub/bar/nightclub,37 High Street,Redbourn,Hertfordshire,,AL3 7LW,St Albans City,AwaitingInspection,,FHRS,True,51.799511,-0.395742,"37 High Street, Redbourn, Hertfordshire, AL3 7LW"
2026-02-11,1914524,The Holly Bush,Pub/bar/nightclub,Potters Crouch Lane,St Albans,Hertfordshire,,AL2 3NN,St Albans City,AwaitingInspection,,FHRS,False,51.734633,-0.385108,"Potters Crouch Lane, St Albans, Hertfordshire, AL2 3NN"
2026-02-11,1914493,The Swan Inn,Pub/bar/nightclub,Swan Inn Mount Street,Rhostyllen,Wrexham,,LL14 4AU,Wrexham,5,2026-01-13,FHRS,False,53.0327735,-3.0263299,"Swan Inn Mount Street, Rhostyllen, Wrexham, LL14 4AU"
2026-02-11,1914483,Duke of Wellington,Pub/bar/nightclub,,27 High Street,Wargrave,,RG10 8BU,Wokingham,AwaitingInspection,,FHRS,False,51.5024136,-0.8689098,"27 High Street, Wargrave, RG10 8BU"
2026-02-11,32328,Peebles Golf Club,Pub/bar/nightclub,Kirkland Street,Peebles,,Scottish Borders,EH45 8EU,Scottish Borders,Pass,2026-01-30,FHIS,False,55.65484136,-3.19858087,"Kirkland Street, Peebles, Scottish Borders, EH45 8EU"
2026-02-11,1914667,Eutophia Whs,Pub/bar/nightclub,Units 2,42 River Road,,Barking,IG11 0DW,Barking and Dagenham,AwaitingInspection,,FHRS,False,,,"Units 2, 42 River Road, Barking, IG11 0DW"
2026-02-11,1914668,Grub Club,Pub/bar/nightclub,,196 Ripple Road,,Barking,IG11 7PR,Barking and Dagenham,AwaitingInspection,,FHRS,False,51.5339939,0.0852928,"196 Ripple Road, Barking, IG11 7PR"
2026-02-12,1914764,The Church House Inn,Pub/bar/nightclub,Church House Inn,Church Walk,Stoke Gabriel,,TQ9 6SD,South Hams,AwaitingInspection,,FHRS,False,50.4030566,-3.6210399,"Church House Inn, Church Walk, Stoke Gabriel, TQ9 6SD"
2026-02-12,1914773,Westward Inn,Pub/bar/nightclub,The Westward Inn,Lee Mill Bridge,,,PL21 9EE,South Hams,AwaitingInspection,,FHRS,False,,,"The Westward Inn, Lee Mill Bridge, PL21 9EE"
2026-02-12,1914724,Barkway Social Club,Pub/bar/nightclub,Barkway Social Club Cambridge Road,,Barkway,Hertfordshire,SG8 8BS,North Hertfordshire,AwaitingInspection,,FHRS,False,,,"Barkway Social Club Cambridge Road, Barkway, Hertfordshire, SG8 8BS"
2026-02-12,1915198,Cadogan Arms,Pub/bar/nightclub,Cadogan Arms. Cadogan Arms,The Street,Ingham,Suffolk,IP31 1NG,West Suffolk,3,2025-10-17,FHRS,False,52.30392,0.7201647,"Cadogan Arms. Cadogan Arms, The Street, Ingham, Suffolk, IP31 1NG"
2026-02-12,1915081,Dog and Partridge,Pub/bar/nightclub,Dog And Partridge,29 Crown Street,Bury St Edmunds,Suffolk,IP33 1QU,West Suffolk,5,2024-12-04,FHRS,False,52.241775,0.716853,"Dog And Partridge, 29 Crown Street, Bury St Edmunds, Suffolk, IP33 1QU"
2026-02-12,1915125,Great Barton Bowls Club,Pub/bar/nightclub,Bowls Club,East Barton Road,Great Barton,Suffolk,IP31 2RF,West Suffolk,5,2001-10-05,FHRS,False,52.2677612304688,0.771943986415863,"Bowls Club, East Barton Road, Great Barton, Suffolk, IP31 2RF"
2026-02-12,1915116,Haverhill Ex-Servicemen's Club,Pub/bar/nightclub,Haverhill Ex Service Mens Club,Quakers Lane,Haverhill,Suffolk,CB9 8AU,West Suffolk,5,2018-01-30,FHRS,False,,,"Haverhill Ex Service Mens Club, Quakers Lane, Haverhill, Suffolk, CB9 8AU"
2026-02-12,1915166,Hopsters,Pub/bar/nightclub,3 Short Brackland,Bury St Edmunds,Suffolk,,IP33 1EL,West Suffolk,AwaitingInspection,,FHRS,False,52.247592,0.712593,"3 Short Brackland, Bury St Edmunds, Suffolk, IP33 1EL"
2026-02-12,1915118,RISBYGATE CLUB,Pub/bar/nightclub,Risbygate Club. Risbygate Club,Westley Road,Bury St Edmunds,Suffolk,IP33 3RR,West Suffolk,5,2023-07-25,FHRS,False,52.2467727,0.6948878,"Risbygate Club. Risbygate Club, Westley Road, Bury St Edmunds, Suffolk, IP33 3RR"
2026-02-12,1915091,The Athenaeum,Pub/bar/nightclub,The Athenaeum. The Athenaeum,Athenaeum Lane,Bury St Edmunds,Suffolk,IP33 1LY,West Suffolk,AwaitingInspection,,FHRS,False,52.2440266,0.7162129,"The Athenaeum. The Athenaeum, Athenaeum Lane, Bury St Edmunds, Suffolk, IP33 1LY"
2026-02-12,1915157,The Drabbet Smock,Pub/bar/nightclub,The Drabbet Smock. The Drabbet Smock,Peas Hill,Haverhill,Suffolk,CB9 8BB,West Suffolk,5,2025-12-08,FHRS,False,,,"The Drabbet Smock. The Drabbet Smock, Peas Hill, Haverhill, Suffolk, CB9 8BB"
2026-02-12,1915110,The Grapes,Pub/bar/nightclub,1 Brentgovel Street,Bury St Edmunds,Suffolk,,IP33 1EA,West Suffolk,5,2025-12-17,FHRS,False,52.246906,0.711556,"1 Brentgovel Street, Bury St Edmunds, Suffolk, IP33 1EA"
2026-02-12,1915112,The Nutshell,Pub/bar/nightclub,17 The Traverse,Bury St Edmunds,Suffolk,,IP33 1BJ,West Suffolk,5,2018-02-07,FHRS,False,52.245289,0.712629,"17 The Traverse, Bury St Edmunds, Suffolk, IP33 1BJ"
2026-02-12,1915085,The Queens Head,Pub/bar/nightclub,The Queens Head. The Queens Head,The Green,Hawkedon,Suffolk,IP29 4NN,West Suffolk,4,2024-12-19,FHRS,False,52.1471029,0.6279653,"The Queens Head. The Queens Head, The Green, Hawkedon, Suffolk, IP29 4NN"
2026-02-12,1915111,The Royal Exchange,Pub/bar/nightclub,69-71 High Street,Haverhill,Suffolk,,CB9 8AH,West Suffolk,5,2022-12-05,FHRS,False,52.081101,0.440994,"69-71 High Street, Haverhill, Suffolk, CB9 8AH"
2026-02-12,1915150,The Westage,Pub/bar/nightclub,The Westgate,69 Guildhall Street,Bury St Edmunds,Suffolk,IP33 1QD,West Suffolk,5,2024-07-13,FHRS,False,52.2422868,0.7121214,"The Westgate, 69 Guildhall Street, Bury St Edmunds, Suffolk, IP33 1QD"
2026-02-12,1915129,West End Home Guard Social Club,Pub/bar/nightclub,53 Abbot Road,Bury St Edmunds,Suffolk,,IP33 3UB,West Suffolk,5,2025-01-06,FHRS,False,52.240279,0.693075,"53 Abbot Road, Bury St Edmunds, Suffolk, IP33 3UB"
2026-02-12,1915104,West Stow and Wordwell Mens Club,Pub/bar/nightclub,Club Room,Icklingham Road,West Stow,Suffolk,IP28 6EZ,West Suffolk,4,2003-12-03,FHRS,False,52.3054466247559,0.659430027008057,"Club Room, Icklingham Road, West Stow, Suffolk, IP28 6EZ"
2026-02-12,1914803,The Old Hatchet,Pub/bar/nightclub,The Old Hatchet Hatchet Lane,Winkfield,Windsor,Bracknell Forest,SL4 2EE,Bracknell Forest,AwaitingInspection,,FHRS,False,51.4333557,-0.6743852,"The Old Hatchet Hatchet Lane, Winkfield, Windsor, Bracknell Forest, SL4 2EE"
2026-02-12,1914977,The Fox fair Oak,Pub/bar/nightclub,THE FOX AND HOUNDS WINCHESTER ROAD FAIR OAK EASTLEIGH SO50 7HB,,,,SO50 7HB,Eastleigh,AwaitingInspection,,FHRS,False,50.9759628,-1.3029173,"THE FOX AND HOUNDS WINCHESTER ROAD FAIR OAK EASTLEIGH SO50 7HB, SO50 7HB"
2026-02-12,1915206,Electric Nightclub Bristol,Pub/bar/nightclub,,15 Nelson Street,City Centre,Bristol,BS1 2JY,Bristol,AwaitingInspection,,FHRS,False,51.456667,-2.59216,"15 Nelson Street, City Centre, Bristol, BS1 2JY"
2026-02-12,1915234,No Food Here,Pub/bar/nightclub,,3 Coronation Road,Southville,Bristol,BS3 1AA,Bristol,AwaitingInspection,,FHRS,False,51.4455232,-2.5929043,"3 Coronation Road, Southville, Bristol, BS3 1AA"
2026-02-12,1915220,The Bristol & Bath Distillery Ltd.,Pub/bar/nightclub,,87-89 Park Street,City Centre,Bristol,BS1 5PJ,Bristol,AwaitingInspection,,FHRS,False,51.455373,-2.604477,"87-89 Park Street, City Centre, Bristol, BS1 5PJ"
2026-02-12,1025761,The Yard,Pub/bar/nightclub,The Yard 11-12 Bull Yard,,,Coventry,CV1 1LH,Coventry,3,2022-12-06,FHRS,False,52.4061556,-1.5124659,"The Yard 11-12 Bull Yard, Coventry, CV1 1LH"
2026-02-12,1914817,The Old Govan Arms,Pub/bar/nightclub,,907 Govan Road,Glasgow,,G51 3DN,Glasgow City,Improvement Required,2026-02-09,FHIS,False,55.863813,-4.316743,"907 Govan Road, Glasgow, G51 3DN"
2026-02-12,1915031,Omnis Trading Limited,Pub/bar/nightclub,Tap And Tin,24 Railway Street,Chatham,Medway,ME4 4JT,Medway,AwaitingInspection,,FHRS,False,51.3818661,0.5221663,"Tap And Tin, 24 Railway Street, Chatham, Medway, ME4 4JT"
2026-02-12,1914983,White Lion,Pub/bar/nightclub,White Lion,White Lion Hotel,Mold Road Buckley,Flintshire,CH7 2NH,Sir y Fflint,AwaitingInspection,,FHRS,False,53.1683484,-3.0867986,"White Lion, White Lion Hotel, Mold Road Buckley, Flintshire, CH7 2NH"
2026-02-12,1914983,White Lion,Pub/bar/nightclub,White Lion,White Lion Hotel,Mold Road Buckley,Flintshire,CH7 2NH,Flintshire,AwaitingInspection,,FHRS,False,53.1683484,-3.0867986,"White Lion, White Lion Hotel, Mold Road Buckley, Flintshire, CH7 2NH"
2026-02-12,1914784,Bad Boys Burgers At Holywell,Pub/bar/nightclub,The Holywell Inn,56A London Road,Hinckley,Leicestershire,LE10 1HL,Hinckley and Bosworth,AwaitingInspection,,FHRS,False,52.5411158,-1.3596172,"The Holywell Inn, 56A London Road, Hinckley, Leicestershire, LE10 1HL"
2026-02-12,1914785,Curious,Pub/bar/nightclub,3 Chapel Street,Barwell,Leicester,Leicestershire,LE9 8DE,Hinckley and Bosworth,AwaitingInspection,,FHRS,False,52.566886,-1.344085,"3 Chapel Street, Barwell, Leicester, Leicestershire, LE9 8DE"
2026-02-12,1914876,The Marlipins (Food),Pub/bar/nightclub,The Marlipins 38 High Street,,Shoreham-by-sea,West Sussex,BN43 5DA,Adur,AwaitingInspection,,FHRS,False,50.8319949,-0.2762417,"The Marlipins 38 High Street, Shoreham-by-sea, West Sussex, BN43 5DA"
2026-02-12,1914844,The Tiger,Pub/bar/nightclub,,36 Lambton Street,Normanby,,TS6 0LN,Redcar and Cleveland,AwaitingInspection,,FHRS,False,54.556262,-1.155391,"36 Lambton Street, Normanby, TS6 0LN"
2026-02-12,1914991,The Martins Arms,Pub/bar/nightclub,School Lane,Colston Bassett,Nottinghamshire,,NG12 3FD,Rushcliffe,4,2025-02-05,FHRS,False,52.89071,-0.964565,"School Lane, Colston Bassett, Nottinghamshire, NG12 3FD"
2026-02-12,1914750,Duke of York,Pub/bar/nightclub,Iddesleigh,,,,EX19 8BG,West Devon,AwaitingInspection,,FHRS,False,,,"Iddesleigh, EX19 8BG"
2026-02-13,1915317,The William Wallace Pub,Pub/bar/nightclub,The William Wallace,2 Airthrey Road,Stirling,,FK9 5JR,Stirling,Pass,2026-02-04,FHIS,False,,,"The William Wallace, 2 Airthrey Road, Stirling, FK9 5JR"
2026-02-13,981101,Off The Cuff Bar,Pub/bar/nightclub,Arch 645 Rear Of 301 To 303,Railton Road,London,,SE24 0JN,Lambeth,5,2021-04-28,FHRS,False,51.4528503417969,-0.10198900103569,"Arch 645 Rear Of 301 To 303, Railton Road, London, SE24 0JN"
2026-02-13,1915491,Bradley Hare Inn Ltd,Pub/bar/nightclub,THE BRADLEY HARE CHURCH STREET,,MAIDEN BRADLEY,,BA12 7HW,Wiltshire,AwaitingInspection,,FHRS,False,,,"THE BRADLEY HARE CHURCH STREET, MAIDEN BRADLEY, BA12 7HW"
2026-02-13,1905503,The Albert Tavern,Pub/bar/nightclub,The Albert,65 Harrington Road,South Norwood,London,SE25 4LX,Croydon,5,2025-12-15,FHRS,False,51.397487,-0.0666223,"The Albert, 65 Harrington Road, South Norwood, London, SE25 4LX"
2026-02-13,1915476,West Byfleet Golf Club,Pub/bar/nightclub,West Byfleet Golf ClubSheerwater RoadWest ByfleetSurrey,,,,KT14 6AA,Woking,5,2026-02-04,FHRS,False,,,"West Byfleet Golf ClubSheerwater RoadWest ByfleetSurrey, KT14 6AA"
2026-02-13,1915432,Munyard Brewery & Taproom,Pub/bar/nightclub,Unit 5,Alnwick Court,Warwick Road,Fairfield Industrial Estate Louth,LN11 0YB,East Lindsey,5,2026-02-10,FHRS,False,53.3800577,-0.009307,"Unit 5, Alnwick Court, Warwick Road, Fairfield Industrial Estate Louth, LN11 0YB"
2026-02-13,1915270,The Barley Mow,Pub/bar/nightclub,The Barley Mow,67 Molesey Road,Hersham,Walton-On-Thames,KT12 4RS,Elmbridge,AwaitingInspection,,FHRS,False,51.3683976,-0.3968841,"The Barley Mow, 67 Molesey Road, Hersham, Walton-On-Thames, KT12 4RS"
2026-02-13,1915466,The Cove,Pub/bar/nightclub,2 - 6 King Street,Brighouse,Calderdale,,HD6 1NX,Calderdale,AwaitingInspection,,FHRS,False,53.7024246,-1.7785101,"2 - 6 King Street, Brighouse, Calderdale, HD6 1NX"
2026-02-13,1915467,The Milestone,Pub/bar/nightclub,Halifax Road,Ripponden,Sowerby Bridge,Calderdale,HX6 4BQ,Calderdale,AwaitingInspection,,FHRS,False,,,"Halifax Road, Ripponden, Sowerby Bridge, Calderdale, HX6 4BQ"
2026-02-13,1915469,William The Fourth Bar And Kitchen,Pub/bar/nightclub,80 - 82 Wharf Street,Sowerby Bridge,Calderdale,,HX6 2AF,Calderdale,AwaitingInspection,,FHRS,False,53.7099347,-1.9052913,"80 - 82 Wharf Street, Sowerby Bridge, Calderdale, HX6 2AF"
2026-02-13,1915422,The Hop Pole Inn,Pub/bar/nightclub,40 Friar Street,Droitwich Spa,Worcestershire,,WR9 8ED,Wyre Forest,1,2024-11-27,FHRS,False,52.269109,-2.151316,"40 Friar Street, Droitwich Spa, Worcestershire, WR9 8ED"
2026-02-14,1915924,CC Lounge,Pub/bar/nightclub,CC Lounge,Basement And Ground Floors,3 Chapel Market,London,N1 9EZ,Islington,AwaitingInspection,,FHRS,False,51.5334928,-0.1106522,"CC Lounge, Basement And Ground Floors, 3 Chapel Market, London, N1 9EZ"
2026-02-14,748018,The White Horse,Pub/bar/nightclub,Harrow On The Hill,Harrow,,,HA2 0HL,Harrow,5,2026-01-25,FHRS,False,,,"Harrow On The Hill, Harrow, HA2 0HL"
2026-02-14,1807865,Badgers Holt,Pub/bar/nightclub,The Badgers Holt,Exton,Dulverton,Somerset,TA22 9JL,Somerset,4,2024-09-05,FHRS,False,,,"The Badgers Holt, Exton, Dulverton, Somerset, TA22 9JL"
2026-02-14,1807994,Bar 21,Pub/bar/nightclub,21 The Avenue,Minehead,Somerset,,TA24 5AY,Somerset,5,2023-05-22,FHRS,False,51.206782,-3.474131,"21 The Avenue, Minehead, Somerset, TA24 5AY"
2026-02-14,1807970,Bar Rosso,Pub/bar/nightclub,Butlins Somerwest World,Warren Road,Minehead,Somerset,TA24 5SH,Somerset,5,2023-06-28,FHRS,False,51.2059936523438,-3.46172308921814,"Butlins Somerwest World, Warren Road, Minehead, Somerset, TA24 5SH"
2026-02-14,1807861,Dulverton Sports and Social Club,Pub/bar/nightclub,Dulverton Sports And Social Club,Millham Lane,Dulverton,Somerset,TA22 9HQ,Somerset,AwaitingInspection,,FHRS,False,,,"Dulverton Sports And Social Club, Millham Lane, Dulverton, Somerset, TA22 9HQ"
2026-02-14,1807923,Exmoor Social Club,Pub/bar/nightclub,Church Hill,Exford,Minehead,Somerset,TA24 7PP,Somerset,AwaitingInspection,,FHRS,False,51.133502,-3.638208,"Church Hill, Exford, Minehead, Somerset, TA24 7PP"
2026-02-14,1807843,Greyhound Inn,Pub/bar/nightclub,1 Lime Street,Stogursey,Bridgwater,,TA5 1QR,Somerset,5,2021-10-13,FHRS,False,51.1804003,-3.1415769,"1 Lime Street, Stogursey, Bridgwater, TA5 1QR"
2026-02-14,1808124,Inn on the Green,Pub/bar/nightclub,Butlins Somerwest World,Warren Road,Minehead,Somerset,TA24 5SH,Somerset,5,2022-07-13,FHRS,False,51.2059936523438,-3.46172308921814,"Butlins Somerwest World, Warren Road, Minehead, Somerset, TA24 5SH"
2026-02-14,1807879,Kildare Lodge,Pub/bar/nightclub,Townsend Road,Minehead,Somerset,,TA24 5RQ,Somerset,5,2021-08-05,FHRS,False,51.201894,-3.47595,"Townsend Road, Minehead, Somerset, TA24 5RQ"
2026-02-14,1808027,Minehead Cricket Club,Pub/bar/nightclub,Rainbow Way,Minehead,Somerset,,TA24 6FB,Somerset,5,2023-02-23,FHRS,False,51.1998092,-3.4605648,"Rainbow Way, Minehead, Somerset, TA24 6FB"
2026-02-14,1807823,Pebbles Tavern,Pub/bar/nightclub,Pebbles,24A Market Street,Watchet,Somerset,TA23 0AN,Somerset,5,2021-06-17,FHRS,False,51.182749,-3.3310699,"Pebbles, 24A Market Street, Watchet, Somerset, TA23 0AN"
2026-02-14,1807864,Rest and be Thankful,Pub/bar/nightclub,Rest And Be Thankful Dunkery Road,Exford,Minehead,Somerset,TA24 7DR,Somerset,5,2025-02-28,FHRS,False,,,"Rest And Be Thankful Dunkery Road, Exford, Minehead, Somerset, TA24 7DR"
2026-02-14,1807856,Royal Oak Winsford,Pub/bar/nightclub,The Royal Oak Inn,Halse Lane,Winsford,Dulverton,TA24 7JE,Somerset,5,2024-06-13,FHRS,False,,,"The Royal Oak Inn, Halse Lane, Winsford, Dulverton, TA24 7JE"
2026-02-14,1808126,Studio 36,Pub/bar/nightclub,Butlins,Warren Road,Minehead,Somerset,TA24 5SH,Somerset,5,2024-07-16,FHRS,False,51.205993,-3.461723,"Butlins, Warren Road, Minehead, Somerset, TA24 5SH"
2026-02-14,1808022,Sugar Cafe Bar,Pub/bar/nightclub,11A The Avenue,Minehead,Somerset,,TA24 5AY,Somerset,4,2022-03-25,FHRS,False,51.2067832946777,-3.47413110733032,"11A The Avenue, Minehead, Somerset, TA24 5AY"
2026-02-14,1808038,Tarr Farm Inn Ltd,Pub/bar/nightclub,Tarr Farm Inn,Dulverton,Somerset,,TA22 9PY,Somerset,5,2025-08-28,FHRS,False,51.0776321,-3.6166374,"Tarr Farm Inn, Dulverton, Somerset, TA22 9PY"
2026-02-14,1808002,The Babbling Brook,Pub/bar/nightclub,Shurton Road,Stogursey,Bridgwater,Somerset,TA5 1QE,Somerset,5,2025-10-10,FHRS,False,51.19331658,-3.14010741,"Shurton Road, Stogursey, Bridgwater, Somerset, TA5 1QE"
2026-02-14,1808099,The Beachcomber Inn,Pub/bar/nightclub,Butlins Somerwest World,Warren Road,Minehead,Somerset,TA24 5SH,Somerset,5,2025-09-23,FHRS,False,51.2059936523438,-3.46172308921814,"Butlins Somerwest World, Warren Road, Minehead, Somerset, TA24 5SH"
2026-02-14,1808164,The Bicknoller Inn,Pub/bar/nightclub,32 Church Lane,Bicknoller,Williton,Somerset,TA4 4EL,Somerset,5,2024-01-25,FHRS,False,51.1458154,-3.2739235,"32 Church Lane, Bicknoller, Williton, Somerset, TA4 4EL"
2026-02-14,1807908,The Bicknoller Inn Ltd,Pub/bar/nightclub,The Bicknoller Inn 32 Church Lane,Bicknoller,Williton,Somerset,TA4 4EL,Somerset,5,2024-01-25,FHRS,False,51.1458154,-3.2739235,"The Bicknoller Inn 32 Church Lane, Bicknoller, Williton, Somerset, TA4 4EL"
2026-02-14,1807924,The Bridge Inn,Pub/bar/nightclub,Bridge Inn,20 Bridge Street,Dulverton,Somerset,TA22 9HJ,Somerset,5,2025-06-27,FHRS,False,51.039525,-3.5525201,"Bridge Inn, 20 Bridge Street, Dulverton, Somerset, TA22 9HJ"
2026-02-14,1807892,The Britannia Inn,Pub/bar/nightclub,1 Manor Road,Minehead,Somerset,,TA24 6EH,Somerset,5,2025-11-21,FHRS,False,51.1948996,-3.4657259,"1 Manor Road, Minehead, Somerset, TA24 6EH"
2026-02-14,1807909,The Carew Arms,Pub/bar/nightclub,Crowcombe Road,Crowcombe,Bishops Lydeard,Somerset,TA4 4AD,Somerset,4,2024-07-15,FHRS,False,51.1248127,-3.2307184,"Crowcombe Road, Crowcombe, Bishops Lydeard, Somerset, TA4 4AD"
2026-02-14,1849123,The Castle,Pub/bar/nightclub,High Street,Porlock,Minehead,Somerset,TA24 8PY,Somerset,5,2025-07-02,FHRS,False,51.20881,-3.597115,"High Street, Porlock, Minehead, Somerset, TA24 8PY"
2026-02-14,1808087,The Highwayman,Pub/bar/nightclub,Butlins Somerwest World,Warren Road,Minehead,Somerset,TA24 5SH,Somerset,5,2024-07-16,FHRS,False,51.2059936523438,-3.46172308921814,"Butlins Somerwest World, Warren Road, Minehead, Somerset, TA24 5SH"
2026-02-14,1808052,The Hood Arms,Pub/bar/nightclub,Main Road,Kilve,Nether Stowey,Somerset,TA5 1EA,Somerset,5,2025-01-14,FHRS,False,,,"Main Road, Kilve, Nether Stowey, Somerset, TA5 1EA"
2026-02-14,1808134,The Lion Inn,Pub/bar/nightclub,Church Street,Timberscombe,Minehead,Somerset,TA24 7TP,Somerset,5,2023-03-21,FHRS,False,51.16717219,-3.4937575,"Church Street, Timberscombe, Minehead, Somerset, TA24 7TP"
2026-02-14,1808010,The Notley Arms Inn,Pub/bar/nightclub,Front Street,Monksilver,Williton,Somerset,TA4 4JB,Somerset,5,2022-08-18,FHRS,False,,,"Front Street, Monksilver, Williton, Somerset, TA4 4JB"
2026-02-14,1807883,The Old Ship Aground,Pub/bar/nightclub,Quay Street,Minehead,Somerset,,TA24 5UL,Somerset,5,2024-08-30,FHRS,False,51.21283,-3.474425,"Quay Street, Minehead, Somerset, TA24 5UL"
2026-02-14,1807841,The Plough Inn,Pub/bar/nightclub,Nether Stowey,Somerset,,,TA5 1RY,Somerset,5,2024-11-14,FHRS,False,,,"Nether Stowey, Somerset, TA5 1RY"
2026-02-14,1808011,The Quay Inn,Pub/bar/nightclub,Quay Street,Minehead,Somerset,,TA24 5UJ,Somerset,2,2025-11-06,FHRS,False,51.210624,-3.473996,"Quay Street, Minehead, Somerset, TA24 5UJ"
2026-02-14,1849122,The Railway Inn,Pub/bar/nightclub,55 Long Street,Williton,Somerset,,TA4 4QY,Somerset,5,2023-07-28,FHRS,False,51.1634407043457,-3.31549906730652,"55 Long Street, Williton, Somerset, TA4 4QY"
2026-02-14,1808298,The Ship Inn,Pub/bar/nightclub,High Street,Porlock,Minehead,Somerset,TA24 8QD,Somerset,5,2023-10-19,FHRS,False,51.20933787,-3.59901271,"High Street, Porlock, Minehead, Somerset, TA24 8QD"
2026-02-14,1808147,The Stags Head Inn,Pub/bar/nightclub,10,West Street,Dunster,Minehead,TA24 6SN,Somerset,5,2024-04-04,FHRS,False,51.1821802,-3.4465071,"10, West Street, Dunster, Minehead, TA24 6SN"
2026-02-14,1807816,The Valiant Soldier,Pub/bar/nightclub,Roadwater Road,Roadwater,Watchet,Somerset,TA23 0QZ,Somerset,5,2025-04-02,FHRS,False,51.1347732543945,-3.38707804679871,"Roadwater Road, Roadwater, Watchet, Somerset, TA23 0QZ"
2026-02-14,1915819,Hulton Arms,Pub/bar/nightclub,,1 Newbrook Road,Bolton,,BL5 1EL,Bolton,AwaitingInspection,,FHRS,True,53.5475714,-2.4688708,"1 Newbrook Road, Bolton, BL5 1EL"
2026-02-14,1915821,The Churchgate,Pub/bar/nightclub,,11-13 Churchgate,,,BL1 1HU,Bolton,AwaitingInspection,,FHRS,False,53.5799895,-2.4262287,"11-13 Churchgate, BL1 1HU"
2026-02-14,1915946,Cressage Mens Club,Pub/bar/nightclub,Cressage Mens Club Sheinton Road,Cressage,Shrewsbury,Shropshire,SY5 6BY,Shropshire,AwaitingInspection,,FHRS,False,,,"Cressage Mens Club Sheinton Road, Cressage, Shrewsbury, Shropshire, SY5 6BY"
2026-02-14,1915951,Gibsons,Pub/bar/nightclub,Frankies New Street,,Oswestry,Shropshire,SY11 1PY,Shropshire,AwaitingInspection,,FHRS,False,,,"Frankies New Street, Oswestry, Shropshire, SY11 1PY"
2026-02-14,1916085,Eastbourne Cocktail Club Ltd,Pub/bar/nightclub,10 Station Street,Eastbourne,East Sussex,,BN21 4RG,Eastbourne,AwaitingInspection,,FHRS,False,50.768462,0.282085,"10 Station Street, Eastbourne, East Sussex, BN21 4RG"
2026-02-14,1916084,TURKUAZ Wine House & Bar,Pub/bar/nightclub,8 Bolton Road,Eastbourne,,,BN21 3JX,Eastbourne,AwaitingInspection,,FHRS,False,50.7678757,0.2859967,"8 Bolton Road, Eastbourne, BN21 3JX"
2026-02-14,1911846,Clinton Arms,Pub/bar/nightclub,The Clinton Arms,Maer Lane,Exmouth,,EX8 2RL,East Devon,5,2026-02-11,FHRS,False,50.6218838,-3.3743007,"The Clinton Arms, Maer Lane, Exmouth, EX8 2RL"
2026-02-14,1911847,White Hart Inn,Pub/bar/nightclub,Colyvale Holiday Park,Swan Hill Road,Colyford,Colyton,EX24 6QF,East Devon,AwaitingInspection,,FHRS,False,,,"Colyvale Holiday Park, Swan Hill Road, Colyford, Colyton, EX24 6QF"
2026-02-14,1916094,The Pick & Shovel Pub,Pub/bar/nightclub,148 - 150 Shenley Road,Borehamwood,Hertfordshire,,WD6 1EQ,Hertsmere,AwaitingInspection,,FHRS,False,51.6572536,-0.2721351,"148 - 150 Shenley Road, Borehamwood, Hertfordshire, WD6 1EQ"
2026-02-14,1916083,The Coach And Horses,Pub/bar/nightclub,Coach And Horses,2 - 4 St Catherine Street,Gloucester,,GL1 2BX,Gloucester City,AwaitingInspection,,FHRS,False,51.8695923,-2.2428337,"Coach And Horses, 2 - 4 St Catherine Street, Gloucester, GL1 2BX"
2026-02-14,143119,The Waiting Room,Pub/bar/nightclub,7-8 Belhaven Terrace,Edinburgh,,,EH10 5HZ,Edinburgh (City of),Pass,2026-02-06,FHIS,False,55.924894,-3.21045,"7-8 Belhaven Terrace, Edinburgh, EH10 5HZ"
2026-02-14,1916012,Imperium Martial Arts,Pub/bar/nightclub,4 Christopher Street,,Liverpool,,L4 4JX,Liverpool,AwaitingInspection,,FHRS,False,53.4351536,-2.9721175,"4 Christopher Street, Liverpool, L4 4JX"
2026-02-14,1916034,LIVERPOOLGIN DISTILLERY,Pub/bar/nightclub,52 - 54 Castle Street,,Liverpool,,L2 7LQ,Liverpool,AwaitingInspection,,FHRS,False,53.405645,-2.9905486,"52 - 54 Castle Street, Liverpool, L2 7LQ"
2026-02-14,1916045,Queens Arms,Pub/bar/nightclub,Pacific Chambers 11 - 13 Victoria Street,,Liverpool,,L2 5QQ,Liverpool,AwaitingInspection,,FHRS,False,53.4070221,-2.9881587,"Pacific Chambers 11 - 13 Victoria Street, Liverpool, L2 5QQ"
2026-02-14,497415,Royal Oak,Pub/bar/nightclub,272 Walton Road,,Liverpool,,L4 4BE,Liverpool,5,2026-02-02,FHRS,False,53.4379945,-2.9709479,"272 Walton Road, Liverpool, L4 4BE"
2026-02-14,1916035,The Dubliner,Pub/bar/nightclub,2 Temple Court,,Liverpool,,L2 6PY,Liverpool,AwaitingInspection,,FHRS,False,53.4067957,-2.9872659,"2 Temple Court, Liverpool, L2 6PY"
2026-02-14,1915905,The Beehive,Pub/bar/nightclub,The Beehive Beehive Lane,,Curdworth,Warwickshire,B76 9HG,North Warwickshire,AwaitingInspection,,FHRS,False,52.531816,-1.7357234,"The Beehive Beehive Lane, Curdworth, Warwickshire, B76 9HG"
2026-02-14,1915904,Vibrant Venues operating at the Bell inn,Pub/bar/nightclub,12 Birmingham Road,,Coleshill,Warwickshire,B46 1AA,North Warwickshire,AwaitingInspection,,FHRS,True,52.4995874,-1.709033,"12 Birmingham Road, Coleshill, Warwickshire, B46 1AA"
2026-02-14,1915762,The Eastgate PH,Pub/bar/nightclub,4 The Hornet,Chichester,West Sussex,,PO19 7JG,Chichester,AwaitingInspection,,FHRS,False,50.836151,-0.772124,"4 The Hornet, Chichester, West Sussex, PO19 7JG"
2026-02-14,1915773,The Selsey Club,Pub/bar/nightclub,2 - 4 Coxes Road,Selsey,Chichester,West Sussex,PO20 9AN,Chichester,AwaitingInspection,,FHRS,False,50.7296524047852,-0.794974029064178,"2 - 4 Coxes Road, Selsey, Chichester, West Sussex, PO20 9AN"
2026-02-17,1916394,Wax Bar,Pub/bar/nightclub,,27 Broad Street,,Nottingham,NG1 3AP,Nottingham City,AwaitingInspection,,FHRS,False,52.954785,-1.144994,"27 Broad Street, Nottingham, NG1 3AP"
2026-02-17,1916175,Spinners Chester,Pub/bar/nightclub,11 - 13 Frodsham Street,,Chester,Cheshire,CH1 3JJ,Cheshire West and Chester,AwaitingInspection,,FHRS,False,53.1916813,-2.8884427,"11 - 13 Frodsham Street, Chester, Cheshire, CH1 3JJ"
2026-02-17,1916182,The Badger by Night @ The Red Lion,Pub/bar/nightclub,The Red Lion 37 Overleigh Road,,Chester,Cheshire,CH4 7HL,Cheshire West and Chester,AwaitingInspection,,FHRS,False,53.1819909,-2.889649,"The Red Lion 37 Overleigh Road, Chester, Cheshire, CH4 7HL"
2026-02-17,1916183,The Bulls Head,Pub/bar/nightclub,Bulls Head 465 London Road,Davenham,Northwich,Cheshire,CW9 8NA,Cheshire West and Chester,AwaitingInspection,,FHRS,False,53.2346687316895,-2.51022505760193,"Bulls Head 465 London Road, Davenham, Northwich, Cheshire, CW9 8NA"
2026-02-17,1916194,The Lady Hamilton,Pub/bar/nightclub,Lady Hamilton Henley Road,,Neston,Cheshire,CH64 0SG,Cheshire West and Chester,AwaitingInspection,,FHRS,True,53.2829482,-3.0637992,"Lady Hamilton Henley Road, Neston, Cheshire, CH64 0SG"
2026-02-17,1916340,Dirty Martini,Pub/bar/nightclub,Basement Floor,45-47 Corn Street,City Centre,Bristol,BS1 1HT,Bristol,AwaitingInspection,,FHRS,False,51.4545513,-2.5943239,"Basement Floor, 45-47 Corn Street, City Centre, Bristol, BS1 1HT"
2026-02-17,1876336,The Plume Of Feathers,Pub/bar/nightclub,Plume Of Feathers,10 The Square,Portscatho,Truro,TR2 5HW,Cornwall,5,2026-02-03,FHRS,False,50.1793262,-4.9753455,"Plume Of Feathers, 10 The Square, Portscatho, Truro, TR2 5HW"
2026-02-17,439129,The Three Ferrets,Pub/bar/nightclub,Three Ferrets,17 Chapel Street,St Ives,Cornwall,TR26 2LR,Cornwall,5,2026-02-10,FHRS,False,50.211654,-5.481645,"Three Ferrets, 17 Chapel Street, St Ives, Cornwall, TR26 2LR"
2026-02-17,1897190,Unicorn Porthtowan,Pub/bar/nightclub,The Unicorn,Beach Road,Porthtowan,Truro,TR4 8AD,Cornwall,5,2026-02-06,FHRS,False,50.2858554,-5.240333,"The Unicorn, Beach Road, Porthtowan, Truro, TR4 8AD"
2026-02-17,1884178,iGOLI BAR LTD,Pub/bar/nightclub,23-25 EASTCASTLE STREET,,LONDON,,W1W 8DF,Westminster,Exempt,,FHRS,False,51.5167752,-0.1382109,"23-25 EASTCASTLE STREET, LONDON, W1W 8DF"
2026-02-17,1913712,U9,Pub/bar/nightclub,CLAREVILLE HOUSE 47 WHITCOMB STREET,,LONDON,,WC2H 7DH,Westminster,AwaitingInspection,,FHRS,False,51.5099484,-0.1313414,"CLAREVILLE HOUSE 47 WHITCOMB STREET, LONDON, WC2H 7DH"
2026-02-17,1916408,Andrea Tiddia-Young And Michael Young Trading As Cheshire Li,Pub/bar/nightclub,The Cheshire Line,Manchester Road,Cheadle,,SK8 2NZ,Stockport,AwaitingInspection,,FHRS,False,53.4018173,-2.2172938,"The Cheshire Line, Manchester Road, Cheadle, SK8 2NZ"
2026-02-17,1916416,Bodega,Pub/bar/nightclub,Weir Mill,3 Woodhead Lane,Edgeley,Stockport,,Stockport,AwaitingInspection,,FHRS,False,53.4087174,-2.1662051,"Weir Mill, 3 Woodhead Lane, Edgeley, Stockport"
2026-02-17,1916431,Harpers Social,Pub/bar/nightclub,14 Stockport Road,Romiley,Stockport,,SK6 4BN,Stockport,AwaitingInspection,,FHRS,False,53.4139359,-2.0902425,"14 Stockport Road, Romiley, Stockport, SK6 4BN"
2026-02-17,1916413,Jolly Crofter,Pub/bar/nightclub,15 Castle Street,Edgeley,Stockport,,SK3 9AB,Stockport,AwaitingInspection,,FHRS,False,53.4026947021484,-2.1634840965271,"15 Castle Street, Edgeley, Stockport, SK3 9AB"
2026-02-17,1916419,RU Restaurant,Pub/bar/nightclub,22C Station Road,Cheadle Hulme,Cheadle,,SK8 7AB,Stockport,AwaitingInspection,,FHRS,False,53.3749831,-2.187681,"22C Station Road, Cheadle Hulme, Cheadle, SK8 7AB"
2026-02-17,1916411,The Olive Lounge,Pub/bar/nightclub,12 The Bramhall Centre,Bramhall Lane South,Bramhall,Stockport,SK7 1AW,Stockport,AwaitingInspection,,FHRS,False,53.35774165,-2.16558224,"12 The Bramhall Centre, Bramhall Lane South, Bramhall, Stockport, SK7 1AW"
2026-02-17,1916271,The swan,Pub/bar/nightclub,The Swan (New) The Swan,9 High Street,Needham Market,IPSWICH,IP6 8AL,Mid Suffolk,AwaitingInspection,,FHRS,False,52.1518709,1.0533345,"The Swan (New) The Swan, 9 High Street, Needham Market, IPSWICH, IP6 8AL"
2026-02-17,368586,The Wood Pit,Pub/bar/nightclub,50 Station Road,Stainforth,Doncaster,,DN7 5QA,Doncaster,4,2019-07-11,FHRS,False,53.590723,-1.028378,"50 Station Road, Stainforth, Doncaster, DN7 5QA"
2026-02-17,1916379,The Bay Horse Inn,Pub/bar/nightclub,The Bay Horse Main Street,,,Malton,YO17 9LJ,North Yorkshire,AwaitingInspection,,FHRS,False,,,"The Bay Horse Main Street, Malton, YO17 9LJ"
2026-02-18,1916797,The Gun,Pub/bar/nightclub,,235 Well Street Hackney,Hackney,London,E9 6FE,Hackney,AwaitingInspection,,FHRS,False,51.5441931,-0.0470841,"235 Well Street Hackney, Hackney, London, E9 6FE"
2026-02-18,263794,The Blue Boar,Pub/bar/nightclub,1 Bath Street,Abingdon,Oxon,,OX14 3QH,Vale of White Horse,AwaitingInspection,,FHRS,True,51.670975,-1.283755,"1 Bath Street, Abingdon, Oxon, OX14 3QH"
2026-02-18,1916565,Kings Head Public House,Pub/bar/nightclub,62 Yeoman Street,Bonsall,Derbyshire,,DE4 2AA,Derbyshire Dales,5,2026-01-21,FHRS,False,53.120107,-1.584559,"62 Yeoman Street, Bonsall, Derbyshire, DE4 2AA"
2026-02-18,20939,The Beehive,Pub/bar/nightclub,Montpellier Villas,Cheltenham,Gloucestershire,,GL50 2XE,Cheltenham,5,2026-02-04,FHRS,False,51.892376,-2.078987,"Montpellier Villas, Cheltenham, Gloucestershire, GL50 2XE"
2026-02-18,1916838,The Merryfellow,Pub/bar/nightclub,Merry Fellow Inn,2 School Road,Charlton Kings,Cheltenham,GL53 8AU,Cheltenham,5,2026-02-05,FHRS,False,51.883114,-2.050234,"Merry Fellow Inn, 2 School Road, Charlton Kings, Cheltenham, GL53 8AU"
2026-02-18,1916842,The Royal,Pub/bar/nightclub,The Royal Hotel,54 Horsefair Street,Charlton Kings,Cheltenham,GL53 8JH,Cheltenham,5,2026-02-03,FHRS,False,51.8820587,-2.0533067,"The Royal Hotel, 54 Horsefair Street, Charlton Kings, Cheltenham, GL53 8JH"
2026-02-18,1916778,The Queens Head Dorking,Pub/bar/nightclub,Queens Head (Ph),Horsham Road,,Dorking,RH4 2JS,Mole Valley,AwaitingInspection,,FHRS,False,51.227204,-0.334787,"Queens Head (Ph), Horsham Road, Dorking, RH4 2JS"
2026-02-18,1916834,Ealing Wine Co,Pub/bar/nightclub,66 Northfield Avenue,West Ealing,,,W13 9RR,Ealing,AwaitingInspection,,FHRS,False,51.5038106,-0.3182198,"66 Northfield Avenue, West Ealing, W13 9RR"
2026-02-18,435726,Hillsborough Park Bowling Club,Pub/bar/nightclub,Pavilion Hillsborough Park,Middlewood Road,Sheffield,,S6 4HD,Sheffield,5,2019-08-21,FHRS,False,53.407417,-1.504449,"Pavilion Hillsborough Park, Middlewood Road, Sheffield, S6 4HD"
2026-02-18,1916619,Former Revolution Bar,Pub/bar/nightclub,North Road,,Durham,,DH1 4PW,Durham,AwaitingInspection,,FHRS,False,,,"North Road, Durham, DH1 4PW"
2026-02-18,1916552,The Old George Inn,Pub/bar/nightclub,Poplar Terrace,High Bickington,Umberleigh,Devon,EX37 9AY,Torridge,AwaitingInspection,,FHRS,False,50.966524,-3.99467,"Poplar Terrace, High Bickington, Umberleigh, Devon, EX37 9AY"
2026-02-18,1916826,Annesley Woodhouse Working Men's Club,Pub/bar/nightclub,,Forest Road,,,NG17 9HW,Ashfield,AwaitingInspection,,FHRS,False,53.0766372680664,-1.25507497787476,"Forest Road, NG17 9HW"
2026-02-18,1916810,The Travellers Rest,Pub/bar/nightclub,,92 Huthwaite Road,,,NG17 2GX,Ashfield,AwaitingInspection,,FHRS,False,53.1259084,-1.2782667,"92 Huthwaite Road, NG17 2GX"
2026-02-18,1916614,Bar Glue,Pub/bar/nightclub,Anchor Courtyard 34 Salthouse Quay,,Liverpool,,L3 4AS,Liverpool,AwaitingInspection,,FHRS,False,53.3995232,-2.990602,"Anchor Courtyard 34 Salthouse Quay, Liverpool, L3 4AS"
2026-02-18,1916617,Dovedale Towers,Pub/bar/nightclub,60 Penny Lane,,Liverpool,,L18 1DG,Liverpool,AwaitingInspection,,FHRS,False,53.3871181,-2.9186231,"60 Penny Lane, Liverpool, L18 1DG"
2026-02-18,1916613,The Studio Beyond,Pub/bar/nightclub,63 Wood Street,,Liverpool,,L1 4AL,Liverpool,AwaitingInspection,,FHRS,False,,,"63 Wood Street, Liverpool, L1 4AL"
2026-02-19,1916980,Nags Head,Pub/bar/nightclub,Nags Head 87 Wistaston Road,Willaston,,Cheshire East,CW5 6QP,Cheshire East,5,2026-02-05,FHRS,False,53.0707762,-2.4787624,"Nags Head 87 Wistaston Road, Willaston, Cheshire East, CW5 6QP"
2026-02-19,1916963,The Bate Hall,Pub/bar/nightclub,39 Chestergate,Macclesfield,,Cheshire East,SK11 6BX,Cheshire East,AwaitingInspection,,FHRS,False,53.2610599,-2.1273206,"39 Chestergate, Macclesfield, Cheshire East, SK11 6BX"
2026-02-19,1916978,The Castle,Pub/bar/nightclub,25-27 Church Street,,,Macclesfield,SK11 6LB,Cheshire East,AwaitingInspection,,FHRS,False,53.2594988,-2.1251918,"25-27 Church Street, Macclesfield, SK11 6LB"
2026-02-19,1916900,Gun Street Garden,Pub/bar/nightclub,,5-6 Gun Street,Reading,,RG1 2JR,Reading,4,2025-12-12,FHRS,False,51.4537352,-0.9716919,"5-6 Gun Street, Reading, RG1 2JR"
2026-02-19,1917109,Chorley Football Club,Pub/bar/nightclub,Magpies Nest Chorley Football Club,Victory Park,Duke Street,Chorley,PR7 3DU,Chorley,AwaitingInspection,,FHRS,False,53.6456348,-2.6293371,"Magpies Nest Chorley Football Club, Victory Park, Duke Street, Chorley, PR7 3DU"
2026-02-19,1917104,Farmers Arms,Pub/bar/nightclub,85 Wood Lane,Heskin,Chorley,,PR7 5NP,Chorley,AwaitingInspection,,FHRS,False,53.630409,-2.709728,"85 Wood Lane, Heskin, Chorley, PR7 5NP"
2026-02-19,1917012,The Bridge Shoreham,Pub/bar/nightclub,The Bridge Inn 87 High Street,,Shoreham-by-sea,West Sussex,BN43 5DE,Adur,AwaitingInspection,,FHRS,False,50.832263,-0.2785193,"The Bridge Inn 87 High Street, Shoreham-by-sea, West Sussex, BN43 5DE"
2026-02-19,1916950,THE RISING SUN COUNTRY PUB AND KITCHEN LTD,Pub/bar/nightclub,1 Pit Lane,Gedney Drove End,Spalding,Lincolnshire,PE12 9PG,South Holland,AwaitingInspection,,FHRS,False,52.8407615,0.1704979,"1 Pit Lane, Gedney Drove End, Spalding, Lincolnshire, PE12 9PG"
2026-02-19,192664,Drum & Cymbals,Pub/bar/nightclub,,1-2 Whitefriargate,Hull,,HU1 2ER,Hull City,AwaitingInspection,,FHRS,False,53.742797,-0.335696,"1-2 Whitefriargate, Hull, HU1 2ER"
2026-02-19,1893728,Long Beach Dolphin Club,Pub/bar/nightclub,,Long Beach Estate,Hemsby,Great Yarmouth,NR29 4JD,Great Yarmouth,5,2026-01-30,FHRS,False,,,"Long Beach Estate, Hemsby, Great Yarmouth, NR29 4JD"
2026-02-19,1898901,The Sun Inn,Pub/bar/nightclub,,154 Beccles Road,Bradwell,Great Yarmouth Norfolk,NR32 8PS,Great Yarmouth,AwaitingInspection,,FHRS,False,,,"154 Beccles Road, Bradwell, Great Yarmouth Norfolk, NR32 8PS"
2026-02-19,1916999,Alfie's Bar Locale,Pub/bar/nightclub,Alfie's Bar Locale,125-127 Bethnal Green Road,London,,E2 7DG,Tower Hamlets,AwaitingInspection,,FHRS,False,51.5250968,-0.0715726,"Alfie's Bar Locale, 125-127 Bethnal Green Road, London, E2 7DG"
2026-02-19,864524,Larne Golf Club Limited,Pub/bar/nightclub,54 Ferris Bay Road,Ballycronan More,Larne,Antrim,BT40 3RT,Mid and East Antrim,5,2026-02-09,FHRS,False,54.851026,-5.78089,"54 Ferris Bay Road, Ballycronan More, Larne, Antrim, BT40 3RT"
2026-02-19,1916947,The BBQ Brigade,Pub/bar/nightclub,,Mobile Street Trader,,,,Aberdeenshire,Awaiting Inspection,2026-02-17,FHIS,False,,,Mobile Street Trader
2026-02-19,1917031,Burnt Bear,Pub/bar/nightclub,Old School Room,Church Street,Haworth,Keighley,BD22 8DR,Bradford,AwaitingInspection,,FHRS,False,,,"Old School Room, Church Street, Haworth, Keighley, BD22 8DR"
2026-02-19,1917016,Hepworth & Idle Cricket Club,Pub/bar/nightclub,Hepworth And Idle Cricket Club,Westfield Lane,Idle,Bradford,BD10 8RU,Bradford,AwaitingInspection,,FHRS,False,,,"Hepworth And Idle Cricket Club, Westfield Lane, Idle, Bradford, BD10 8RU"
2026-02-19,1917026,Idle Cricket Club,Pub/bar/nightclub,Idle Cricket Club,Cavendish Road,Idle,Bradford,BD10 9LE,Bradford,AwaitingInspection,,FHRS,False,,,"Idle Cricket Club, Cavendish Road, Idle, Bradford, BD10 9LE"
2026-02-19,327054,Royal Oak,Pub/bar/nightclub,,2 Mill Hey,Haworth,Keighley,BD22 8NQ,Bradford,AwaitingInspection,,FHRS,False,53.83176,-1.947894,"2 Mill Hey, Haworth, Keighley, BD22 8NQ"
2026-02-19,1916897,The Hyde Park Inn,Pub/bar/nightclub,2 Hilltop Road,Dronfield,,,S18 1UH,North East Derbyshire,AwaitingInspection,,FHRS,False,53.293802,-1.473583,"2 Hilltop Road, Dronfield, S18 1UH"
2026-02-20,996170,The Old Courts,Pub/bar/nightclub,Crawford Street,Wigan,,,WN1 1NA,Wigan,5,2026-02-17,FHRS,False,53.5458831787109,-2.63416695594788,"Crawford Street, Wigan, WN1 1NA"
2026-02-20,1917258,The Curfew,Pub/bar/nightclub,,47 Ennerdale Drive,Litherland,Merseyside,L21 5HY,Sefton,AwaitingInspection,,FHRS,False,53.4729089,-2.9806033,"47 Ennerdale Drive, Litherland, Merseyside, L21 5HY"
2026-02-20,957883,The Horse and Groom,Pub/bar/nightclub,Horse And Groom,Market Street,Tunstead,Norfolk,NR12 8AH,North Norfolk,3,2024-06-20,FHRS,False,,,"Horse And Groom, Market Street, Tunstead, Norfolk, NR12 8AH"
2026-02-20,1917396,Admiral's Arm,Pub/bar/nightclub,The Admirals Arm,Trafalgar Court,West Street,Queenborough,ME11 5AD,Swale,AwaitingInspection,,FHRS,False,51.416286,0.74076,"The Admirals Arm, Trafalgar Court, West Street, Queenborough, ME11 5AD"
2026-02-20,1917165,The Village Inn,Pub/bar/nightclub,,,,,,Stroud,AwaitingInspection,,FHRS,False,,,
2026-02-20,1917205,The Stag Inn,Pub/bar/nightclub,Stag Inn,2 Cowes Road,Newport,Isle Of Wight,PO30 5TW,Isle of Wight,AwaitingInspection,,FHRS,False,50.724226,-1.304627,"Stag Inn, 2 Cowes Road, Newport, Isle Of Wight, PO30 5TW"
2026-02-20,1917417,The Owl,Pub/bar/nightclub,London Road,Lichfield,Staffordshire,,WS14 9QH,Lichfield,AwaitingInspection,,FHRS,False,52.6683311462402,-1.81958901882172,"London Road, Lichfield, Staffordshire, WS14 9QH"
2026-02-20,1452545,8 Ball And Arrow,Pub/bar/nightclub,Unit D Green Street,Kidderminster,Worcestershire,,DY10 1HA,Wyre Forest,Exempt,,FHRS,False,52.3810962,-2.24984565,"Unit D Green Street, Kidderminster, Worcestershire, DY10 1HA"
2026-02-20,1917328,Dotties House Music At The Sound Lab,Pub/bar/nightclub,14 - 18 Bull Ring,Kidderminster,Worcestershire,,DY10 2AZ,Wyre Forest,AwaitingInspection,,FHRS,False,52.388313293457,-2.24894905090332,"14 - 18 Bull Ring, Kidderminster, Worcestershire, DY10 2AZ"
2026-02-20,1917329,The Riflemans Arms,Pub/bar/nightclub,23 Station Street,Droitwich Spa,Worcestershire,,WR9 8JD,Wyre Forest,AwaitingInspection,,FHRS,False,52.267682,-2.156586,"23 Station Street, Droitwich Spa, Worcestershire, WR9 8JD"
2026-02-20,1917367,Fox & Hounds kitchen,Pub/bar/nightclub,Fox And Hounds,1 Milton Road,Clapham,Bedford,MK41 6AP,Bedford,5,2026-02-09,FHRS,False,52.16498,-0.503652,"Fox And Hounds, 1 Milton Road, Clapham, Bedford, MK41 6AP"
2026-02-20,1917352,THE ST. JAMES CLUB,Pub/bar/nightclub,,38 High Street,Bedford,,MK40 1SP,Bedford,AwaitingInspection,,FHRS,False,52.1363926,-0.4667208,"38 High Street, Bedford, MK40 1SP"
2026-02-20,1917277,The Black Bull,Pub/bar/nightclub,,Black Bull Inn,Main Street,Polmont,FK2 0PX,Falkirk,Awaiting Inspection,,FHIS,False,55.9905090332031,-3.70806503295898,"Black Bull Inn, Main Street, Polmont, FK2 0PX"
2026-02-20,1917270,The Canalside,Pub/bar/nightclub,,Craiglee Inn,Redding Road,Reddingmuirhead,FK2 0DP,Falkirk,Pass,2025-09-30,FHIS,False,55.982695,-3.739298,"Craiglee Inn, Redding Road, Reddingmuirhead, FK2 0DP"
2026-02-20,1917157,The Dog House,Pub/bar/nightclub,Fox And Hounds Public House,62 Walton Street,Walton On The Hill,Surrey,KT20 7RU,Reigate and Banstead,AwaitingInspection,,FHRS,False,51.2831791,-0.2460146,"Fox And Hounds Public House, 62 Walton Street, Walton On The Hill, Surrey, KT20 7RU"
2026-02-20,1917180,Goytre Arms,Pub/bar/nightclub,The Goytre Arms,,Star Road,Goytre,NP4 0AH,Sir Fynwy,AwaitingInspection,,FHRS,False,51.7362251,-2.9824829,"The Goytre Arms, Star Road, Goytre, NP4 0AH"
2026-02-20,1917181,The Little Jockey,Pub/bar/nightclub,,Berthon Road,Little Mill,,NP4 0HL,Sir Fynwy,AwaitingInspection,,FHRS,False,,,"Berthon Road, Little Mill, NP4 0HL"
2026-02-20,1917180,Goytre Arms,Pub/bar/nightclub,The Goytre Arms,,Star Road,Goytre,NP4 0AH,Monmouthshire,AwaitingInspection,,FHRS,False,51.7362251,-2.9824829,"The Goytre Arms, Star Road, Goytre, NP4 0AH"
2026-02-20,1917181,The Little Jockey,Pub/bar/nightclub,,Berthon Road,Little Mill,,NP4 0HL,Monmouthshire,AwaitingInspection,,FHRS,False,,,"Berthon Road, Little Mill, NP4 0HL"
