date_added,FHRSID,BusinessName,BusinessType,AddressLine1,AddressLine2,AddressLine3,AddressLine4,PostCode,LocalAuthorityName,RatingValue,RatingDate,SchemeType,NewRatingPending,Latitude,Longitude,AddressSingleLine
2026-01-01,1904340,Wheatsheaf Inn,Pub/bar/nightclub,16 Leyland Lane,Leyland,Lancashire,,PR26 8PH,South Ribble,AwaitingInspection,,FHRS,False,53.7015482,-2.713193,"16 Leyland Lane, Leyland, Lancashire, PR26 8PH"
2026-01-01,1904445,The Old Wheatsheaf,Pub/bar/nightclub,Public House,3 Windmill Hill,ENFIELD,,EN2 6SE,Enfield,AwaitingInspection,,FHRS,False,51.653803,-0.089688,"Public House, 3 Windmill Hill, ENFIELD, EN2 6SE"
2026-01-01,1661857,March Bears RUFC,Pub/bar/nightclub,March Sports Association (MSA),240 Elm Road,March,Cambridgeshire,PE15 8PS,Fenland,5,2025-12-06,FHRS,False,52.5720838,0.092315,"March Sports Association (MSA), 240 Elm Road, March, Cambridgeshire, PE15 8PS"
2026-01-01,1904456,Salisbury City Hall,Pub/bar/nightclub,CITY HALL MALTHOUSE LANE,,SALISBURY,,SP2 7TU,Wiltshire,AwaitingInspection,,FHRS,False,51.0702791,-1.8004409,"CITY HALL MALTHOUSE LANE, SALISBURY, SP2 7TU"
2026-01-01,1904302,The Tommy Wass Pub,Pub/bar/nightclub,450 Dewsbury Road,Hunslet,Leeds,,LS11 7LJ,Leeds,AwaitingInspection,,FHRS,False,53.764748,-1.561677,"450 Dewsbury Road, Hunslet, Leeds, LS11 7LJ"
2026-01-03,1904496,The Venue,Pub/bar/nightclub,Unit 9 Castle Mills Business Park,Aynam Road,,Kendal,LA9 7DF,Westmorland and Furness,5,2025-12-02,FHRS,False,54.3258083,-2.7432856,"Unit 9 Castle Mills Business Park, Aynam Road, Kendal, LA9 7DF"
2026-01-03,1904595,The White Hart,Pub/bar/nightclub,White Hart,21 High Street,Wroughton,Swindon,SN4 9JX,Swindon,AwaitingInspection,,FHRS,False,,,"White Hart, 21 High Street, Wroughton, Swindon, SN4 9JX"
2026-01-03,1904492,The Midland,Pub/bar/nightclub,526-528 Bearwood Road,,,Smethwick,B66 4BE,Sandwell,AwaitingInspection,,FHRS,False,52.4760629,-1.9698714,"526-528 Bearwood Road, Smethwick, B66 4BE"
2026-01-03,1766553,Kabinett,Pub/bar/nightclub,46 Regent Street,Rugby,,Warwickshire,CV21 2PS,Rugby,AwaitingInspection,,FHRS,False,52.3746301,-1.260229,"46 Regent Street, Rugby, Warwickshire, CV21 2PS"
2026-01-03,1904536,Little Lever Sports CLub,Pub/bar/nightclub,,Mytham Road,Little Lever,Bolton,BL3 1TH,Bolton,5,2025-11-24,FHRS,False,53.5555609,-2.36924885,"Mytham Road, Little Lever, Bolton, BL3 1TH"
2026-01-03,186666,Gordano Gate Brewers Fayre & Premier Inn,Pub/bar/nightclub,Brewers Fayre Travel Inn,Serbert Way,Portishead,Bristol,BS20 7GA,North Somerset,5,2025-05-13,FHRS,False,51.482062,-2.761539,"Brewers Fayre Travel Inn, Serbert Way, Portishead, Bristol, BS20 7GA"
2026-01-03,1696922,Proud Bar & Community Hub,Pub/bar/nightclub,,20-22 Boulevard,Weston-Super-Mare,,BS23 1NA,North Somerset,5,2025-06-19,FHRS,False,51.350095,-2.9758212,"20-22 Boulevard, Weston-Super-Mare, BS23 1NA"
2026-01-03,708274,Star Inn (The),Pub/bar/nightclub,,13 Bank Place,Pill,Bristol North Somerset,BS20 0AQ,North Somerset,4,2023-11-24,FHRS,False,51.479944,-2.685039,"13 Bank Place, Pill, Bristol North Somerset, BS20 0AQ"
2026-01-03,1581389,Terrace Bar,Pub/bar/nightclub,,5-7 Birnbeck Road,Weston-Super-Mare,,BS23 2EE,North Somerset,4,2022-12-06,FHRS,False,51.354183,-2.991888,"5-7 Birnbeck Road, Weston-Super-Mare, BS23 2EE"
2026-01-04,97349,Wigan Rugby Union Football Club,Pub/bar/nightclub,Wigan Rugby Union Football Clu,Wingates Road,Haigh  Wigan,,WN1 2SJ,Wigan,4,2025-11-29,FHRS,False,53.569194,-2.630152,"Wigan Rugby Union Football Clu, Wingates Road, Haigh  Wigan, WN1 2SJ"
2026-01-06,1904734,The John Barleycorn,Pub/bar/nightclub,3 Moorfield Road Duxford Cambridgeshire,,,,CB22 4PP,South Cambridgeshire,AwaitingInspection,,FHRS,False,52.0944143,0.1589379,"3 Moorfield Road Duxford Cambridgeshire, CB22 4PP"
2026-01-06,1904848,Pop Zone,Pub/bar/nightclub,Popworld,8 - 10 North Street,Wolverhampton,West Midlands,WV1 1RD,Wolverhampton,AwaitingInspection,,FHRS,False,52.5861218,-2.1295547,"Popworld, 8 - 10 North Street, Wolverhampton, West Midlands, WV1 1RD"
2026-01-06,1904762,Culceth Eagles,Pub/bar/nightclub,Shaw Street Recreation Ground,Shaw Street,,,WA3 5SH,Warrington,AwaitingInspection,,FHRS,False,,,"Shaw Street Recreation Ground, Shaw Street, WA3 5SH"
2026-01-06,1904768,The Pickering Arms,Pub/bar/nightclub,Pickering Arms,Bell Lane,,,WA4 2SU,Warrington,AwaitingInspection,,FHRS,False,53.3836536,-2.5245598,"Pickering Arms, Bell Lane, WA4 2SU"
2026-01-06,1904743,The George and Dragon,Pub/bar/nightclub,3 Middlewich Road,Holmes Chapel,,Crewe,CW4 7EA,Cheshire East,AwaitingInspection,,FHRS,False,53.2026201,-2.3590237,"3 Middlewich Road, Holmes Chapel, Crewe, CW4 7EA"
2026-01-06,1904672,The palmerston,Pub/bar/nightclub,Lord Palmerston,91,Lordship Lane,London,SE22 8EP,Southwark,AwaitingInspection,,FHRS,False,51.4579915,-0.0748485,"Lord Palmerston, 91, Lordship Lane, London, SE22 8EP"
2026-01-06,1904747,The Brewery Tap,Pub/bar/nightclub,East Street,SUDBURY,Suffolk,,CO10 2TP,Babergh,AwaitingInspection,,FHRS,False,52.040169,0.732839,"East Street, SUDBURY, Suffolk, CO10 2TP"
2026-01-06,1904622,The Centurion - Thirsty Work Leisure (Chelmsley Wood) Ltd,Pub/bar/nightclub,The Centurion,Forth Drive,Fordbridge,Solihull,B37 6PR,Solihull,AwaitingInspection,,FHRS,True,52.4865541,-1.7371434,"The Centurion, Forth Drive, Fordbridge, Solihull, B37 6PR"
2026-01-07,1904924,Grand Cru,Pub/bar/nightclub,16 North Parade Avenue,Oxford,Oxfordshire,,OX2 6LX,Oxford City,AwaitingInspection,,FHRS,False,51.7647839,-1.2615052,"16 North Parade Avenue, Oxford, Oxfordshire, OX2 6LX"
2026-01-07,1905007,Frosterley Inn *,Pub/bar/nightclub,99 FRONT STREET,,FROSTERLEY,,DL13 2RH,Durham,AwaitingInspection,,FHRS,False,54.7273219,-1.9555542,"99 FRONT STREET, FROSTERLEY, DL13 2RH"
2026-01-07,1905026,Lambton Arms,Pub/bar/nightclub,20 FRONT STREET,,SHERBURN,,DH6 1HA,Durham,AwaitingInspection,,FHRS,False,54.7748667,-1.5050993,"20 FRONT STREET, SHERBURN, DH6 1HA"
2026-01-07,1905046,The Fountain,Pub/bar/nightclub,41 MEDOMSLEY ROAD,,CONSETT,,DH8 5HG,Durham,5,2025-12-16,FHRS,False,54.8537689,-1.8309672,"41 MEDOMSLEY ROAD, CONSETT, DH8 5HG"
2026-01-07,1905051,The Rams Langley Ltd,Pub/bar/nightclub,29 QUEBEC STREET,,LANGLEY PARK,,DH7 9UU,Durham,AwaitingInspection,,FHRS,False,54.7990002,-1.6736446,"29 QUEBEC STREET, LANGLEY PARK, DH7 9UU"
2026-01-07,1905020,The Royal George Tavern *,Pub/bar/nightclub,11-13 MAIN STREET,,SHILDON,,DL4 1AJ,Durham,AwaitingInspection,,FHRS,False,54.6327512,-1.648888,"11-13 MAIN STREET, SHILDON, DL4 1AJ"
2026-01-07,1905008,The Royal Telegraph,Pub/bar/nightclub,6 NORTH TERRACE,,AYCLIFFE VILLAGE,,DL5 6LG,Durham,AwaitingInspection,,FHRS,False,54.5976717,-1.5619093,"6 NORTH TERRACE, AYCLIFFE VILLAGE, DL5 6LG"
2026-01-07,1905006,The Station Pub *,Pub/bar/nightclub,48 HIGH STREET SOUTH,,LANGLEY MOOR,,DH7 8JW,Durham,AwaitingInspection,,FHRS,False,54.758497,-1.6092176,"48 HIGH STREET SOUTH, LANGLEY MOOR, DH7 8JW"
2026-01-07,1905092,The Greyhound Inn,Pub/bar/nightclub,Plaistow Street,Lingfield,,Surrey,RH7 6AU,Tandridge,AwaitingInspection,,FHRS,False,51.17458565,-0.01901355,"Plaistow Street, Lingfield, Surrey, RH7 6AU"
2026-01-07,1905093,The Royal Oak,Pub/bar/nightclub,57-61 High Street,Lingfield,,Surrey,RH7 6PU,Tandridge,AwaitingInspection,,FHRS,False,51.1609367,0.0069395,"57-61 High Street, Lingfield, Surrey, RH7 6PU"
2026-01-07,1904950,King and Tinker P.H,Pub/bar/nightclub,Public House,40 Whitewebbs Lane,ENFIELD,,EN2 9HJ,Enfield,AwaitingInspection,,FHRS,True,51.680646,-0.067165,"Public House, 40 Whitewebbs Lane, ENFIELD, EN2 9HJ"
2026-01-07,1905140,8 Lebanese Grill,Pub/bar/nightclub,8 Hanger Green,Ealing,,,W5 3EL,Ealing,AwaitingInspection,,FHRS,False,51.526798,-0.284914,"8 Hanger Green, Ealing, W5 3EL"
2026-01-07,1386382,The Cornerstone,Pub/bar/nightclub,Unit 1 The Rotunda Centre,Clarence Street,Kingston Upon Thames,,KT1 1QJ,Kingston-Upon-Thames,5,2024-04-05,FHRS,False,51.4119549,-0.2995333,"Unit 1 The Rotunda Centre, Clarence Street, Kingston Upon Thames, KT1 1QJ"
2026-01-07,1716047,Phoenix Barber Co,Pub/bar/nightclub,69A The Quadrant,St Albans,Hertfordshire,,AL4 9RD,St Albans City,5,2023-10-17,FHRS,False,51.7636602,-0.3055945,"69A The Quadrant, St Albans, Hertfordshire, AL4 9RD"
2026-01-07,1905125,Duke Of Wellington,Pub/bar/nightclub,Main Street,East Keswick,Leeds,,LS17 9DB,Leeds,AwaitingInspection,,FHRS,False,53.8928527832031,-1.45175504684448,"Main Street, East Keswick, Leeds, LS17 9DB"
2026-01-07,1904918,Bull at Barkham,Pub/bar/nightclub,,Barkham Road,Wokingham,,RG41 4TL,Wokingham,AwaitingInspection,,FHRS,False,51.39604245,-0.88491175,"Barkham Road, Wokingham, RG41 4TL"
2026-01-08,298926,The Pig and Whistle,Pub/bar/nightclub,The Pig And Whistle,Cartmel,,Grange-Over-Sands,LA11 6PL,Westmorland and Furness,5,2024-06-18,FHRS,False,,,"The Pig And Whistle, Cartmel, Grange-Over-Sands, LA11 6PL"
2026-01-08,948810,Ballroom Pool Club Limited,Pub/bar/nightclub,33 High Street,Woodville,Swadlincote,,DE11 7EH,South Derbyshire,AwaitingInspection,,FHRS,False,52.768947,-1.533511,"33 High Street, Woodville, Swadlincote, DE11 7EH"
2026-01-08,1905256,Mayflower,Pub/bar/nightclub,,8-10 Margaret street,,Immingham,DN40 1JY,North East Lincolnshire,AwaitingInspection,,FHRS,False,53.6137578,-0.2157118,"8-10 Margaret street, Immingham, DN40 1JY"
2026-01-08,1905237,Mug & Martini @,Pub/bar/nightclub,Bell Lane,Ackworth,Pontefract,,WF7 7JD,Wakefield,AwaitingInspection,,FHRS,False,53.642854,-1.339269,"Bell Lane, Ackworth, Pontefract, WF7 7JD"
2026-01-08,1905291,The Corner House,Pub/bar/nightclub,10 Newport Street,Tiverton,Devon,,EX16 6NH,Mid Devon,AwaitingInspection,,FHRS,False,50.9051795,-3.4873565,"10 Newport Street, Tiverton, Devon, EX16 6NH"
2026-01-08,1905273,Pasaka,Pub/bar/nightclub,,1043b Leeds Road,Bradford,,BD3 7DB,Bradford,AwaitingInspection,,FHRS,False,53.8013486,-1.7078613,"1043b Leeds Road, Bradford, BD3 7DB"
2026-01-08,1905199,The Prince of Wales,Pub/bar/nightclub,Prince Of Wales,28 Malden Road,Cheam,,SM3 8QF,Sutton,AwaitingInspection,,FHRS,False,51.360657,-0.2175802,"Prince Of Wales, 28 Malden Road, Cheam, SM3 8QF"
2026-01-08,1905176,Black Swan Hotel,Pub/bar/nightclub,7 Horsemarket,Kelso,,Scottish Borders,TD5 7HE,Scottish Borders,Awaiting Inspection,2025-12-10,FHIS,False,55.5987099,-2.4330875,"7 Horsemarket, Kelso, Scottish Borders, TD5 7HE"
2026-01-09,1905554,Millers Café Bar,Pub/bar/nightclub,Millers Leisure Centre,The Esplanade,Chapel St Leonards,Skegness,PE24 5TB,East Lindsey,5,2025-12-03,FHRS,False,,,"Millers Leisure Centre, The Esplanade, Chapel St Leonards, Skegness, PE24 5TB"
2026-01-09,1899520,The Woodrow,Pub/bar/nightclub,35 Woodrow Centre,Redditch,Worcestershire,,B98 7RY,Redditch,Exempt,,FHRS,False,52.287336,-1.915394,"35 Woodrow Centre, Redditch, Worcestershire, B98 7RY"
2026-01-09,1898900,The Jolly Farmers,Pub/bar/nightclub,,10 West Road,Ormesby,Great yarmouth Norfolk,NR29 3RP,Great Yarmouth,AwaitingInspection,,FHRS,False,52.6748549,1.6877501,"10 West Road, Ormesby, Great yarmouth Norfolk, NR29 3RP"
2026-01-09,1898901,The Sun Inn,Pub/bar/nightclub,,154 Beccles Road,Bradwell,Great Yarmouth Norfolk,NR32 8PS,Great Yarmouth,AwaitingInspection,,FHRS,False,,,"154 Beccles Road, Bradwell, Great Yarmouth Norfolk, NR32 8PS"
2026-01-09,1905614,The Crown And Anchor,Pub/bar/nightclub,43 High Street,Aveley,Essex,,RM15 4BB,Thurrock,AwaitingInspection,,FHRS,False,,,"43 High Street, Aveley, Essex, RM15 4BB"
2026-01-09,1905519,Grill and Banter,Pub/bar/nightclub,The Earl Of Zetland,50 Bo'ness Road,,Grangemouth,FK3 8AF,Falkirk,Awaiting Inspection,,FHIS,False,56.019205,-3.722087,"The Earl Of Zetland, 50 Bo'ness Road, Grangemouth, FK3 8AF"
2026-01-09,1905520,New Market Bar,Pub/bar/nightclub,,17 Lint Riggs,,Falkirk,FK1 1DG,Falkirk,Awaiting Inspection,,FHIS,False,56.000167,-3.786893,"17 Lint Riggs, Falkirk, FK1 1DG"
2026-01-09,1905430,The Plough and Tractor,Pub/bar/nightclub,,186 Great Knightleys,Basildon,Essex,SS15 5HG,Basildon,AwaitingInspection,,FHRS,False,51.572508,0.441052,"186 Great Knightleys, Basildon, Essex, SS15 5HG"
2026-01-09,732164,Bar 32,Pub/bar/nightclub,,32 Botchergate,Carlisle,,CA1 1QS,Cumberland,AwaitingInspection,,FHRS,False,54.89091,-2.93116,"32 Botchergate, Carlisle, CA1 1QS"
2026-01-10,1905781,The Calf and a Half,Pub/bar/nightclub,The Little Barn,,Ash,,Ct32dy,Dover,AwaitingInspection,,FHRS,False,,,"The Little Barn, Ash, Ct32dy"
2026-01-10,757396,Hendon Rugby Football Club,Pub/bar/nightclub,Hendon Rugby Football Club  Greenlands Lane London,,,,NW4 1RL,Barnet,0,2025-12-06,FHRS,False,51.603873,-0.226415,"Hendon Rugby Football Club  Greenlands Lane London, NW4 1RL"
2026-01-10,1905996,The Railway Tavern,Pub/bar/nightclub,129 Hale Lane,,,,NW7 3SB,Barnet,AwaitingInspection,,FHRS,False,51.6166229,-0.2595238,"129 Hale Lane, NW7 3SB"
2026-01-10,1540781,Kislingbury Bowls Club,Pub/bar/nightclub,Beech Lane,Kislingbury,,,NN7 4AL,West Northamptonshire,AwaitingInspection,,FHRS,False,,,"Beech Lane, Kislingbury, NN7 4AL"
2026-01-10,1815667,The Star Inn,Pub/bar/nightclub,Star Inn,Manor Road,Sulgrave,,OX17 2SA,West Northamptonshire,5,2025-03-27,FHRS,False,52.1056187,-1.1861739,"Star Inn, Manor Road, Sulgrave, OX17 2SA"
2026-01-10,1905920,THE ALFRED,Pub/bar/nightclub,The Alfred Alehouse,51 Derby Street,Burton upon Trent,,DE14 2LD,East Staffordshire,AwaitingInspection,,FHRS,False,52.809398651123,-1.64131295681,"The Alfred Alehouse, 51 Derby Street, Burton upon Trent, DE14 2LD"
2026-01-10,1905924,The Red Lion,Pub/bar/nightclub,Red Lion Inn,Ashbourne Road,Rocester,Uttoxeter,ST14 5LF,East Staffordshire,AwaitingInspection,,FHRS,False,52.9526176452637,-1.83871603012085,"Red Lion Inn, Ashbourne Road, Rocester, Uttoxeter, ST14 5LF"
2026-01-10,1905923,Victoria Inn,Pub/bar/nightclub,Victoria Inn,103 Horninglow Road,Burton upon Trent,,DE14 2PT,East Staffordshire,AwaitingInspection,,FHRS,False,52.817473,-1.6394513,"Victoria Inn, 103 Horninglow Road, Burton upon Trent, DE14 2PT"
2026-01-10,1887743,Snackadoodle Gift Boxes,Pub/bar/nightclub,,,,,,Exeter City,AwaitingInspection,,FHRS,False,,,
2026-01-10,1905961,The DC Lion,Pub/bar/nightclub,,282 Mare Street London,Hackney,London,,Hackney,AwaitingInspection,,FHRS,False,,,"282 Mare Street London, Hackney, London"
2026-01-10,1893133,The Kings Arms,Pub/bar/nightclub,Kings Arms Hotel,Fore Street,Lostwithiel,Cornwall,PL22 0BL,Cornwall,5,2026-01-07,FHRS,False,50.407362,-4.669927,"Kings Arms Hotel, Fore Street, Lostwithiel, Cornwall, PL22 0BL"
2026-01-10,1905937,The Ash Tree,Pub/bar/nightclub,Lower End,Ashendon,Buckinghamshire,,HP18 0HE,Buckinghamshire,AwaitingInspection,,FHRS,False,51.823389,-0.979574,"Lower End, Ashendon, Buckinghamshire, HP18 0HE"
2026-01-10,1905944,The Chandos Arms,Pub/bar/nightclub,The Chandos Arm PH,8 The Turnpike,Oakley,Buckinghamshire,HP18 9QB,Buckinghamshire,AwaitingInspection,,FHRS,False,,,"The Chandos Arm PH, 8 The Turnpike, Oakley, Buckinghamshire, HP18 9QB"
2026-01-10,1905717,Simmons Bar,Pub/bar/nightclub,GROUND FLOOR 4 GOLDEN SQUARE,,LONDON,,W1F 9HT,Westminster,AwaitingInspection,,FHRS,False,51.5120668,-0.1367456,"GROUND FLOOR 4 GOLDEN SQUARE, LONDON, W1F 9HT"
2026-01-10,1905699,The Venue 13 Ltd,Pub/bar/nightclub,13 Charlotte Street Kirkcaldy Fife,,,,KY1 1RN,Fife,Improvement Required,2025-08-08,FHIS,False,56.10836,-3.159667,"13 Charlotte Street Kirkcaldy Fife, KY1 1RN"
2026-01-10,1905640,The Nevile Arms,Pub/bar/nightclub,Owthorpe Lane,Kinoulton,Nottinghamshire,,NG12 3EH,Rushcliffe,AwaitingInspection,,FHRS,False,52.873419,-0.99123,"Owthorpe Lane, Kinoulton, Nottinghamshire, NG12 3EH"
2026-01-10,1905647,The Drouthy Laird,Pub/bar/nightclub,,Victoria House,Blackhall Road,Inverurie,AB51 3QT,Aberdeenshire,Awaiting Inspection,2026-01-08,FHIS,False,,,"Victoria House, Blackhall Road, Inverurie, AB51 3QT"
2026-01-13,223240,Ling Forest Inn,Pub/bar/nightclub,231 Eakring Road,,Mansfield,Nottinghamshire,NG18 3ED,Mansfield,5,2023-12-05,FHRS,False,53.1442954,-1.1626444,"231 Eakring Road, Mansfield, Nottinghamshire, NG18 3ED"
2026-01-13,1906051,The Hunters Lodge,Pub/bar/nightclub,Hunters Lodge Church Acre,Brackla,Bridgend,,CF31 2JT,Bridgend,AwaitingInspection,,FHRS,False,51.5116481,-3.5454922,"Hunters Lodge Church Acre, Brackla, Bridgend, CF31 2JT"
2026-01-13,1906182,The Cove,Pub/bar/nightclub,Hafan Y Môr Holiday Park Hafan Y Mor,,Chwilog,Gwynedd,LL53 6HX,Gwynedd,AwaitingInspection,,FHRS,True,52.9060283,-4.3341277,"Hafan Y Môr Holiday Park Hafan Y Mor, Chwilog, Gwynedd, LL53 6HX"
2026-01-13,1906153,Fluke,Pub/bar/nightclub,57 Prince Of Wales Road,Norwich,,,NR1 1BL,Norwich City,AwaitingInspection,,FHRS,False,52.629147,1.301753,"57 Prince Of Wales Road, Norwich, NR1 1BL"
2026-01-13,1712083,Luca Pizza @ The Warwick Arms,Pub/bar/nightclub,2 Warwick Street,Norwich,,,NR2 3LD,Norwich City,4,2025-11-27,FHRS,False,52.624523,1.275926,"2 Warwick Street, Norwich, NR2 3LD"
2026-01-13,1906051,The Hunters Lodge,Pub/bar/nightclub,Hunters Lodge Church Acre,Brackla,Bridgend,,CF31 2JT,Pen-y-bont ar Ogwr,AwaitingInspection,,FHRS,False,51.5116481,-3.5454922,"Hunters Lodge Church Acre, Brackla, Bridgend, CF31 2JT"
2026-01-13,1840971,Goldies,Pub/bar/nightclub,36 High East Street,,Dorchester,Dorset,DT1 1HN,Dorset,5,2025-07-25,FHRS,False,50.715934753418,-2.43465304374695,"36 High East Street, Dorchester, Dorset, DT1 1HN"
2026-01-13,1906127,The Lord Nelson,Pub/bar/nightclub,52 East Street,,Bridport,Dorset,DT6 3LL,Dorset,AwaitingInspection,,FHRS,False,50.7329444885254,-2.75355792045593,"52 East Street, Bridport, Dorset, DT6 3LL"
2026-01-13,1906125,The Thimble Inn,Pub/bar/nightclub,14 High Street,,Piddlehinton,Dorset,DT2 7TD,Dorset,AwaitingInspection,,FHRS,False,50.7766380310059,-2.40653800964355,"14 High Street, Piddlehinton, Dorset, DT2 7TD"
2026-01-13,1906234,Green House,Pub/bar/nightclub,Greenhouse,37 College Green,City Centre,Bristol,BS1 5SP,Bristol,AwaitingInspection,,FHRS,False,51.452691,-2.599649,"Greenhouse, 37 College Green, City Centre, Bristol, BS1 5SP"
2026-01-13,1906283,Kraft Werks,Pub/bar/nightclub,,513 Mansfield Road,,Nottingham,NG5 2JL,Nottingham City,AwaitingInspection,,FHRS,False,52.980735,-1.147118,"513 Mansfield Road, Nottingham, NG5 2JL"
2026-01-13,1906257,Spiral Inn,Pub/bar/nightclub,Roundabout Farm Spital Road,Staxton,,Scarborough,YO12 4NW,North Yorkshire,AwaitingInspection,,FHRS,False,54.2008494,-0.4302937,"Roundabout Farm Spital Road, Staxton, Scarborough, YO12 4NW"
2026-01-13,1906253,The Stakesby Arms,Pub/bar/nightclub,The Stakesby Arms Byland Road,,,Whitby,YO21 1JH,North Yorkshire,AwaitingInspection,,FHRS,False,54.4850492,-0.6275845,"The Stakesby Arms Byland Road, Whitby, YO21 1JH"
2026-01-13,1906182,The Cove,Pub/bar/nightclub,Hafan Y Môr Holiday Park Hafan Y Mor,,Chwilog,Gwynedd,LL53 6HX,Gwynedd,AwaitingInspection,,FHRS,True,52.9060283,-4.3341277,"Hafan Y Môr Holiday Park Hafan Y Mor, Chwilog, Gwynedd, LL53 6HX"
2026-01-13,1906083,The Bucks Head,Pub/bar/nightclub,Bucks Head,Bucks Head Hill,Meonstoke,Southampton,SO32 3NA,Winchester City,AwaitingInspection,,FHRS,False,,,"Bucks Head, Bucks Head Hill, Meonstoke, Southampton, SO32 3NA"
2026-01-13,1906088,The King Alfred,Pub/bar/nightclub,King Alfred Pub,11 Saxon Road,Winchester,Hampshire,SO23 7DJ,Winchester City,AwaitingInspection,,FHRS,False,51.0696,-1.313339,"King Alfred Pub, 11 Saxon Road, Winchester, Hampshire, SO23 7DJ"
2026-01-13,1906089,The Mucky Duck,Pub/bar/nightclub,Mucky Duck,84 Hyde Street,Winchester,Hampshire,SO23 7DW,Winchester City,5,2025-05-07,FHRS,False,51.068143,-1.314902,"Mucky Duck, 84 Hyde Street, Winchester, Hampshire, SO23 7DW"
2026-01-13,1906296,Swan Inn,Pub/bar/nightclub,13 Russell Road,,Rhyl,,LL18 3BS,Denbighshire,AwaitingInspection,,FHRS,False,53.3208894,-3.4893043,"13 Russell Road, Rhyl, LL18 3BS"
2026-01-13,1906296,Swan Inn,Pub/bar/nightclub,13 Russell Road,,Rhyl,,LL18 3BS,Sir Ddinbych,AwaitingInspection,,FHRS,False,53.3208894,-3.4893043,"13 Russell Road, Rhyl, LL18 3BS"
2026-01-13,1894083,The Huntsman,Pub/bar/nightclub,Westerleigh Road,Downend,South Gloucestershire,,BS16 6UB,South Gloucestershire,AwaitingInspection,,FHRS,False,,,"Westerleigh Road, Downend, South Gloucestershire, BS16 6UB"
2026-01-14,1906443,The New Pack Horse,Pub/bar/nightclub,198 Moorside,Cleckheaton,,,BD19 6LN,Kirklees,AwaitingInspection,,FHRS,False,53.718455,-1.739163,"198 Moorside, Cleckheaton, BD19 6LN"
2026-01-14,1906493,The George,Pub/bar/nightclub,41 High Street,Sittingbourne,Kent,,ME10 4AW,Swale,AwaitingInspection,,FHRS,False,51.339643,0.737549,"41 High Street, Sittingbourne, Kent, ME10 4AW"
2026-01-14,1906603,Spotted Cow Inn,Pub/bar/nightclub,9 Wolverhampton Road,Bloxwich,Walsall,West Midlands,WS3 2EZ,Walsall,AwaitingInspection,,FHRS,False,52.618711,-2.006381,"9 Wolverhampton Road, Bloxwich, Walsall, West Midlands, WS3 2EZ"
2026-01-14,1906537,DI' Vino Bar & Pizzeria,Pub/bar/nightclub,23 Ashfield Parade,LONDON,,,N14 5EH,Enfield,5,2025-12-22,FHRS,False,51.631146,-0.12844,"23 Ashfield Parade, LONDON, N14 5EH"
2026-01-14,1906462,Cross Keys,Pub/bar/nightclub,74 Front Street,Arnold,Nottinghamshire,,NG5 7EJ,Gedling,AwaitingInspection,,FHRS,False,53.00345,-1.127179,"74 Front Street, Arnold, Nottinghamshire, NG5 7EJ"
2026-01-14,1906327,The Royal Oak Laxfield,Pub/bar/nightclub,Royal Oak Inn,High Street,Laxfield,WOODBRIDGE,IP13 8DH,Mid Suffolk,AwaitingInspection,,FHRS,False,52.3018112,1.3667827,"Royal Oak Inn, High Street, Laxfield, WOODBRIDGE, IP13 8DH"
2026-01-14,1906593,The BOSC,Pub/bar/nightclub,Bordon & Oakhanger Social Club Bolley Avenue Whitehill Bordon GU35 9HG,,,,GU35 9HG,East Hampshire,4,2025-12-12,FHRS,False,51.122255,-0.876925,"Bordon & Oakhanger Social Club Bolley Avenue Whitehill Bordon GU35 9HG, GU35 9HG"
2026-01-14,1906513,Lamplighter,Pub/bar/nightclub,60 Tape Street,Cheadle,Staffordshire,,ST10 1ES,Staffordshire Moorlands,AwaitingInspection,,FHRS,False,52.9852286,-1.9856424,"60 Tape Street, Cheadle, Staffordshire, ST10 1ES"
2026-01-14,440550,Auld Hoose,Pub/bar/nightclub,,83 South Street,Perth,,PH2 8PA,Perth and Kinross,Pass,2023-04-25,FHIS,False,56.395034,-3.430756,"83 South Street, Perth, PH2 8PA"
2026-01-14,1906370,Social Club (Sodexho),Pub/bar/nightclub,Gleneagles Hotel,,Auchterarder,Perthshire,PH3 1JN,Perth and Kinross,Pass,2008-01-16,FHIS,False,56.2746124267578,-3.73183870315552,"Gleneagles Hotel, Auchterarder, Perthshire, PH3 1JN"
2026-01-14,1906372,Stormont Arms,Pub/bar/nightclub,Stormont,101 Perth Street,Blairgowrie,Perthshire,PH10 6DT,Perth and Kinross,Pass,2001-05-08,FHIS,False,56.588766,-3.343363,"Stormont, 101 Perth Street, Blairgowrie, Perthshire, PH10 6DT"
2026-01-14,1906371,The Inn at Oliver Twistz,Pub/bar/nightclub,,99 High Street,Kinross,,KY13 8AA,Perth and Kinross,Awaiting Inspection,2026-01-08,FHIS,False,56.204224,-3.4207185,"99 High Street, Kinross, KY13 8AA"
2026-01-14,192675,The Priory Inn,Pub/bar/nightclub,Priory Inn,121 Priory Road,Kingston Upon Hull,,HU5 5RY,Hull City,5,2025-12-02,FHRS,False,53.7558322,-0.3982407,"Priory Inn, 121 Priory Road, Kingston Upon Hull, HU5 5RY"
2026-01-15,1906698,MEXIKCAL,Pub/bar/nightclub,,Durty Murphy's Irish Pub 504 Union Street Aberdeen,,,AB10 1TT,Aberdeen City,Awaiting Inspection,1999-04-01,FHIS,False,57.143011,-2.1121248,"Durty Murphy's Irish Pub 504 Union Street Aberdeen, AB10 1TT"
2026-01-15,1906721,The George,Pub/bar/nightclub,36 Newland Street,Witham,Essex,,CM8 2AQ,Braintree,AwaitingInspection,,FHRS,False,51.801083,0.641225,"36 Newland Street, Witham, Essex, CM8 2AQ"
2026-01-15,356473,The Railway,Pub/bar/nightclub,2 Chipping Hill,Witham,Essex,,CM8 2DE,Braintree,1,2025-03-19,FHRS,False,51.805964,0.63652,"2 Chipping Hill, Witham, Essex, CM8 2DE"
2026-01-15,985746,Whitegrove Football Club,Pub/bar/nightclub,Westmorland Park Pavilion Westmorland Drive,Warfield,Bracknell,Bracknell Forest,RG42 3QP,Bracknell Forest,AwaitingInspection,,FHRS,False,51.4295619,-0.7255755,"Westmorland Park Pavilion Westmorland Drive, Warfield, Bracknell, Bracknell Forest, RG42 3QP"
2026-01-15,1906925,33 Oldham Street,Pub/bar/nightclub,,33 Oldham Street,Manchester,,M1 1JG,Manchester,3,2025-11-01,FHRS,False,53.482319,-2.236332,"33 Oldham Street, Manchester, M1 1JG"
2026-01-15,1906916,9inety6ix,Pub/bar/nightclub,,3 Jack Rosenthal Street,Manchester,,M15 4RA,Manchester,AwaitingInspection,,FHRS,False,53.4735131,-2.2459415,"3 Jack Rosenthal Street, Manchester, M15 4RA"
2026-01-15,1906763,Dirty O'Sullivans,Pub/bar/nightclub,LLOYDS HOUSE,18-22 LLOYD STREET,MANCHESTER,,M2 5WA,Manchester,AwaitingInspection,,FHRS,False,53.4790162,-2.2467075,"LLOYDS HOUSE, 18-22 LLOYD STREET, MANCHESTER, M2 5WA"
2026-01-15,1820630,Embassy Club Leisure Bar,Pub/bar/nightclub,,Westbourne Grove,Manchester,,M9 4XJ,Manchester,4,2025-09-10,FHRS,False,53.5127429,-2.21426355,"Westbourne Grove, Manchester, M9 4XJ"
2026-01-15,1906908,Fell Brewery,Pub/bar/nightclub,,35 Dale Street,Manchester,,M1 2HF,Manchester,5,2025-09-04,FHRS,False,53.4813637,-2.2329627,"35 Dale Street, Manchester, M1 2HF"
2026-01-15,1906771,Junkyard Gold Club,Pub/bar/nightclub,UNITS 1 & 2,FIRST STREET,MANCHESTER,,M15 4RP,Manchester,2,2025-10-30,FHRS,False,53.4736131,-2.2474776,"UNITS 1 & 2, FIRST STREET, MANCHESTER, M15 4RP"
2026-01-15,1906958,MN1 Manchester,Pub/bar/nightclub,ARCH 58,WHITWORTH STREET WEST,MANCHESTER,,M1 5WW,Manchester,AwaitingInspection,,FHRS,False,53.474096,-2.2430894,"ARCH 58, WHITWORTH STREET WEST, MANCHESTER, M1 5WW"
2026-01-15,1907164,Longford Engine,Pub/bar/nightclub,270 Bedworth Road,,,Coventry,CV6 6BP,Coventry,AwaitingInspection,,FHRS,False,52.4533818,-1.4850169,"270 Bedworth Road, Coventry, CV6 6BP"
2026-01-15,1907155,The Wyken Inn,Pub/bar/nightclub,Ansty Road,,,Coventry,CV2 3FL,Coventry,AwaitingInspection,,FHRS,False,,,"Ansty Road, Coventry, CV2 3FL"
2026-01-15,1907078,Queens Head,Pub/bar/nightclub,4 Queen Street,Lichfield,Staffordshire,,WS13 6QD,Lichfield,AwaitingInspection,,FHRS,False,52.6817629,-1.8324175,"4 Queen Street, Lichfield, Staffordshire, WS13 6QD"
2026-01-15,1907079,The Foresters Tavern,Pub/bar/nightclub,68 Ogley Hay Road,Burntwood,Staffordshire,,WS7 2PH,Lichfield,AwaitingInspection,,FHRS,False,52.6908456,-1.9228984,"68 Ogley Hay Road, Burntwood, Staffordshire, WS7 2PH"
2026-01-15,1906713,Beast Burger Withernsea Ltd,Pub/bar/nightclub,90 Queen Street,Withernsea,East Riding Of Yorkshire,,HU19 2HB,East Riding of Yorkshire,AwaitingInspection,,FHRS,False,53.730486,0.032368,"90 Queen Street, Withernsea, East Riding Of Yorkshire, HU19 2HB"
2026-01-15,1906753,The Craven Arms,Pub/bar/nightclub,The Craven Arms,Enborne,Newbury,West Berkshire,RG20 0HG,West Berkshire,AwaitingInspection,,FHRS,False,,,"The Craven Arms, Enborne, Newbury, West Berkshire, RG20 0HG"
2026-01-15,1906659,The King of Hearts,Pub/bar/nightclub,1 School Road,West Walton,Wisbech,Norfolk,PE14 7ES,King's Lynn and West Norfolk,AwaitingInspection,,FHRS,False,52.6967544555664,0.179710000753403,"1 School Road, West Walton, Wisbech, Norfolk, PE14 7ES"
2026-01-15,1907095,Why Not Inn,Pub/bar/nightclub,Grove House,Whynot Street,Cradley,Halesowen,B63 2JH,Dudley,AwaitingInspection,,FHRS,False,52.4540778,-2.0907592,"Grove House, Whynot Street, Cradley, Halesowen, B63 2JH"
2026-01-15,1906671,Brass Monkey Saltburn,Pub/bar/nightclub,,13 Dundas Street East,Saltburn By The Sea,,TS12 1AH,Redcar and Cleveland,AwaitingInspection,,FHRS,False,54.5832485,-0.9732408,"13 Dundas Street East, Saltburn By The Sea, TS12 1AH"
2026-01-15,1907119,The Hooton Arms,Pub/bar/nightclub,89 Eastham Village Road,,Eastham,Wirral,CH62 0AN,Wirral,5,2025-12-31,FHRS,False,53.3148309,-2.9605547,"89 Eastham Village Road, Eastham, Wirral, CH62 0AN"
2026-01-15,1907120,The whistle,Pub/bar/nightclub,6 Allport Lane,,Bromborough,Wirral,CH62 7HP,Wirral,5,2026-01-08,FHRS,False,53.3319299,-2.9780426,"6 Allport Lane, Bromborough, Wirral, CH62 7HP"
2026-01-15,1907107,Wallasey Beach Club,Pub/bar/nightclub,West Cheshire Sailing Club Coastal Drive,,Wallasey Village,Wirral,CH45 3PZ,Wirral,5,2025-12-27,FHRS,False,,,"West Cheshire Sailing Club Coastal Drive, Wallasey Village, Wirral, CH45 3PZ"
2026-01-15,1906683,Banff T & C,Pub/bar/nightclub,,Banff Town And County Club,11 Boyndie Street,Banff,AB45 1DY,Aberdeenshire,Awaiting Inspection,2026-01-13,FHIS,False,,,"Banff Town And County Club, 11 Boyndie Street, Banff, AB45 1DY"
2026-01-16,701971,Builth Wells Cricket Club,Pub/bar/nightclub,Garth Road,Builth Wells,Powys,,LD2 3NH,Powys,AwaitingInspection,,FHRS,False,52.149805,-3.413209,"Garth Road, Builth Wells, Powys, LD2 3NH"
2026-01-16,560142,Knighton Bowling Club,Pub/bar/nightclub,Bowling Green,Church Road,Knighton,Powys,LD7 1DR,Powys,AwaitingInspection,,FHRS,False,52.343861,-3.046746,"Bowling Green, Church Road, Knighton, Powys, LD7 1DR"
2026-01-16,560162,Presteigne Bowling Club,Pub/bar/nightclub,24 Hereford Street,Presteigne,Powys,,LD8 2AS,Powys,AwaitingInspection,,FHRS,False,52.271767,-3.003131,"24 Hereford Street, Presteigne, Powys, LD8 2AS"
2026-01-16,1907362,The Cardiff Arms,Pub/bar/nightclub,Ground Floor 23 Churchill Way,Cathays,Cardiff,,CF10 2HE,Caerdydd,AwaitingInspection,,FHRS,False,51.4816441,-3.1721539,"Ground Floor 23 Churchill Way, Cathays, Cardiff, CF10 2HE"
2026-01-16,1907231,Reds Sports & Music Bar,Pub/bar/nightclub,37 Market Place,Fakenham,Norfolk,,NR21 9DN,North Norfolk,AwaitingInspection,,FHRS,False,52.830263,0.848303,"37 Market Place, Fakenham, Norfolk, NR21 9DN"
2026-01-16,1907668,The Scapehouse,Pub/bar/nightclub,Scapehouse Inn,74 High Street,Scapegoat Hill,Huddersfield,HD7 4NJ,Kirklees,AwaitingInspection,,FHRS,False,53.6442055,-1.8687098,"Scapehouse Inn, 74 High Street, Scapegoat Hill, Huddersfield, HD7 4NJ"
2026-01-16,1907214,The Plough,Pub/bar/nightclub,Tebworth Road,Wingfield,Leighton Buzzard,,LU7 9QH,Central Bedfordshire,AwaitingInspection,,FHRS,False,51.9258356,-0.55296055,"Tebworth Road, Wingfield, Leighton Buzzard, LU7 9QH"
2026-01-16,1907362,The Cardiff Arms,Pub/bar/nightclub,Ground Floor 23 Churchill Way,Cathays,Cardiff,,CF10 2HE,Cardiff,AwaitingInspection,,FHRS,False,51.4816441,-3.1721539,"Ground Floor 23 Churchill Way, Cathays, Cardiff, CF10 2HE"
2026-01-16,1907224,Blondies,Pub/bar/nightclub,21 - 22 High Street,Newport,Isle Of Wight,,PO30 1SS,Isle of Wight,AwaitingInspection,,FHRS,False,50.7002654,-1.2924153,"21 - 22 High Street, Newport, Isle Of Wight, PO30 1SS"
2026-01-16,1907585,The Queen Victoria Inn,Pub/bar/nightclub,Queen Victoria Inn,Pelting Drove,Priddy,Wells,BA5 3BA,Somerset,AwaitingInspection,,FHRS,False,,,"Queen Victoria Inn, Pelting Drove, Priddy, Wells, BA5 3BA"
2026-01-16,1671456,The Hand,Pub/bar/nightclub,,55 York Road,Acomb,York,YO24 4LN,York,AwaitingInspection,,FHRS,False,53.95592209,-1.12308017,"55 York Road, Acomb, York, YO24 4LN"
2026-01-16,1907195,The Monks Retreat,Pub/bar/nightclub,,163 Friar Street,Reading,,RG1 1HE,Reading,AwaitingInspection,,FHRS,False,51.45644,-0.971065,"163 Friar Street, Reading, RG1 1HE"
2026-01-16,1907672,The Old Ash Tree,Pub/bar/nightclub,The Old Ash Tree Ph,136 Rainham Road,Gillingham,Medway,ME5 7EN,Medway,AwaitingInspection,,FHRS,False,51.3731763,0.5523678,"The Old Ash Tree Ph, 136 Rainham Road, Gillingham, Medway, ME5 7EN"
2026-01-16,1907291,Bulletproof Brewing,Pub/bar/nightclub,,,,,,Plymouth City,AwaitingInspection,,FHRS,False,,,
2026-01-16,494291,Gordano Gate Brewers Fayre & Premier Inn,Pub/bar/nightclub,,Wyndham Way,Portishead,Bristol,BS20 7GA,North Somerset,5,2025-05-13,FHRS,False,,,"Wyndham Way, Portishead, Bristol, BS20 7GA"
2026-01-16,701971,Builth Wells Cricket Club,Pub/bar/nightclub,Garth Road,Builth Wells,Powys,,LD2 3NH,Powys,AwaitingInspection,,FHRS,False,52.149805,-3.413209,"Garth Road, Builth Wells, Powys, LD2 3NH"
2026-01-16,560142,Knighton Bowling Club,Pub/bar/nightclub,Bowling Green,Church Road,Knighton,Powys,LD7 1DR,Powys,AwaitingInspection,,FHRS,False,52.343861,-3.046746,"Bowling Green, Church Road, Knighton, Powys, LD7 1DR"
2026-01-16,560162,Presteigne Bowling Club,Pub/bar/nightclub,24 Hereford Street,Presteigne,Powys,,LD8 2AS,Powys,AwaitingInspection,,FHRS,False,52.271767,-3.003131,"24 Hereford Street, Presteigne, Powys, LD8 2AS"
2026-01-16,1907421,Balby Rhino,Pub/bar/nightclub,Flat 81 - 89 Balby Road,Balby,Doncaster,,DN4 0RE,Doncaster,5,2024-02-22,FHRS,False,53.5103529,-1.1444275,"Flat 81 - 89 Balby Road, Balby, Doncaster, DN4 0RE"
2026-01-16,1891991,Bechers Brook,Pub/bar/nightclub,Beechers Brook 55 Ascot Avenue,Cantley,Doncaster,,DN4 6HL,Doncaster,5,2023-08-30,FHRS,False,53.51689538,-1.08057785,"Beechers Brook 55 Ascot Avenue, Cantley, Doncaster, DN4 6HL"
2026-01-16,1891966,Bhive,Pub/bar/nightclub,88 - 90 Bank Street,Mexborough,Doncaster,,S64 9LG,Doncaster,5,2025-07-17,FHRS,False,53.4931184,-1.2865711,"88 - 90 Bank Street, Mexborough, Doncaster, S64 9LG"
2026-01-16,366884,British Sub-Aqua Club,Pub/bar/nightclub,Canal Depot Greyfriars Road,,Doncaster,,DN1 1QN,Doncaster,AwaitingInspection,,FHRS,False,53.5264439,-1.1365548,"Canal Depot Greyfriars Road, Doncaster, DN1 1QN"
2026-01-16,1891971,Conisbrough Cricket and Bowling Club,Pub/bar/nightclub,Conisbrough Cricket And Bowling Club St Peters Drive,Conisbrough,Doncaster,,DN12 2ER,Doncaster,AwaitingInspection,,FHRS,False,,,"Conisbrough Cricket And Bowling Club St Peters Drive, Conisbrough, Doncaster, DN12 2ER"
2026-01-16,1907427,Cricket club,Pub/bar/nightclub,Cricket Ground Bentley Colliery Formal Land The Avenue,Bentley,Doncaster,,DN5 0PS,Doncaster,4,2024-03-20,FHRS,False,,,"Cricket Ground Bentley Colliery Formal Land The Avenue, Bentley, Doncaster, DN5 0PS"
2026-01-16,1907448,Doncaster Contract Bridge,Pub/bar/nightclub,35 Bennetthorpe,Bennetthorpe,Doncaster,,DN2 6AA,Doncaster,4,2025-02-11,FHRS,False,53.520206,-1.121212,"35 Bennetthorpe, Bennetthorpe, Doncaster, DN2 6AA"
2026-01-16,1907468,Foresters Arms,Pub/bar/nightclub,Foresters Arms Village Street,Adwick Le Street,Doncaster,,DN6 7AA,Doncaster,5,2025-04-25,FHRS,False,,,"Foresters Arms Village Street, Adwick Le Street, Doncaster, DN6 7AA"
2026-01-16,1891988,Rhinos,Pub/bar/nightclub,Bar At Ground Flor 71 - 73 High Street,Bentley,Doncaster,,DN5 0AP,Doncaster,4,2023-07-26,FHRS,False,53.5465562,-1.1459426,"Bar At Ground Flor 71 - 73 High Street, Bentley, Doncaster, DN5 0AP"
2026-01-16,1907525,Rhinos,Pub/bar/nightclub,Top Club 6 Bungalow Road,Edlington,Doncaster,,DN12 1DL,Doncaster,5,2023-05-16,FHRS,False,53.4821429,-1.1915373,"Top Club 6 Bungalow Road, Edlington, Doncaster, DN12 1DL"
2026-01-16,1907452,The Burghwallis,Pub/bar/nightclub,The Burghwallis Scorcher Hills Lane,Burghwallis,Doncaster,,DN6 9JT,Doncaster,5,2025-03-08,FHRS,False,,,"The Burghwallis Scorcher Hills Lane, Burghwallis, Doncaster, DN6 9JT"
2026-01-16,1907387,The Clubhouse,Pub/bar/nightclub,Armthorpe Miners Welfare Recreation Ground Church Street,Armthorpe,Doncaster,,DN3 3AG,Doncaster,5,2024-11-25,FHRS,False,53.5343504,-1.0555629,"Armthorpe Miners Welfare Recreation Ground Church Street, Armthorpe, Doncaster, DN3 3AG"
2026-01-16,1907521,The White Rose,Pub/bar/nightclub,The White Rose Grange Lane,New Rossington,Doncaster,,DN11 0QZ,Doncaster,5,2024-01-18,FHRS,False,53.4731376,-1.0799102,"The White Rose Grange Lane, New Rossington, Doncaster, DN11 0QZ"
2026-01-16,1891992,Thorne Snooker Centre,Pub/bar/nightclub,Thorne Snooker Club Lock Lane,Thorne,Doncaster,,DN8 5ET,Doncaster,5,2023-09-12,FHRS,False,,,"Thorne Snooker Club Lock Lane, Thorne, Doncaster, DN8 5ET"
2026-01-16,1907474,Toll Bar ARLFC,Pub/bar/nightclub,Toll Bar Arlfc Formal Land Prospect Road,Toll Bar,Doncaster,,DN5 0QP,Doncaster,5,2024-06-11,FHRS,False,,,"Toll Bar Arlfc Formal Land Prospect Road, Toll Bar, Doncaster, DN5 0QP"
2026-01-16,1891987,Tommy's Bar,Pub/bar/nightclub,92 High Street,Mexborough,Doncaster,,S64 9AU,Doncaster,5,2023-07-20,FHRS,False,53.49382,-1.291303,"92 High Street, Mexborough, Doncaster, S64 9AU"
2026-01-16,1907449,Woodlands Snooker Club,Pub/bar/nightclub,Woodlands Snooker Club 210 Great North Road,Woodlands,Doncaster,,DN6 7HR,Doncaster,5,2025-02-27,FHRS,False,53.5621816,-1.1936145,"Woodlands Snooker Club 210 Great North Road, Woodlands, Doncaster, DN6 7HR"
2026-01-16,1907681,Punchbowl,Pub/bar/nightclub,The Punchbowl 37 New Road,,Spalding,Lincolnshire,PE11 1DN,South Holland,AwaitingInspection,,FHRS,False,52.788186,-0.1515151,"The Punchbowl 37 New Road, Spalding, Lincolnshire, PE11 1DN"
2026-01-17,1908041,The hare and hounds,Pub/bar/nightclub,Hare And Hounds Station Road,Crowton,Northwich,Cheshire,CW8 2RN,Cheshire West and Chester,AwaitingInspection,,FHRS,False,53.2657924,-2.633308,"Hare And Hounds Station Road, Crowton, Northwich, Cheshire, CW8 2RN"
2026-01-17,1908197,Crowleys Rock Bar,Pub/bar/nightclub,,7 Cradock Street,,,SA1 3EN,Swansea,5,2026-01-13,FHRS,False,51.6207919,-3.9471753,"7 Cradock Street, SA1 3EN"
2026-01-17,1907863,Cheers Bar and Yardhouse,Pub/bar/nightclub,144 Main Street,Coatbridge,North Lanarkshire,,ML5 3BJ,North Lanarkshire,Awaiting Inspection,,FHIS,False,55.8612265,-4.0229983,"144 Main Street, Coatbridge, North Lanarkshire, ML5 3BJ"
2026-01-17,1907864,Garnkirk Functions Ltd,Pub/bar/nightclub,92 Cumbernauld Road,Muirhead,North Lanarkshire,,G69 9AB,North Lanarkshire,Awaiting Inspection,,FHIS,False,55.8995531,-4.1098344,"92 Cumbernauld Road, Muirhead, North Lanarkshire, G69 9AB"
2026-01-17,1908314,Star Inn 1744,Pub/bar/nightclub,,37 The Green,,Thrussington,LE7 4UH,Charnwood,AwaitingInspection,,FHRS,False,52.737018,-1.042473,"37 The Green, Thrussington, LE7 4UH"
2026-01-17,1908313,The Curzon Arms,Pub/bar/nightclub,,44 Maplewell Road,,Woodhouse Eaves,LE12 8QZ,Charnwood,AwaitingInspection,,FHRS,False,52.722086,-1.21785,"44 Maplewell Road, Woodhouse Eaves, LE12 8QZ"
2026-01-17,1907979,Gallieos Show Bar,Pub/bar/nightclub,15 Ropergate,Pontefract,,,WF8 1LL,Wakefield,AwaitingInspection,,FHRS,False,53.6905262,-1.3119993,"15 Ropergate, Pontefract, WF8 1LL"
2026-01-17,1907989,Magnet Hotel Castle,Pub/bar/nightclub,Pontefract Road,Castleford,,,WF10 4BG,Wakefield,AwaitingInspection,,FHRS,False,53.72227,-1.344997,"Pontefract Road, Castleford, WF10 4BG"
2026-01-17,1907985,The Victoria Bar & Hotel,Pub/bar/nightclub,Victoria Street,Horbury,Wakefield,,WF4 6EH,Wakefield,AwaitingInspection,,FHRS,False,53.661529,-1.564564,"Victoria Street, Horbury, Wakefield, WF4 6EH"
2026-01-17,1907994,Upton Arms Hotel,Pub/bar/nightclub,2 High Street,Upton,Pontefract,,WF9 1HG,Wakefield,5,2026-01-06,FHRS,False,53.613159,-1.284893,"2 High Street, Upton, Pontefract, WF9 1HG"
2026-01-17,1587452,Stephs Galley,Pub/bar/nightclub,Stokes Bay Sailing Club,Stokes Bay Road,Gosport,,PO12 2BL,Gosport,AwaitingInspection,,FHRS,False,50.781931,-1.154479,"Stokes Bay Sailing Club, Stokes Bay Road, Gosport, PO12 2BL"
2026-01-17,1908320,The Phoenix,Pub/bar/nightclub,32-33 George Street,,,Tamworth,B79 7LJ,Tamworth,AwaitingInspection,,FHRS,False,52.6332828,-1.693403,"32-33 George Street, Tamworth, B79 7LJ"
2026-01-17,1904560,The Brunel,Pub/bar/nightclub,The Brunel Inn,83 - 87 Fore Street,Saltash,Cornwall,PL12 6JW,Cornwall,AwaitingInspection,,FHRS,True,50.408948,-4.212786,"The Brunel Inn, 83 - 87 Fore Street, Saltash, Cornwall, PL12 6JW"
2026-01-17,1811954,The Royal Standard,Pub/bar/nightclub,Churchtown,Gwinear,Hayle,Cornwall,TR27 5JL,Cornwall,5,2026-01-14,FHRS,False,50.1875279,-5.3668258,"Churchtown, Gwinear, Hayle, Cornwall, TR27 5JL"
2026-01-17,1908016,Lewes Arms,Pub/bar/nightclub,1 Mount Place,,Lewes,,BN7 1YH,Lewes,5,2026-01-15,FHRS,False,50.8740126,0.0094291,"1 Mount Place, Lewes, BN7 1YH"
2026-01-17,1908021,The White Lion Hotel,Pub/bar/nightclub,The White Lion Hotel 74 Claremont Road,,Seaford,,BN25 2BJ,Lewes,5,2026-01-09,FHRS,False,50.7760652,0.0946748,"The White Lion Hotel 74 Claremont Road, Seaford, BN25 2BJ"
2026-01-17,1908022,Tikka Twist,Pub/bar/nightclub,The White Lion Hotel 74 Claremont Road,,Seaford,,BN25 2BJ,Lewes,AwaitingInspection,,FHRS,True,50.7760652,0.0946748,"The White Lion Hotel 74 Claremont Road, Seaford, BN25 2BJ"
2026-01-17,1908283,The Swan at Iver,Pub/bar/nightclub,The Swan,2 High Street,Iver,Buckinghamshire,SL0 9NG,Buckinghamshire,AwaitingInspection,,FHRS,False,51.5203358,-0.5038254,"The Swan, 2 High Street, Iver, Buckinghamshire, SL0 9NG"
2026-01-17,1848258,The Shaston Arms,Pub/bar/nightclub,4-6 GANTON STREET,,LONDON,,W1F 7QL,Westminster,5,2025-03-06,FHRS,False,51.5134395,-0.1382461,"4-6 GANTON STREET, LONDON, W1F 7QL"
2026-01-17,1908147,The Millhouse,Pub/bar/nightclub,,172 Mill Lane,Sutton Leach,,WA9 4HF,St Helens,AwaitingInspection,,FHRS,False,53.4268209,-2.7165729,"172 Mill Lane, Sutton Leach, WA9 4HF"
2026-01-17,1908060,Bomere Heath Cricket Club,Pub/bar/nightclub,Cricket Ground Shrewsbury Road,Bomere Heath,Shrewsbury,Shropshire,,Shropshire,AwaitingInspection,,FHRS,False,,,"Cricket Ground Shrewsbury Road, Bomere Heath, Shrewsbury, Shropshire"
2026-01-17,1908054,The Blue Boar,Pub/bar/nightclub,Blue Boar Inn 52 Mill Street,,Ludlow,Shropshire,SY8 1BB,Shropshire,AwaitingInspection,,FHRS,False,52.3667656,-2.7210035,"Blue Boar Inn 52 Mill Street, Ludlow, Shropshire, SY8 1BB"
2026-01-17,1908049,The Crown Inn,Pub/bar/nightclub,Crown Inn,,Clunton,Shropshire,SY7 0HU,Shropshire,AwaitingInspection,,FHRS,False,52.4259648,-2.979784,"Crown Inn, Clunton, Shropshire, SY7 0HU"
2026-01-17,1908047,The Market Hotel,Pub/bar/nightclub,Market Hotel Scotland Street,,Ellesmere,Shropshire,SY12 0EG,Shropshire,AwaitingInspection,,FHRS,False,52.9069658,-2.8948392,"Market Hotel Scotland Street, Ellesmere, Shropshire, SY12 0EG"
2026-01-17,1908025,The Oak Inn,Pub/bar/nightclub,The Oak Inn 47 Church Street,,Oswestry,Shropshire,SY11 2SZ,Shropshire,5,2025-11-24,FHRS,False,52.8569976,-3.0571381,"The Oak Inn 47 Church Street, Oswestry, Shropshire, SY11 2SZ"
2026-01-17,1907768,Flag Inn,Pub/bar/nightclub,,Arnold Road,Egerton,Bolton,BL7 9HL,Bolton,AwaitingInspection,,FHRS,False,53.6203826,-2.4308705,"Arnold Road, Egerton, Bolton, BL7 9HL"
2026-01-17,1908339,Earl of Beaconsfield,Pub/bar/nightclub,Earl Of Beaconsfield 133 Mill Road,,Cambridge,Cambridgeshire,CB1 3AA,Cambridge City,AwaitingInspection,,FHRS,False,52.1984961,0.1423209,"Earl Of Beaconsfield 133 Mill Road, Cambridge, Cambridgeshire, CB1 3AA"
2026-01-17,1907881,Tipsy's Wine Bar,Pub/bar/nightclub,Tipsy's Wine Bar,16 Trinity Street,Stalybridge,Tameside,SK15 2BN,Tameside,AwaitingInspection,,FHRS,False,,,"Tipsy's Wine Bar, 16 Trinity Street, Stalybridge, Tameside, SK15 2BN"
2026-01-17,1908197,Crowleys Rock Bar,Pub/bar/nightclub,,7 Cradock Street,,,SA1 3EN,Abertawe,5,2026-01-13,FHRS,False,51.6207919,-3.9471753,"7 Cradock Street, SA1 3EN"
2026-01-17,658439,The Mulberry Tree,Pub/bar/nightclub,53 Dane Road,Margate,Kent,,CT9 2AE,Thanet,AwaitingInspection,,FHRS,True,51.387487,1.389825,"53 Dane Road, Margate, Kent, CT9 2AE"
2026-01-17,1908252,The Railway Inn,Pub/bar/nightclub,Station Road,Balsall Common,Solihull,,CV7 7EF,Solihull,5,2025-10-10,FHRS,False,,,"Station Road, Balsall Common, Solihull, CV7 7EF"
2026-01-20,1908472,The Britannia,Pub/bar/nightclub,The Britannia Public House,20 Monument Street,London,,EC3R 8AJ,City of London Corporation,AwaitingInspection,,FHRS,False,51.5099257,-0.0858748,"The Britannia Public House, 20 Monument Street, London, EC3R 8AJ"
2026-01-20,1846450,Stanwick Rovers FC,Pub/bar/nightclub,Stanwick Rovers Football Club,Raunds Road,Stanwick,Wellingborough,NN9 6PP,North Northamptonshire,Exempt,,FHRS,False,52.3339138,-0.562638,"Stanwick Rovers Football Club, Raunds Road, Stanwick, Wellingborough, NN9 6PP"
2026-01-20,1908394,Star Pub,Pub/bar/nightclub,Citygate Computers Ltd,197 - 199 Baddow Road,Great Baddow,Chelmsford,CM2 7PZ,Chelmsford,AwaitingInspection,,FHRS,False,51.7238551,0.4854074,"Citygate Computers Ltd, 197 - 199 Baddow Road, Great Baddow, Chelmsford, CM2 7PZ"
2026-01-20,238062,The Angel Inn,Pub/bar/nightclub,The Angel Inn,13 Church Street,South Witham,Lincolnshire,NG33 5PJ,South Kesteven,5,2026-01-15,FHRS,False,52.764492,-0.627735,"The Angel Inn, 13 Church Street, South Witham, Lincolnshire, NG33 5PJ"
2026-01-20,133388,Locomotive Engineers Club and Institute Limited,Pub/bar/nightclub,18 STATION HILL SOUTHAMPTON ROAD EASTLEIGH SO50 9FJ,,,,SO50 9FJ,Eastleigh,5,2025-12-10,FHRS,False,50.9700593,-1.3509102,"18 STATION HILL SOUTHAMPTON ROAD EASTLEIGH SO50 9FJ, SO50 9FJ"
2026-01-20,1908576,The White Harte,Pub/bar/nightclub,,54-58 Park Row,City Centre,Bristol,BS1 5LH,Bristol,AwaitingInspection,,FHRS,False,51.4553554,-2.6028254,"54-58 Park Row, City Centre, Bristol, BS1 5LH"
2026-01-20,1908597,The Queen Charlotte,Pub/bar/nightclub,Church Lane,Windsor,,,SL4 1PA,Windsor and Maidenhead,AwaitingInspection,,FHRS,False,51.4820014,-0.60690685,"Church Lane, Windsor, SL4 1PA"
2026-01-20,1908654,Forever Food @ The Golden Eagle,Pub/bar/nightclub,The Golden Eagle,55 Agard Street,Derby,,DE1 1DZ,Derby City,AwaitingInspection,,FHRS,False,52.9253403,-1.4864702,"The Golden Eagle, 55 Agard Street, Derby, DE1 1DZ"
2026-01-20,1908658,The Bull & Bush,Pub/bar/nightclub,The Bull And Bush,256 Prince Charles Avenue,Derby,,DE22 4LJ,Derby City,AwaitingInspection,,FHRS,False,52.9271307,-1.529256,"The Bull And Bush, 256 Prince Charles Avenue, Derby, DE22 4LJ"
2026-01-20,1908403,Baroque,Pub/bar/nightclub,Baroque Night Club 18A Windsor Road,,Penarth,Vale Of Glamorgan,CF64 1JH,Bro Morgannwg,AwaitingInspection,,FHRS,False,51.4389456,-3.1749418,"Baroque Night Club 18A Windsor Road, Penarth, Vale Of Glamorgan, CF64 1JH"
2026-01-20,1908404,The Albion,Pub/bar/nightclub,The Albion 28 Glebe Street,,Penarth,Vale Of Glamorgan,CF64 1EF,Bro Morgannwg,AwaitingInspection,,FHRS,False,51.441647,-3.174744,"The Albion 28 Glebe Street, Penarth, Vale Of Glamorgan, CF64 1EF"
2026-01-20,1908403,Baroque,Pub/bar/nightclub,Baroque Night Club 18A Windsor Road,,Penarth,Vale Of Glamorgan,CF64 1JH,Vale of Glamorgan,AwaitingInspection,,FHRS,False,51.4389456,-3.1749418,"Baroque Night Club 18A Windsor Road, Penarth, Vale Of Glamorgan, CF64 1JH"
2026-01-20,1908404,The Albion,Pub/bar/nightclub,The Albion 28 Glebe Street,,Penarth,Vale Of Glamorgan,CF64 1EF,Vale of Glamorgan,AwaitingInspection,,FHRS,False,51.441647,-3.174744,"The Albion 28 Glebe Street, Penarth, Vale Of Glamorgan, CF64 1EF"
2026-01-20,1908614,The Norman Knight,Pub/bar/nightclub,Whichford,Shipston-on-Stour,,,CV36 5PE,Stratford-on-Avon,AwaitingInspection,,FHRS,False,52.009956,-1.541367,"Whichford, Shipston-on-Stour, CV36 5PE"
2026-01-20,1908498,Dark Doh Bros At Hobgoblin,Pub/bar/nightclub,31 York Place,Brighton,,,BN1 4GU,Brighton and Hove,4,2025-11-24,FHRS,False,50.828746,-0.135807,"31 York Place, Brighton, BN1 4GU"
2026-01-20,1793621,Ecentra Hospitalitx At Park Crescent Pub,Pub/bar/nightclub,39 Park Crescent Terrace,Brighton,,,BN2 3HE,Brighton and Hove,5,2025-03-14,FHRS,False,50.833128,-0.130306,"39 Park Crescent Terrace, Brighton, BN2 3HE"
2026-01-20,1908625,The Walrus,Pub/bar/nightclub,10 Ship Street,Brighton,,,BN1 1AD,Brighton and Hove,AwaitingInspection,,FHRS,True,50.821707,-0.142206,"10 Ship Street, Brighton, BN1 1AD"
2026-01-20,1650690,Toucan House At The Southern Belle,Pub/bar/nightclub,3 Waterloo Street,Hove,,,BN3 1AQ,Brighton and Hove,5,2025-09-23,FHRS,False,50.823843,-0.157243,"3 Waterloo Street, Hove, BN3 1AQ"
2026-01-20,1879063,Ayton Sports Association,Pub/bar/nightclub,Ayton Sports Association Wilsons Lane,,,Scarborough,YO13 9HY,North Yorkshire,5,2023-02-01,FHRS,False,54.2492083,-0.4827675,"Ayton Sports Association Wilsons Lane, Scarborough, YO13 9HY"
2026-01-20,1880126,Brompton Cricket Club,Pub/bar/nightclub,Cricket Ground Ings Lane,,,Brompton By Sawdon,YO13 9DR,North Yorkshire,5,2019-03-19,FHRS,False,54.2217611,-0.5486852,"Cricket Ground Ings Lane, Brompton By Sawdon, YO13 9DR"
2026-01-20,1879465,Cayton Playing Fields Association,Pub/bar/nightclub,Cayton Playing Fields Association Station Road,,,Scarborough,YO11 3TL,North Yorkshire,5,2017-11-25,FHRS,False,54.2312512,-0.3759245,"Cayton Playing Fields Association Station Road, Scarborough, YO11 3TL"
2026-01-20,1908548,Dog and Gun Pub Ltd,Pub/bar/nightclub,Carlton Road 0 Carlton Miniott,North Yorkshire,,YO7 4NJ,,North Yorkshire,AwaitingInspection,,FHRS,True,,,"Carlton Road 0 Carlton Miniott, North Yorkshire, YO7 4NJ"
2026-01-20,1879377,Filey Community Sports Club,Pub/bar/nightclub,Filey Community Sports Club Scarborough Road,,,Filey,YO14 9NJ,North Yorkshire,5,2016-03-11,FHRS,False,54.218307,-0.3057392,"Filey Community Sports Club Scarborough Road, Filey, YO14 9NJ"
2026-01-20,1879233,Filey Golf Club -Bar,Pub/bar/nightclub,Filey Golf Club West Avenue,,,Filey,YO14 9BQ,North Yorkshire,5,2018-03-13,FHRS,False,,,"Filey Golf Club West Avenue, Filey, YO14 9BQ"
2026-01-20,1879219,Filey Playing Fields Association,Pub/bar/nightclub,Recreation Ground Clubhouse Padbury Drive,,,Filey,YO14 0BD,North Yorkshire,5,2025-03-27,FHRS,False,54.207594,-0.2920425,"Recreation Ground Clubhouse Padbury Drive, Filey, YO14 0BD"
2026-01-20,1879604,Goathland Community Hub And Sports Pavilion,Pub/bar/nightclub,Goathland Community Hub And Sports Pavilion Track Along Dismantled Railway,,,Goathland,YO22 5LY,North Yorkshire,5,2025-03-03,FHRS,False,,,"Goathland Community Hub And Sports Pavilion Track Along Dismantled Railway, Goathland, YO22 5LY"
2026-01-20,1880250,Scarborough Anglers Social Club,Pub/bar/nightclub,2 Friars Way,,,Scarborough,YO11 1HN,North Yorkshire,5,2022-08-16,FHRS,False,54.2847145,-0.398848,"2 Friars Way, Scarborough, YO11 1HN"
2026-01-20,1878941,Scarborough Royal Rangers Supporters,Pub/bar/nightclub,London Inn Yard Newborough,,,Scarborough,YO11 2EH,North Yorkshire,5,2022-12-13,FHRS,False,,,"London Inn Yard Newborough, Scarborough, YO11 2EH"
2026-01-20,1880406,Seamer Sports Association,Pub/bar/nightclub,Recreation Ground Pasture Lane,,,Scarborough,YO12 4PY,North Yorkshire,5,2025-03-07,FHRS,False,54.2397429,-0.4350259,"Recreation Ground Pasture Lane, Scarborough, YO12 4PY"
2026-01-20,1908557,The Unicorn,Pub/bar/nightclub,The Unicorn Hotel 2 Newbiggin,,,Richmond,DL10 4DT,North Yorkshire,AwaitingInspection,,FHRS,False,54.4039409,-1.7397407,"The Unicorn Hotel 2 Newbiggin, Richmond, DL10 4DT"
2026-01-20,1880115,Westover S C Club,Pub/bar/nightclub,3 Westover Road,,,Scarborough,YO12 5AA,North Yorkshire,5,2023-01-06,FHRS,False,54.2764955,-0.4101324,"3 Westover Road, Scarborough, YO12 5AA"
2026-01-20,1880018,Whitby Fishermens Society Football Club,Pub/bar/nightclub,Whitby Fishermens Society Football Club The Cragg,,,Whitby,YO21 3QA,North Yorkshire,5,2025-03-10,FHRS,False,54.4883339,-0.6153405,"Whitby Fishermens Society Football Club The Cragg, Whitby, YO21 3QA"
2026-01-20,1879292,Whitby Golf Club,Pub/bar/nightclub,Whitby Golf Club Sandsend Road,,,Whitby,YO21 3SR,North Yorkshire,4,2024-11-05,FHRS,False,54.4943525,-0.6476229,"Whitby Golf Club Sandsend Road, Whitby, YO21 3SR"
2026-01-20,1879974,Whitby Rufc,Pub/bar/nightclub,Club House And Premises White Leys Road,,,Whitby,YO21 3PB,North Yorkshire,5,2019-02-27,FHRS,False,,,"Club House And Premises White Leys Road, Whitby, YO21 3PB"
2026-01-21,306937,Sun Inn,Pub/bar/nightclub,,,Pooley Bridge,Penrith,CA10 2NN,Westmorland and Furness,AwaitingInspection,,FHRS,False,54.612475,-2.819342,"Pooley Bridge, Penrith, CA10 2NN"
2026-01-21,1908835,The Flying Ferret,Pub/bar/nightclub,95 Huddersfield Road,Shelley,Huddersfield,,HD8 8HF,Kirklees,AwaitingInspection,,FHRS,True,53.598075,-1.693199,"95 Huddersfield Road, Shelley, Huddersfield, HD8 8HF"
2026-01-21,514456,Break Lounge,Pub/bar/nightclub,788 High Road Leyton,,Leyton,London,E10 6AE,Waltham Forest,5,2020-03-19,FHRS,False,51.5743435,-0.0104187,"788 High Road Leyton, Leyton, London, E10 6AE"
2026-01-21,424002,The Angel Inn,Pub/bar/nightclub,,37 Highgate High Street,,London,N6 5JT,Camden,5,2025-07-18,FHRS,False,51.5705472,-0.1476163,"37 Highgate High Street, London, N6 5JT"
2026-01-21,1908851,The Dracula Parrot,Pub/bar/nightclub,BASEMENT BUSINESS PREMISES 98 SANDGATE ROAD,,FOLKESTONE,,CT20 2BE,Folkestone and Hythe,AwaitingInspection,,FHRS,False,51.0781359,1.1766293,"BASEMENT BUSINESS PREMISES 98 SANDGATE ROAD, FOLKESTONE, CT20 2BE"
2026-01-21,609058,Ladbrokes Stadium,Pub/bar/nightclub,Monmore Green Stadium,Sutherland Avenue,Wolverhampton,West Midlands,WV2 2JH,Wolverhampton,5,2025-03-25,FHRS,False,52.577717,-2.103504,"Monmore Green Stadium, Sutherland Avenue, Wolverhampton, West Midlands, WV2 2JH"
2026-01-21,1908910,"Perfect Ale, Cask & Keg (PACK)",Pub/bar/nightclub,Pack,25 - 26 Queen Square,Wolverhampton,West Midlands,WV1 1TQ,Wolverhampton,AwaitingInspection,,FHRS,False,52.5856462,-2.1287563,"Pack, 25 - 26 Queen Square, Wolverhampton, West Midlands, WV1 1TQ"
2026-01-21,1100856,Subedi Kitchen Ltd,Pub/bar/nightclub,Red Lion,252 Bilston Road,Wolverhampton,West Midlands,WV2 2HU,Wolverhampton,5,2025-01-23,FHRS,False,52.5762672424316,-2.10662889480591,"Red Lion, 252 Bilston Road, Wolverhampton, West Midlands, WV2 2HU"
2026-01-21,1909089,Foresters Arms,Pub/bar/nightclub,Village Road,Kirdford,Billingshurst,West Sussex,RH14 0ND,Chichester,AwaitingInspection,,FHRS,False,51.032205,-0.550961,"Village Road, Kirdford, Billingshurst, West Sussex, RH14 0ND"
2026-01-21,1909085,The Crafty Bishop,Pub/bar/nightclub,Southgate Pavilion,Deanery Close,Chichester,West Sussex,PO19 1EQ,Chichester,AwaitingInspection,,FHRS,False,50.834027,-0.78053,"Southgate Pavilion, Deanery Close, Chichester, West Sussex, PO19 1EQ"
2026-01-21,1909062,Heist Bar,Pub/bar/nightclub,15 Market Place,,,Macclesfield,SK10 1AG,Cheshire East,AwaitingInspection,,FHRS,False,53.2608875,-2.125735,"15 Market Place, Macclesfield, SK10 1AG"
2026-01-21,1909061,Suburban Green,Pub/bar/nightclub,4 Hawthorn Lane,Wilmslow,,Cheshire East,SK9 1AA,Cheshire East,5,2025-10-30,FHRS,False,53.3280221,-2.2308966,"4 Hawthorn Lane, Wilmslow, Cheshire East, SK9 1AA"
2026-01-21,1909047,The Charles Roe Pub,Pub/bar/nightclub,60-62 Chestergate,Macclesfield,,Cheshire East,SK11 6DY,Cheshire East,AwaitingInspection,,FHRS,False,53.2608246,-2.1284347,"60-62 Chestergate, Macclesfield, Cheshire East, SK11 6DY"
2026-01-21,1909081,The Charles Roe Pub,Pub/bar/nightclub,60-62 Chestergate,Macclesfield,,,SK11 6DY,Cheshire East,AwaitingInspection,,FHRS,False,53.2608246,-2.1284347,"60-62 Chestergate, Macclesfield, SK11 6DY"
2026-01-21,1909044,Town House,Pub/bar/nightclub,6 Hightown,Sandbach,,Cheshire,CW11 1AB,Cheshire East,AwaitingInspection,,FHRS,False,53.1445208,-2.3651821,"6 Hightown, Sandbach, Cheshire, CW11 1AB"
2026-01-21,89484,Star Rowing Club,Pub/bar/nightclub,Star Rowing Club,Commercial Road,Bedford,,MK40 1QS,Bedford,AwaitingInspection,,FHRS,False,52.134172,-0.473125,"Star Rowing Club, Commercial Road, Bedford, MK40 1QS"
2026-01-21,440570,Aberfeldy Bowling Club,Pub/bar/nightclub,Aberfeldy Bowling Club,Taybridge Terrace,Aberfeldy,,PH15 2BS,Perth and Kinross,Pass,2022-10-12,FHIS,False,,,"Aberfeldy Bowling Club, Taybridge Terrace, Aberfeldy, PH15 2BS"
2026-01-21,440576,Airlie Street Bar,Pub/bar/nightclub,,37-39 Airlie Street,Alyth,Blairgowrie Perthshire,PH11 8AJ,Perth and Kinross,Pass,1998-08-14,FHIS,False,56.621244,-3.22874,"37-39 Airlie Street, Alyth, Blairgowrie Perthshire, PH11 8AJ"
2026-01-21,440584,Braco Bowling Club,Pub/bar/nightclub,Braco Bowling Club,Feddal Road,Braco,,FK15 9QG,Perth and Kinross,Pass,2021-05-12,FHIS,False,,,"Braco Bowling Club, Feddal Road, Braco, FK15 9QG"
2026-01-21,440563,Crieff Bowling Club,Pub/bar/nightclub,Coldwells,Coldwells Road,Crieff,,PH7 4BB,Perth and Kinross,Pass,2024-05-23,FHIS,False,56.3748752,-3.8429146,"Coldwells, Coldwells Road, Crieff, PH7 4BB"
2026-01-21,440510,Crown Bar,Pub/bar/nightclub,Crown Bar,42 Wellmeadow,Blairgowrie,Perthshire,PH10 6NQ,Perth and Kinross,Pass,1998-08-07,FHIS,False,56.590936,-3.336226,"Crown Bar, 42 Wellmeadow, Blairgowrie, Perthshire, PH10 6NQ"
2026-01-21,700358,Ex Service-men's Club,Pub/bar/nightclub,,8 Brown Street,Perth,,PH1 5QE,Perth and Kinross,Pass,2010-10-29,FHIS,False,56.465813,-3.580878,"8 Brown Street, Perth, PH1 5QE"
2026-01-21,440609,Glencarse Bowling Club,Pub/bar/nightclub,,22a Druids Way,St Madoes,Perth,PH2 7NQ,Perth and Kinross,Pass,2021-05-07,FHIS,False,56.3737479,-3.3039208,"22a Druids Way, St Madoes, Perth, PH2 7NQ"
2026-01-21,440598,Kinnoull Bowling Club,Pub/bar/nightclub,Bowling Club,Muirhall Terrace,Perth,,PH2 7ES,Perth and Kinross,Pass,1998-07-14,FHIS,False,56.402714,-3.417675,"Bowling Club, Muirhall Terrace, Perth, PH2 7ES"
2026-01-21,1908785,Livingwell Health Club,Pub/bar/nightclub,Livingwell,St. Catherines Road,Perth,,PH1 5RG,Perth and Kinross,Pass,2005-11-18,FHIS,False,56.399785,-3.43876,"Livingwell, St. Catherines Road, Perth, PH1 5RG"
2026-01-21,440612,Luncarty FC Social Club,Pub/bar/nightclub,Luncarty Football Club Brownlands Park,Main Road,Luncarty,Perth,PH1 3EP,Perth and Kinross,Improvement Required,2023-10-02,FHIS,False,56.454689,-3.4716817,"Luncarty Football Club Brownlands Park, Main Road, Luncarty, Perth, PH1 3EP"
2026-01-21,440508,Meadow Arms,Pub/bar/nightclub,,13 Wellmeadow,Blairgowrie,Perthshire,PH10 6ND,Perth and Kinross,Pass,1998-08-14,FHIS,False,56.592038,-3.336509,"13 Wellmeadow, Blairgowrie, Perthshire, PH10 6ND"
2026-01-21,440567,Pitlochry Bowling Club,Pub/bar/nightclub,Bowling Green,24 West Moulin Road,Pitlochry,,PH16 5EA,Perth and Kinross,Pass,2023-02-08,FHIS,False,,,"Bowling Green, 24 West Moulin Road, Pitlochry, PH16 5EA"
2026-01-21,440568,R B L S Memorial Club,Pub/bar/nightclub,The Royal British Legion,Atholl Street,Dunkeld,,PH8 0AR,Perth and Kinross,Pass,2019-07-04,FHIS,False,,,"The Royal British Legion, Atholl Street, Dunkeld, PH8 0AR"
2026-01-21,440607,R McClintock Pres,Pub/bar/nightclub,West End Bowling Club,Gray Street,Perth,,PH2 0JN,Perth and Kinross,Pass,1998-09-21,FHIS,False,56.392094,-3.44333,"West End Bowling Club, Gray Street, Perth, PH2 0JN"
2026-01-21,440606,Railway Staff Association Club,Pub/bar/nightclub,,9 Feus Road,Perth,,PH1 2AS,Perth and Kinross,Awaiting Inspection,2021-01-14,FHIS,False,56.401247,-3.446723,"9 Feus Road, Perth, PH1 2AS"
2026-01-21,440594,Strathmore Bar,Pub/bar/nightclub,Strathmore Bar,43 Main Street,Perth,,PH2 7HD,Perth and Kinross,Pass,2021-05-14,FHIS,False,56.4003874,-3.4231443,"Strathmore Bar, 43 Main Street, Perth, PH2 7HD"
2026-01-21,440552,The Grill Bar,Pub/bar/nightclub,The Retreat,Fleshers' Vennel,Perth,,PH2 8PF,Perth and Kinross,Pass,2024-03-14,FHIS,False,,,"The Retreat, Fleshers' Vennel, Perth, PH2 8PF"
2026-01-21,440522,The Inn,Pub/bar/nightclub,The Inn,Main Street,Crook Of Devon,Kinross,KY13 0UR,Perth and Kinross,Pass,2023-02-10,FHIS,False,56.184871,-3.555466,"The Inn, Main Street, Crook Of Devon, Kinross, KY13 0UR"
2026-01-21,440533,The Old Ship Inn,Pub/bar/nightclub,,31A High Street,Perth,,PH1 5TJ,Perth and Kinross,Pass,2008-11-07,FHIS,False,56.396864,-3.427973,"31A High Street, Perth, PH1 5TJ"
2026-01-21,440548,The Royal Bar,Pub/bar/nightclub,,43 Scott Street,Perth,,PH2 8JW,Perth and Kinross,Pass,2002-12-20,FHIS,False,56.395067,-3.431859,"43 Scott Street, Perth, PH2 8JW"
2026-01-21,440608,Tulloch Institute Club,Pub/bar/nightclub,Tulloch Institute,Tulloch Terrace,Perth,,PH1 2PF,Perth and Kinross,Pass,2023-02-09,FHIS,False,56.408175,-3.4688,"Tulloch Institute, Tulloch Terrace, Perth, PH1 2PF"
2026-01-21,1908686,Devonshire Arms Hotel,Pub/bar/nightclub,Nether End,Baslow,Derbyshire,,DE45 1SR,Derbyshire Dales,5,2024-01-03,FHRS,False,53.246128,-1.613012,"Nether End, Baslow, Derbyshire, DE45 1SR"
2026-01-21,1885226,The Old Station Inn,Pub/bar/nightclub,Old Station Inn,Wells Road,Hallatrow,Bristol,BS39 6EN,Bath and North East Somerset,AwaitingInspection,,FHRS,True,51.3106759,-2.5277584,"Old Station Inn, Wells Road, Hallatrow, Bristol, BS39 6EN"
2026-01-22,1909449,The Links Bar And Kitchen,Pub/bar/nightclub,196 - 202 Drummond Road,Skegness,,,PE25 3BU,East Lindsey,5,2025-11-18,FHRS,False,53.1330237,0.3391181,"196 - 202 Drummond Road, Skegness, PE25 3BU"
2026-01-22,108843,Ring O' Bells,Pub/bar/nightclub,,52 King Street,Lancaster,Lancashire,LA1 1RE,Lancaster City,AwaitingInspection,,FHRS,False,54.047103,-2.801791,"52 King Street, Lancaster, Lancashire, LA1 1RE"
2026-01-22,1909399,Trevor,Pub/bar/nightclub,,Tower Avenue,Lancaster University,Lancaster,LA1 4YG,Lancaster City,AwaitingInspection,,FHRS,False,54.0095977783203,-2.78544402122498,"Tower Avenue, Lancaster University, Lancaster, LA1 4YG"
2026-01-22,1909409,Rising Sun Redditch,Pub/bar/nightclub,Unit 4,15 Alcester Street,Redditch,Worcestershire,B98 8AE,Redditch,AwaitingInspection,,FHRS,False,52.306003,-1.9388324,"Unit 4, 15 Alcester Street, Redditch, Worcestershire, B98 8AE"
2026-01-22,1909257,Wates,Pub/bar/nightclub,Wates House,,Guildford,Surrey,GU2 7XH,Guildford,AwaitingInspection,,FHRS,False,51.242581,-0.587957,"Wates House, Guildford, Surrey, GU2 7XH"
2026-01-22,1909325,The Tavern,Pub/bar/nightclub,Braehead Tavern Braehead,Greenock Road,Inchinnan,Renfrewshire,PA4 9NH,Renfrewshire,Awaiting Inspection,,FHIS,False,55.8877817,-4.4282146,"Braehead Tavern Braehead, Greenock Road, Inchinnan, Renfrewshire, PA4 9NH"
2026-01-22,1909358,Sidewalk Bar and Kitchen,Pub/bar/nightclub,37 Broad Street,,,Coventry,CV6 5AX,Coventry,AwaitingInspection,,FHRS,False,52.427178,-1.4981314,"37 Broad Street, Coventry, CV6 5AX"
2026-01-22,1909197,Three horseshoes,Pub/bar/nightclub,Public House Three Horseshoes 179 Main Street,,Yaxley,Cambridgeshire,PE7 3LD,Huntingdonshire,AwaitingInspection,,FHRS,True,52.5120338,-0.260559,"Public House Three Horseshoes 179 Main Street, Yaxley, Cambridgeshire, PE7 3LD"
2026-01-22,1909420,The Riflemans Arms,Pub/bar/nightclub,23 Station Street,Droitwich Spa,Worcestershire,,WR9 8JD,Wychavon,AwaitingInspection,,FHRS,False,52.267682,-2.156586,"23 Station Street, Droitwich Spa, Worcestershire, WR9 8JD"
2026-01-22,1909329,Albert Sports Bar,Pub/bar/nightclub,29-31 Albert Road,Retford,Nottinghamshire,,DN22 6JB,Bassetlaw,AwaitingInspection,,FHRS,False,53.3183936,-0.9420545,"29-31 Albert Road, Retford, Nottinghamshire, DN22 6JB"
2026-01-22,1909333,Welbeck Sailing Club,Pub/bar/nightclub,Norton,Nottinghamshire,,,NG20 9LB,Bassetlaw,5,2024-11-14,FHRS,False,,,"Norton, Nottinghamshire, NG20 9LB"
2026-01-22,1909306,Roman Urn,Pub/bar/nightclub,137 Crossbrook Street,Cheshunt,Hertfordshire,,EN8 8LY,Broxbourne,AwaitingInspection,,FHRS,False,51.696657,-0.034908,"137 Crossbrook Street, Cheshunt, Hertfordshire, EN8 8LY"
2026-01-22,1909311,The Golden Lion,Pub/bar/nightclub,23 High Street,Hoddesdon,Hertfordshire,,EN11 8SX,Broxbourne,AwaitingInspection,,FHRS,False,51.757883,-0.01282,"23 High Street, Hoddesdon, Hertfordshire, EN11 8SX"
2026-01-22,1909424,The Bridge Inn,Pub/bar/nightclub,Bridge Inn,Bridge Road,Mangotsfield,South Gloucestershire,BS16 9NG,South Gloucestershire,AwaitingInspection,,FHRS,False,51.4811935424805,-2.47168707847595,"Bridge Inn, Bridge Road, Mangotsfield, South Gloucestershire, BS16 9NG"
2026-01-23,606535,Banff,Pub/bar/nightclub,,32 West Street,Southport,Merseyside,PR8 1QN,Sefton,5,2020-01-17,FHRS,False,53.647015,-3.009451,"32 West Street, Southport, Merseyside, PR8 1QN"
2026-01-23,1909523,BOBBIN ABERDEEN,Pub/bar/nightclub,,500 King Street Aberdeen,,,AB24 5ST,Aberdeen City,Awaiting Inspection,1999-04-01,FHIS,False,57.1624809,-2.0964274,"500 King Street Aberdeen, AB24 5ST"
2026-01-23,784072,Foxy Lady Aka Ale House,Pub/bar/nightclub,Oxford House,146 Oxford Street,Bilston,Wolverhampton,WV14 7DW,Wolverhampton,5,2022-02-24,FHRS,False,52.561754,-2.059964,"Oxford House, 146 Oxford Street, Bilston, Wolverhampton, WV14 7DW"
2026-01-23,1909524,The Wortwell Bell,Pub/bar/nightclub,52 High Road,Wortwell,Norfolk,,IP20 0EF,South Norfolk,AwaitingInspection,,FHRS,False,52.4141441,1.3455908,"52 High Road, Wortwell, Norfolk, IP20 0EF"
2026-01-23,1909513,Somercotes Parish Hall,Pub/bar/nightclub,Nottingham Road Somercotes Alfreton Derbyshire,,,,DE55 4LY,Amber Valley,5,2025-10-07,FHRS,False,53.08091014,-1.36991596,"Nottingham Road Somercotes Alfreton Derbyshire, DE55 4LY"
2026-01-23,1648523,The Market Cask,Pub/bar/nightclub,33 Market Place Heanor Derbyshire,,,,DE75 7EG,Amber Valley,AwaitingInspection,,FHRS,False,53.0132484,-1.3536435,"33 Market Place Heanor Derbyshire, DE75 7EG"
2026-01-23,1909675,The Swan,Pub/bar/nightclub,42 Poulton Street,,Kirkham,Lancashire,PR4 2AH,Fylde,AwaitingInspection,,FHRS,False,53.7823675,-2.8736903,"42 Poulton Street, Kirkham, Lancashire, PR4 2AH"
2026-01-23,1909540,Goose,Pub/bar/nightclub,12 Market Row,Saffron Walden,Essex,,CB10 1HB,Uttlesford,AwaitingInspection,,FHRS,False,52.023215,0.241071,"12 Market Row, Saffron Walden, Essex, CB10 1HB"
2026-01-23,1909693,Its All About Meat,Pub/bar/nightclub,The Cutler,Woodsetts Road,North Anston,Sheffield,S25 4EQ,Rotherham,AwaitingInspection,,FHRS,False,53.3566802,-1.2190561,"The Cutler, Woodsetts Road, North Anston, Sheffield, S25 4EQ"
2026-01-23,1909526,Acle Social Club,Pub/bar/nightclub,Acle War Memorial Centre,Bridewell Lane,Acle,Norfolk,NR13 3RA,Broadland,AwaitingInspection,,FHRS,False,,,"Acle War Memorial Centre, Bridewell Lane, Acle, Norfolk, NR13 3RA"
2026-01-23,1909592,Stump Cross Inn,Pub/bar/nightclub,Britannia Road,Morley,Leeds,,LS27 0DD,Leeds,AwaitingInspection,,FHRS,False,53.736821,-1.605567,"Britannia Road, Morley, Leeds, LS27 0DD"
2026-01-23,1909596,The Buffers,Pub/bar/nightclub,Rakehill Road,Scholes,Leeds,,LS15 4AL,Leeds,AwaitingInspection,,FHRS,True,53.830347,-1.428231,"Rakehill Road, Scholes, Leeds, LS15 4AL"
2026-01-23,1909505,The Silk Lounge,Pub/bar/nightclub,6 Cooper Street,Bideford,Devon,,EX39 2DA,Torridge,AwaitingInspection,,FHRS,False,51.018699,-4.205511,"6 Cooper Street, Bideford, Devon, EX39 2DA"
2026-01-23,1909487,The Storrsdale,Pub/bar/nightclub,The Storrsdale Storrsdale Road,,Liverpool,,L18 7JY,Liverpool,AwaitingInspection,,FHRS,False,53.3765738002163,-2.90676755039111,"The Storrsdale Storrsdale Road, Liverpool, L18 7JY"
2026-01-24,1909876,Old Bulls Head,Pub/bar/nightclub,24 - 26 Baldock Street,Ware,Hertfordshire,,SG12 9DZ,East Hertfordshire,AwaitingInspection,,FHRS,False,51.8133076,-0.0341928,"24 - 26 Baldock Street, Ware, Hertfordshire, SG12 9DZ"
2026-01-24,1909809,Faversham Club,Pub/bar/nightclub,Gatefield Lane,Faversham,Kent,,ME13 8NX,Swale,AwaitingInspection,,FHRS,False,51.314212,0.891864,"Gatefield Lane, Faversham, Kent, ME13 8NX"
2026-01-24,1909803,"'Eden, Avenue and 30's",Pub/bar/nightclub,144 Main Street,Coatbridge,North Lanarkshire,,ML5 3BJ,North Lanarkshire,Awaiting Inspection,,FHIS,False,55.8612265,-4.0229983,"144 Main Street, Coatbridge, North Lanarkshire, ML5 3BJ"
2026-01-24,1909804,Innishmohr,Pub/bar/nightclub,144 Main Street,Coatbridge,North Lanarkshire,,ML5 3BJ,North Lanarkshire,Pass,2026-01-12,FHIS,False,55.8612265,-4.0229983,"144 Main Street, Coatbridge, North Lanarkshire, ML5 3BJ"
2026-01-24,1909918,The Pepper Mill,Pub/bar/nightclub,Phoenix Park,Phoenix Way,Longton,Stoke-On-Trent,ST3 2JD,Stoke-On-Trent,AwaitingInspection,,FHRS,False,52.991057,-2.144015,"Phoenix Park, Phoenix Way, Longton, Stoke-On-Trent, ST3 2JD"
2026-01-24,1910214,COOPERS TAVERN,Pub/bar/nightclub,Coopers Tavern,43 Cross Street,Burton upon Trent,,DE14 1EG,East Staffordshire,AwaitingInspection,,FHRS,False,52.8046933,-1.6376432,"Coopers Tavern, 43 Cross Street, Burton upon Trent, DE14 1EG"
2026-01-24,1909755,Lily Of The Vale,Pub/bar/nightclub,12 Main Street,Stathern,Melton Mowbray,,LE14 4HW,Melton,AwaitingInspection,,FHRS,False,52.87201,-0.85468,"12 Main Street, Stathern, Melton Mowbray, LE14 4HW"
2026-01-24,1909752,The Blue Bell Inn,Pub/bar/nightclub,36 Main Street,Hoby,Melton Mowbray,,LE14 3DT,Melton,5,2026-01-22,FHRS,False,52.7507659,-1.0085632,"36 Main Street, Hoby, Melton Mowbray, LE14 3DT"
2026-01-24,1910065,Never Say Never At The Hilden Manor,Pub/bar/nightclub,The Hilden Manor,109 London Road,Tonbridge,Kent,TN10 3AN,Tonbridge and Malling,AwaitingInspection,,FHRS,False,51.206029,0.261945,"The Hilden Manor, 109 London Road, Tonbridge, Kent, TN10 3AN"
2026-01-24,1910063,The Holy Goat,Pub/bar/nightclub,The Somerhill PH,59 Pembury Road,Tonbridge,Kent,TN9 2JB,Tonbridge and Malling,AwaitingInspection,,FHRS,False,51.188573,0.272152,"The Somerhill PH, 59 Pembury Road, Tonbridge, Kent, TN9 2JB"
2026-01-24,1886167,The Kitchen @ Truro Rugby Club,Pub/bar/nightclub,Truro Rugby Football Club,St Clements Hill,Truro,Cornwall,TR1 1NY,Cornwall,5,2026-01-19,FHRS,False,,,"Truro Rugby Football Club, St Clements Hill, Truro, Cornwall, TR1 1NY"
2026-01-24,1910192,Hare & Hounds,Pub/bar/nightclub,The Hare And Hounds,Brentmoor Road,West End,Woking,GU24 9QG,Surrey Heath,AwaitingInspection,,FHRS,False,,,"The Hare And Hounds, Brentmoor Road, West End, Woking, GU24 9QG"
2026-01-24,1909985,U9,Pub/bar/nightclub,SUB-BASEMENT BASEMENT PART AND GROUND FLOOR PART CLAREVILLE HOUSE 47 WHITCOMB STREET,,LONDON,,WC2H 7DH,Westminster,AwaitingInspection,,FHRS,False,51.5099484,-0.1313414,"SUB-BASEMENT BASEMENT PART AND GROUND FLOOR PART CLAREVILLE HOUSE 47 WHITCOMB STREET, LONDON, WC2H 7DH"
2026-01-24,1910028,The Green Man,Pub/bar/nightclub,The Green Man Inn Church Lane,,Middleton,Warwickshire,B78 2AN,North Warwickshire,AwaitingInspection,,FHRS,False,52.582013,-1.7425068,"The Green Man Inn Church Lane, Middleton, Warwickshire, B78 2AN"
2026-01-24,1909861,Frecheville Community Club,Pub/bar/nightclub,Frecheville Community Centre Members bar,Churchdale Road,Sheffield,,S12 4XT,Sheffield,AwaitingInspection,,FHRS,False,,,"Frecheville Community Centre Members bar, Churchdale Road, Sheffield, S12 4XT"
2026-01-24,1909860,Sheffield Plate,Pub/bar/nightclub,,31-32 Orchard Square,Sheffield,,S1 2FB,Sheffield,AwaitingInspection,,FHRS,False,53.3815801,-1.4701861,"31-32 Orchard Square, Sheffield, S1 2FB"
2026-01-24,1909960,Castle Arms Inn,Pub/bar/nightclub,Castle Arms Inn Meadow Lane,,,Snape,DL8 2TB,North Yorkshire,AwaitingInspection,,FHRS,False,54.2544619,-1.5917979,"Castle Arms Inn Meadow Lane, Snape, DL8 2TB"
2026-01-24,1909972,Hood,Pub/bar/nightclub,Church House 0 30 College Square,Stokesley,,North Yorkshire,,North Yorkshire,5,2022-08-01,FHRS,False,,,"Church House 0 30 College Square, Stokesley, North Yorkshire"
2026-01-24,1909968,Mother Shiptons Inn,Pub/bar/nightclub,Mother Shiptons Inn Low Bridge,,,,HG5 8HZ,North Yorkshire,AwaitingInspection,,FHRS,False,,,"Mother Shiptons Inn Low Bridge, HG5 8HZ"
2026-01-24,1909963,O’malley’s Black Horse,Pub/bar/nightclub,16 High Street,,,Skipton,BD23 1JZ,North Yorkshire,AwaitingInspection,,FHRS,False,53.96223,-2.01634,"16 High Street, Skipton, BD23 1JZ"
2026-01-24,1909964,Red Lion,Pub/bar/nightclub,Red Lion 1 Ings Lane,,,Goole,DN14 0NT,North Yorkshire,AwaitingInspection,,FHRS,False,53.7190474,-1.1672674,"Red Lion 1 Ings Lane, Goole, DN14 0NT"
2026-01-24,1909961,The Chequers Inn,Pub/bar/nightclub,Chequers Inn,,,Dalton On Tees,DL2 2NT,North Yorkshire,AwaitingInspection,,FHRS,False,,,"Chequers Inn, Dalton On Tees, DL2 2NT"
2026-01-24,1909780,Nags Head Hotel,Pub/bar/nightclub,North Road,Clowne,Chesterfield,,S43 4JH,Bolsover,AwaitingInspection,,FHRS,False,53.275713,-1.262462,"North Road, Clowne, Chesterfield, S43 4JH"
2026-01-24,1909886,The Nobody Inn,Pub/bar/nightclub,The Nobody Inn Doddiscombsleigh,,,,EX6 7PS,Teignbridge,5,2026-01-21,FHRS,False,,,"The Nobody Inn Doddiscombsleigh, EX6 7PS"
2026-01-24,1909793,Turners Hill Cricket Club,Pub/bar/nightclub,Turners Hill Cricket Club,Turners Hill Road,Turners Hill,West Sussex,RH10 4PE,Mid Sussex,AwaitingInspection,,FHRS,False,,,"Turners Hill Cricket Club, Turners Hill Road, Turners Hill, West Sussex, RH10 4PE"
2026-01-27,1894756,Bar Riviera,Pub/bar/nightclub,Unit 4 Yr Hen Ysgol Gymraeg Alexandra Road,,Aberystwyth,Ceredigion,SY23 1LF,Ceredigion,AwaitingInspection,,FHRS,False,52.4136169,-4.0824151,"Unit 4 Yr Hen Ysgol Gymraeg Alexandra Road, Aberystwyth, Ceredigion, SY23 1LF"
2026-01-27,1753394,THE BELL HOTEL AND SPORTS BAR,Pub/bar/nightclub,4 Pendre,,Cardigan,,SA43 1JL,Ceredigion,5,2026-01-08,FHRS,False,52.0842298,-4.6608678,"4 Pendre, Cardigan, SA43 1JL"
2026-01-27,1910432,George and Dragon,Pub/bar/nightclub,George & Dragon George and Dragon Public,High Street,Thames Ditton,Surrey,KT7 0RY,Elmbridge,4,2025-01-07,FHRS,False,,,"George & Dragon George and Dragon Public, High Street, Thames Ditton, Surrey, KT7 0RY"
2026-01-27,1807061,The Star Inn,Pub/bar/nightclub,Star Inn,Manor Road,Sulgrave,,OX17 2SA,West Northamptonshire,5,2025-03-27,FHRS,False,52.1056187,-1.1861739,"Star Inn, Manor Road, Sulgrave, OX17 2SA"
2026-01-27,1910338,Fluke Bar,Pub/bar/nightclub,57 Prince Of Wales Road,Norwich,,,NR1 1BL,Norwich City,AwaitingInspection,,FHRS,False,52.629147,1.301753,"57 Prince Of Wales Road, Norwich, NR1 1BL"
2026-01-27,1910350,Pig And Whistle,Pub/bar/nightclub,2 - 8 All Saints Green,Norwich,,,NR1 3NA,Norwich City,AwaitingInspection,,FHRS,False,52.625464,1.295135,"2 - 8 All Saints Green, Norwich, NR1 3NA"
2026-01-27,1910349,The Norkie,Pub/bar/nightclub,Norkie,Bowthorpe Main Centre,Wendene,Norwich,NR5 9HA,Norwich City,AwaitingInspection,,FHRS,False,52.637472,1.216948,"Norkie, Bowthorpe Main Centre, Wendene, Norwich, NR5 9HA"
2026-01-27,1910397,Rustic Eatery @ Dudley Golf Club,Pub/bar/nightclub,Dudley Golf Club Turners Hill,,,Rowley Regis,B65 9DP,Sandwell,AwaitingInspection,,FHRS,False,52.4980452,-2.050843,"Dudley Golf Club Turners Hill, Rowley Regis, B65 9DP"
2026-01-27,1910455,Britannia Inn,Pub/bar/nightclub,256 Westbury,,Sherborne,Dorset,DT9 3EH,Dorset,AwaitingInspection,,FHRS,False,50.9455548,-2.5167113,"256 Westbury, Sherborne, Dorset, DT9 3EH"
2026-01-27,1910450,Duke of Cornwall,Pub/bar/nightclub,1 St Edmund Street,,Weymouth,Dorset,DT4 8AS,Dorset,Exempt,,FHRS,False,50.6078300476074,-2.45425891876221,"1 St Edmund Street, Weymouth, Dorset, DT4 8AS"
2026-01-27,1910463,The Crown Inn,Pub/bar/nightclub,The Crown Inn Hunger Hill,,East Stour,Dorset,SP8 5JS,Dorset,5,2026-01-23,FHRS,False,51.011589050293,-2.27990102767944,"The Crown Inn Hunger Hill, East Stour, Dorset, SP8 5JS"
2026-01-27,1910449,The Wellington 1815 Ltd,Pub/bar/nightclub,Duke Of Wellington 5 - 7 East Street,,Wareham,Dorset,BH20 4NN,Dorset,AwaitingInspection,,FHRS,True,50.686336517334,-2.10873007774353,"Duke Of Wellington 5 - 7 East Street, Wareham, Dorset, BH20 4NN"
2026-01-27,1910456,The White Lion,Pub/bar/nightclub,1 West Allington,,Bridport,Dorset,DT6 5BJ,Dorset,AwaitingInspection,,FHRS,False,50.7342872619629,-2.76392388343811,"1 West Allington, Bridport, Dorset, DT6 5BJ"
2026-01-27,1894756,Bar Riviera,Pub/bar/nightclub,Unit 4 Yr Hen Ysgol Gymraeg Alexandra Road,,Aberystwyth,Ceredigion,SY23 1LF,Ceredigion,AwaitingInspection,,FHRS,False,52.4136169,-4.0824151,"Unit 4 Yr Hen Ysgol Gymraeg Alexandra Road, Aberystwyth, Ceredigion, SY23 1LF"
2026-01-27,1753394,THE BELL HOTEL AND SPORTS BAR,Pub/bar/nightclub,4 Pendre,,Cardigan,,SA43 1JL,Ceredigion,5,2026-01-08,FHRS,False,52.0842298,-4.6608678,"4 Pendre, Cardigan, SA43 1JL"
2026-01-27,1910380,Church Inn,Pub/bar/nightclub,Church Inn,Bedwellty Road,Bedwellty,Blackwood,NP12 0BD,Caerffili,AwaitingInspection,,FHRS,False,51.6964501,-3.2076627,"Church Inn, Bedwellty Road, Bedwellty, Blackwood, NP12 0BD"
2026-01-27,1910510,Bankers Draught,Pub/bar/nightclub,83 Haywood Street,Leek,Staffordshire,,ST13 5JN,Staffordshire Moorlands,AwaitingInspection,,FHRS,False,53.1053762,-2.0217048,"83 Haywood Street, Leek, Staffordshire, ST13 5JN"
2026-01-27,1910505,R Bar,Pub/bar/nightclub,33 Main Street,Grassington,,Skipton,BD23 5AA,North Yorkshire,AwaitingInspection,,FHRS,False,54.072599,-1.9975279,"33 Main Street, Grassington, Skipton, BD23 5AA"
2026-01-27,1910507,Royal Oak Market Place,Pub/bar/nightclub,,,,,,North Yorkshire,AwaitingInspection,,FHRS,False,,,
2026-01-27,1883816,The Albert,Pub/bar/nightclub,66 - 68 Lark Lane,,Liverpool,,L17 8UU,Liverpool,AwaitingInspection,,FHRS,False,53.3816914,-2.9448156,"66 - 68 Lark Lane, Liverpool, L17 8UU"
2026-01-27,1910224,Helch Tap,Pub/bar/nightclub,19 Upper Brook Street,Winchester,Hampshire,,SO23 8AL,Winchester City,AwaitingInspection,,FHRS,False,51.0630121,-1.3131158,"19 Upper Brook Street, Winchester, Hampshire, SO23 8AL"
2026-01-27,1910220,The Round Coppice,Pub/bar/nightclub,Unit F4,Whiteley Shopping Centre,Whiteley Way,Whiteley,PO15 7PD,Winchester City,AwaitingInspection,,FHRS,False,50.885289,-1.24598,"Unit F4, Whiteley Shopping Centre, Whiteley Way, Whiteley, PO15 7PD"
2026-01-27,1910380,Church Inn,Pub/bar/nightclub,Church Inn,Bedwellty Road,Bedwellty,Blackwood,NP12 0BD,Caerphilly,AwaitingInspection,,FHRS,False,51.6964501,-3.2076627,"Church Inn, Bedwellty Road, Bedwellty, Blackwood, NP12 0BD"
2026-01-27,1910273,Trident,Pub/bar/nightclub,The Trident,294A Badminton Road,Downend,South Gloucestershire,BS16 6NY,South Gloucestershire,AwaitingInspection,,FHRS,False,51.5004238,-2.4920574,"The Trident, 294A Badminton Road, Downend, South Gloucestershire, BS16 6NY"
2026-01-28,1910698,The Anchor Public House,Pub/bar/nightclub,3 The Square,Heybridge,Maldon,Essex,CM9 4LT,Maldon,AwaitingInspection,,FHRS,False,51.741165,0.684287,"3 The Square, Heybridge, Maldon, Essex, CM9 4LT"
2026-01-28,1046781,Faber Fox,Pub/bar/nightclub,25 - 27 Westow Hill,London,,,SE19 1TQ,Lambeth,5,2025-03-26,FHRS,False,51.420111,-0.08229,"25 - 27 Westow Hill, London, SE19 1TQ"
2026-01-28,980805,"St Matthews Tenants Assoc, Bar And Social Club",Pub/bar/nightclub,10 St Matthew's Road,London,,,SW2 1NH,Lambeth,4,2019-10-24,FHRS,False,51.4574546813965,-0.116408996284008,"10 St Matthew's Road, London, SW2 1NH"
2026-01-28,981025,The Hoist,Pub/bar/nightclub,The Hoist At Railway Arches 47B And 47C South Lambeth Road,London,,,,Lambeth,AwaitingInspection,,FHRS,False,,,"The Hoist At Railway Arches 47B And 47C South Lambeth Road, London"
2026-01-28,1439841,The Rosendale,Pub/bar/nightclub,65 Rosendale Road,London,LONDON,,SE21 8EZ,Lambeth,5,2025-02-12,FHRS,False,51.4357177,-0.0942013,"65 Rosendale Road, London, LONDON, SE21 8EZ"
2026-01-28,1430046,Tropix,Pub/bar/nightclub,10 Clapham High Street,London,LONDON,,SW4 7UT,Lambeth,4,2023-11-25,FHRS,False,51.4650956,-0.130381,"10 Clapham High Street, London, LONDON, SW4 7UT"
2026-01-28,1910596,Devon Rum Company,Pub/bar/nightclub,Unit 1,Hannafords Landing,Island Street,Salcombe,TQ8 8FE,South Hams,AwaitingInspection,,FHRS,False,50.2397033,-3.7696899,"Unit 1, Hannafords Landing, Island Street, Salcombe, TQ8 8FE"
2026-01-28,1910593,"The Steam Packet Inn,",Pub/bar/nightclub,St Peters Quay,Totnes,,,TQ9 5EW,South Hams,AwaitingInspection,,FHRS,False,50.426092,-3.681484,"St Peters Quay, Totnes, TQ9 5EW"
2026-01-28,1910591,Victoria Inn,Pub/bar/nightclub,Fore Street,Salcombe,,,TQ8 8BU,South Hams,AwaitingInspection,,FHRS,False,50.238062,-3.767568,"Fore Street, Salcombe, TQ8 8BU"
2026-01-28,1910863,1896 Lounge,Pub/bar/nightclub,55 Hough Lane,Leyland,Lancashire,,PR25 2SA,South Ribble,AwaitingInspection,,FHRS,False,53.6956249,-2.693283,"55 Hough Lane, Leyland, Lancashire, PR25 2SA"
2026-01-28,1910860,The Oak,Pub/bar/nightclub,Old Oak Inn,143 Hoghton Lane,Lancashire,,,South Ribble,AwaitingInspection,,FHRS,False,53.7412181,-2.6196556,"Old Oak Inn, 143 Hoghton Lane, Lancashire"
2026-01-28,304204,Blackhill Club,Pub/bar/nightclub,BLACKHILL COMRADES CLUB RIDLEY STREET,,CONSETT,,DH8 8TT,Durham,4,2025-10-09,FHRS,False,54.8570985,-1.848306,"BLACKHILL COMRADES CLUB RIDLEY STREET, CONSETT, DH8 8TT"
2026-01-28,1910758,M and J Catering,Pub/bar/nightclub,1 DURHAM ROAD VILLAS DURHAM ROAD,,CHILTON,,DL17 0ES,Durham,AwaitingInspection,,FHRS,False,54.6615442,-1.5579527,"1 DURHAM ROAD VILLAS DURHAM ROAD, CHILTON, DL17 0ES"
2026-01-28,1910738,The White Horse,Pub/bar/nightclub,33 Church Road,Felixstowe,Suffolk,,IP11 9NF,East Suffolk,AwaitingInspection,,FHRS,True,51.9708482,1.3676537,"33 Church Road, Felixstowe, Suffolk, IP11 9NF"
2026-01-28,1910927,All Good N1,Pub/bar/nightclub,,39 Balls Pond Road London,Hackney,London,,Hackney,AwaitingInspection,,FHRS,False,,,"39 Balls Pond Road London, Hackney, London"
2026-01-28,1910904,Duke of Wellington,Pub/bar/nightclub,,119 Balls Pond Road London,Hackney,London,,Hackney,AwaitingInspection,,FHRS,False,,,"119 Balls Pond Road London, Hackney, London"
2026-01-28,1910912,The Joiner On Worship,Pub/bar/nightclub,,2 Paul Street London,Hackney,London,,Hackney,AwaitingInspection,,FHRS,False,51.5222175,-0.0841483,"2 Paul Street London, Hackney, London"
2026-01-28,1910920,Thrift Taco,Pub/bar/nightclub,,178 Hoxton Street London,Hackney,London,,Hackney,AwaitingInspection,,FHRS,False,51.5330838,-0.0798513,"178 Hoxton Street London, Hackney, London"
2026-01-28,1910928,Without Papers Bar,Pub/bar/nightclub,,6 Kingsland Road London,Hackney,London,,Hackney,AwaitingInspection,,FHRS,False,,,"6 Kingsland Road London, Hackney, London"
2026-01-28,1910704,The Crown Caversham,Pub/bar/nightclub,,3 Bridge Street Caversham,Reading,,RG4 8AA,Reading,AwaitingInspection,,FHRS,False,51.4665878,-0.976605,"3 Bridge Street Caversham, Reading, RG4 8AA"
2026-01-28,1910813,Brewers Arms,Pub/bar/nightclub,BREWERS ARMS 139 BRIDGE ST,,,MACCLESFIELD,SK11 6QE,Cheshire East,5,2026-01-17,FHRS,False,53.2559778,-2.1305731,"BREWERS ARMS 139 BRIDGE ST, MACCLESFIELD, SK11 6QE"
2026-01-28,1910812,Jolly Sailor,Pub/bar/nightclub,63 Sunderland Street,Macclesfield,,Cheshire East,SK11 6HN,Cheshire East,5,2026-01-17,FHRS,False,53.2570737,-2.1227818,"63 Sunderland Street, Macclesfield, Cheshire East, SK11 6HN"
2026-01-28,1910810,Swan with Two Necks,Pub/bar/nightclub,65 Chestergate,Macclesfield,,Cheshire,SK11 6DG,Cheshire East,AwaitingInspection,,FHRS,True,53.2609914,-2.1288522,"65 Chestergate, Macclesfield, Cheshire, SK11 6DG"
2026-01-28,1910809,The Wharf Inn,Pub/bar/nightclub,Wharf Inn 107 Brook Street,Macclesfield,,Cheshire East,SK11 7AW,Cheshire East,AwaitingInspection,,FHRS,True,53.2568098,-2.1170851,"Wharf Inn 107 Brook Street, Macclesfield, Cheshire East, SK11 7AW"
2026-01-28,1910883,Kims.Kitchen Ltd,Pub/bar/nightclub,The Straw Bear,103 Drybread Road,Whittlesey,Peterborough,PE7 1XL,Fenland,AwaitingInspection,,FHRS,False,52.5626618,-0.1131885,"The Straw Bear, 103 Drybread Road, Whittlesey, Peterborough, PE7 1XL"
2026-01-28,1910882,Phoenix Youth Provision,Pub/bar/nightclub,15 Scaldgate,Whittlesey,Peterborough,Cambridgeshire,PE7 1SD,Fenland,AwaitingInspection,,FHRS,False,52.5556743,-0.1255549,"15 Scaldgate, Whittlesey, Peterborough, Cambridgeshire, PE7 1SD"
2026-01-28,774407,The Gallery,Pub/bar/nightclub,New Inn Yard,Wisbech,Cambridgeshire,,PE13 1AQ,Fenland,5,2015-02-24,FHRS,False,52.66516,0.159059,"New Inn Yard, Wisbech, Cambridgeshire, PE13 1AQ"
2026-01-28,774656,Three Tuns,Pub/bar/nightclub,76 Norwich Road,Wisbech,Cambridgeshire,,PE13 2AP,Fenland,5,2023-01-18,FHRS,False,52.662878,0.165365,"76 Norwich Road, Wisbech, Cambridgeshire, PE13 2AP"
2026-01-28,1910899,The Castlebar,Pub/bar/nightclub,The Castlebar,84 Uxbridge Road,West Ealing,,W13 8RA,Ealing,3,2025-11-19,FHRS,False,51.511899,-0.315363,"The Castlebar, 84 Uxbridge Road, West Ealing, W13 8RA"
2026-01-28,1214689,Boyles Bar,Pub/bar/nightclub,52 Cappagh Road,Cappagh,Dungannon,Co. Tyrone,BT70 2PD,Mid Ulster,5,2025-06-19,FHRS,False,54.5414024,-6.9242988,"52 Cappagh Road, Cappagh, Dungannon, Co. Tyrone, BT70 2PD"
2026-01-28,1910850,Westys Bar,Pub/bar/nightclub,108 Queen Street,Morley,Leeds,,LS27 9EB,Leeds,5,2026-01-17,FHRS,False,,,"108 Queen Street, Morley, Leeds, LS27 9EB"
2026-01-28,1910616,Gardeners Arms,Pub/bar/nightclub,101 - 103 Vale Road,,Liverpool,,L25 7RW,Liverpool,AwaitingInspection,,FHRS,False,,,"101 - 103 Vale Road, Liverpool, L25 7RW"
2026-01-28,1896037,The Brigadoon Hotel,Pub/bar/nightclub,,92a Taff Street,Pontypridd,,CF37 4SR,Rhondda Cynon Taf,AwaitingInspection,,FHRS,False,51.6010142,-3.3407417,"92a Taff Street, Pontypridd, CF37 4SR"
2026-01-28,1910622,The Vine,Pub/bar/nightclub,The Vine Inn,West Street,Hambledon,Waterlooville,PO7 4RW,Winchester City,AwaitingInspection,,FHRS,False,50.93056,-1.083926,"The Vine Inn, West Street, Hambledon, Waterlooville, PO7 4RW"
2026-01-28,373143,Liberty Bell,Pub/bar/nightclub,Mercury Gardens,Romford,,,RM1 3EN,Havering,3,2025-11-14,FHRS,False,51.578014,0.186481,"Mercury Gardens, Romford, RM1 3EN"
2026-01-28,1896037,The Brigadoon Hotel,Pub/bar/nightclub,,92a Taff Street,Pontypridd,,CF37 4SR,Rhondda Cynon Taf,AwaitingInspection,,FHRS,False,51.6010142,-3.3407417,"92a Taff Street, Pontypridd, CF37 4SR"
2026-01-29,1910949,The Flying Horse Smarden,Pub/bar/nightclub,Flying Horse Inn Cage Lane,,Smarden,,TN27 8QD,Ashford,AwaitingInspection,,FHRS,False,51.1486796,0.6865668,"Flying Horse Inn Cage Lane, Smarden, TN27 8QD"
2026-01-29,647728,Kings Head,Pub/bar/nightclub,Norwich Road,Ashwellthorpe,Norfolk,,NR16 1EL,South Norfolk,5,2024-09-20,FHRS,False,52.530892,1.180288,"Norwich Road, Ashwellthorpe, Norfolk, NR16 1EL"
2026-01-29,1910958,The Applebank Inn,Pub/bar/nightclub,Applebank Inn,39 Millheugh,Larkhall,South Lanarkshire,ML9 1QU,South Lanarkshire,Awaiting Inspection,,FHIS,False,55.7339644,-3.9870998,"Applebank Inn, 39 Millheugh, Larkhall, South Lanarkshire, ML9 1QU"
2026-01-29,277844,Thames Court Hotel,Pub/bar/nightclub,Thames Court,Towpath,Shepperton,,TW17 9LJ,Spelthorne,5,2025-04-23,FHRS,False,51.382407,-0.45973,"Thames Court, Towpath, Shepperton, TW17 9LJ"
2026-01-29,1911220,Spinning Wheel Tavern,Pub/bar/nightclub,Spinning Wheel Tavern,The Spinning Wheel Tavern,Old Warren Broughton,Flintshire,CH4 0EG,Sir y Fflint,5,2025-03-12,FHRS,False,53.1641345,-3.0187898,"Spinning Wheel Tavern, The Spinning Wheel Tavern, Old Warren Broughton, Flintshire, CH4 0EG"
2026-01-29,1911230,The George And Dragon,Pub/bar/nightclub,The George And Dragon,60 Church Street,Flint,Flintshire,CH6 5AE,Sir y Fflint,AwaitingInspection,,FHRS,False,53.2486829,-3.1360193,"The George And Dragon, 60 Church Street, Flint, Flintshire, CH6 5AE"
2026-01-29,1911229,The plough Inn,Pub/bar/nightclub,The plough Inn,Aston Road,Queensferry,Flintshire,CH5 1TJ,Sir y Fflint,AwaitingInspection,,FHRS,False,53.2001217,-3.0375544,"The plough Inn, Aston Road, Queensferry, Flintshire, CH5 1TJ"
2026-01-29,1911228,The Royal Oak,Pub/bar/nightclub,The Royal Oak,Greenfield Road,Greenfield,Flintshire,CH8 7QB,Sir y Fflint,AwaitingInspection,,FHRS,False,53.284908,-3.214675,"The Royal Oak, Greenfield Road, Greenfield, Flintshire, CH8 7QB"
2026-01-29,1790313,White Lion,Pub/bar/nightclub,White Lion,White Lion Inn,Hawarden Road Hope,Flintshire,LL12 9NF,Sir y Fflint,5,2025-07-22,FHRS,False,53.1186508,-3.0334974,"White Lion, White Lion Inn, Hawarden Road Hope, Flintshire, LL12 9NF"
2026-01-29,1911234,Corners,Pub/bar/nightclub,75 Maple Road,Surbiton,,,KT6 4AG,Kingston-Upon-Thames,AwaitingInspection,,FHRS,False,51.3948027,-0.3081905,"75 Maple Road, Surbiton, KT6 4AG"
2026-01-29,1911236,Londis - Robin Hood North,Pub/bar/nightclub,Robin Hood North Service Station,325 Robin Hood Way,Kingston Vale,,SW20 0AB,Kingston-Upon-Thames,AwaitingInspection,,FHRS,False,51.4162839,-0.2512815,"Robin Hood North Service Station, 325 Robin Hood Way, Kingston Vale, SW20 0AB"
2026-01-29,1910982,Plonk,Pub/bar/nightclub,1835 Pershore Road,Bournville,Birmingham,,B30 3DJ,Birmingham,AwaitingInspection,,FHRS,False,52.4168361,-1.9278573,"1835 Pershore Road, Bournville, Birmingham, B30 3DJ"
2026-01-29,1911191,Lundin Ladies Golf Club,Pub/bar/nightclub,16 Woodielea Road Lundin Links Leven Fife,,,,KY8 6AR,Fife,Pass,2025-12-02,FHIS,False,56.214866,-2.9528099,"16 Woodielea Road Lundin Links Leven Fife, KY8 6AR"
2026-01-29,1911220,Spinning Wheel Tavern,Pub/bar/nightclub,Spinning Wheel Tavern,The Spinning Wheel Tavern,Old Warren Broughton,Flintshire,CH4 0EG,Flintshire,5,2025-03-12,FHRS,False,53.1641345,-3.0187898,"Spinning Wheel Tavern, The Spinning Wheel Tavern, Old Warren Broughton, Flintshire, CH4 0EG"
2026-01-29,1911230,The George And Dragon,Pub/bar/nightclub,The George And Dragon,60 Church Street,Flint,Flintshire,CH6 5AE,Flintshire,AwaitingInspection,,FHRS,False,53.2486829,-3.1360193,"The George And Dragon, 60 Church Street, Flint, Flintshire, CH6 5AE"
2026-01-29,1911229,The plough Inn,Pub/bar/nightclub,The plough Inn,Aston Road,Queensferry,Flintshire,CH5 1TJ,Flintshire,AwaitingInspection,,FHRS,False,53.2001217,-3.0375544,"The plough Inn, Aston Road, Queensferry, Flintshire, CH5 1TJ"
2026-01-29,1911228,The Royal Oak,Pub/bar/nightclub,The Royal Oak,Greenfield Road,Greenfield,Flintshire,CH8 7QB,Flintshire,AwaitingInspection,,FHRS,False,53.284908,-3.214675,"The Royal Oak, Greenfield Road, Greenfield, Flintshire, CH8 7QB"
2026-01-29,1790313,White Lion,Pub/bar/nightclub,White Lion,White Lion Inn,Hawarden Road Hope,Flintshire,LL12 9NF,Flintshire,5,2025-07-22,FHRS,False,53.1186508,-3.0334974,"White Lion, White Lion Inn, Hawarden Road Hope, Flintshire, LL12 9NF"
2026-01-29,1911018,The Three Tuns,Pub/bar/nightclub,16 West End,Barlestone,Nuneaton,Leicestershire,CV13 0EJ,Hinckley and Bosworth,AwaitingInspection,,FHRS,False,52.647431,-1.369737,"16 West End, Barlestone, Nuneaton, Leicestershire, CV13 0EJ"
2026-01-29,1911105,3 Spoons,Pub/bar/nightclub,Crown And Anchor 33 High Street,,Shoreham-by-sea,West Sussex,BN43 5DD,Adur,AwaitingInspection,,FHRS,False,50.8317031860352,-0.276165992021561,"Crown And Anchor 33 High Street, Shoreham-by-sea, West Sussex, BN43 5DD"
2026-01-29,1911069,Tiger Inn,Pub/bar/nightclub,,Whitby Road,Easington,,TS13 4NE,Redcar and Cleveland,AwaitingInspection,,FHRS,False,54.552112,-0.856904,"Whitby Road, Easington, TS13 4NE"
