date_added,FHRSID,BusinessName,BusinessType,AddressLine1,AddressLine2,AddressLine3,AddressLine4,PostCode,LocalAuthorityName,RatingValue,RatingDate,SchemeType,NewRatingPending,Latitude,Longitude,AddressSingleLine
2026-02-01,1912181,Barbarella,Restaurant/Cafe/Canteen,,42 Mackenzie Walk,London,,E14 5AH,Tower Hamlets,5,2025-11-13,FHRS,False,,,"42 Mackenzie Walk, London, E14 5AH"
2026-02-02,1904499,Super Grill,Restaurant/Cafe/Canteen,365 Victoria Avenue,Southend-on-sea,Essex,,SS2 6NH,Southend-On-Sea,4,2026-01-29,FHRS,False,51.5506148,0.7030409,"365 Victoria Avenue, Southend-on-sea, Essex, SS2 6NH"
2026-02-02,1910793,Baked Bird,Restaurant/Cafe/Canteen,ExCel,1 Western Gateway,Canning Town,London,E16 1XL,Newham,AwaitingInspection,,FHRS,False,51.50817,0.027108,"ExCel, 1 Western Gateway, Canning Town, London, E16 1XL"
2026-02-02,1912187,Brazilian Roots Bakery & Restaurant,Restaurant/Cafe/Canteen,Unit 13 To 13A,Market Village,70 - 73 The Mall,Stratford,E15 1XQ,Newham,AwaitingInspection,,FHRS,False,51.5419491,0.001378,"Unit 13 To 13A, Market Village, 70 - 73 The Mall, Stratford, E15 1XQ"
2026-02-02,1853214,C4 Coffee / GarageBurger,Restaurant/Cafe/Canteen,Rear Of 386,Barking Road,Plaistow,London,E13 8HJ,Newham,2,2025-09-20,FHRS,False,51.5221163,0.0230744,"Rear Of 386, Barking Road, Plaistow, London, E13 8HJ"
2026-02-02,1912191,Chili Padi London Ltd,Restaurant/Cafe/Canteen,3 Aquatics Walk,Stratford,London,,E20 2AS,Newham,AwaitingInspection,,FHRS,False,51.54088,-0.0121819,"3 Aquatics Walk, Stratford, London, E20 2AS"
2026-02-02,1912188,Tamping Grounds,Restaurant/Cafe/Canteen,2 Reginald Road,Forest Gate,London,,E7 9HS,Newham,AwaitingInspection,,FHRS,False,51.542069,0.018461,"2 Reginald Road, Forest Gate, London, E7 9HS"
2026-02-02,1912194,The Wrap Corner,Restaurant/Cafe/Canteen,437 Katherine Road,Forest Gate,London,,E7 8LS,Newham,AwaitingInspection,,FHRS,False,51.5431538,0.0363742,"437 Katherine Road, Forest Gate, London, E7 8LS"
2026-02-03,1912402,Bewliehill,Restaurant/Cafe/Canteen,6 Queen's Head Passage,London,,,EC4M 7DZ,City of London Corporation,AwaitingInspection,,FHRS,False,51.514863,-0.098116,"6 Queen's Head Passage, London, EC4M 7DZ"
2026-02-03,1910253,Limoncello Catering,Restaurant/Cafe/Canteen,Retail Unit,Hill House,Shoe Lane,London,EC4A 3BQ,City of London Corporation,AwaitingInspection,,FHRS,False,51.516198,-0.106693,"Retail Unit, Hill House, Shoe Lane, London, EC4A 3BQ"
2026-02-03,1897531,Melrose And Morgan,Restaurant/Cafe/Canteen,5 Ludgate Circus,London,,,EC4M 7LF,City of London Corporation,AwaitingInspection,,FHRS,False,51.513892,-0.104815,"5 Ludgate Circus, London, EC4M 7LF"
2026-02-03,1912565,Castle Street Coffee,Restaurant/Cafe/Canteen,53 Castle Street,,Dover,,CT16 1PT,Dover,AwaitingInspection,,FHRS,False,51.1259726,1.3149503,"53 Castle Street, Dover, CT16 1PT"
2026-02-03,1912562,Goose On The Green Deal Ltd,Restaurant/Cafe/Canteen,27 The Strand,,Walmer,Kent,CT14 7DX,Dover,AwaitingInspection,,FHRS,False,51.2141405,1.4023918,"27 The Strand, Walmer, Kent, CT14 7DX"
2026-02-03,1912558,Istanbul flames house,Restaurant/Cafe/Canteen,115 Snargate Street,,Dover,,CT17 9DA,Dover,AwaitingInspection,,FHRS,False,51.1207893,1.3093049,"115 Snargate Street, Dover, CT17 9DA"
2026-02-03,1912563,The Landmark Cafe and Centre,Restaurant/Cafe/Canteen,129 High Street,,Deal,,CT14 6BB,Dover,AwaitingInspection,,FHRS,True,51.2264248,1.4022026,"129 High Street, Deal, CT14 6BB"
2026-02-03,1912329,Aldford Village Store and Cafe,Restaurant/Cafe/Canteen,Alford Village Store Green Lake Courtyard Green Lake Lane,Aldford,Chester,Cheshire,CH3 6HW,Cheshire West and Chester,AwaitingInspection,,FHRS,False,,,"Alford Village Store Green Lake Courtyard Green Lake Lane, Aldford, Chester, Cheshire, CH3 6HW"
2026-02-03,1912319,EL&N HB Chester,Restaurant/Cafe/Canteen,36 Eastgate Row South Eastgate Street,,Chester,Cheshire,CH1 1LF,Cheshire West and Chester,AwaitingInspection,,FHRS,False,53.19057648,-2.89002213,"36 Eastgate Row South Eastgate Street, Chester, Cheshire, CH1 1LF"
2026-02-03,1912327,Essence,Restaurant/Cafe/Canteen,59 - 61 Whitby Road,,Ellesmere Port,Cheshire,CH65 8AB,Cheshire West and Chester,5,2026-01-21,FHRS,False,53.2796705,-2.8994709,"59 - 61 Whitby Road, Ellesmere Port, Cheshire, CH65 8AB"
2026-02-03,1912320,McDonald's,Restaurant/Cafe/Canteen,39 - 41 High Street,,Northwich,Cheshire,CW9 5DD,Cheshire West and Chester,AwaitingInspection,,FHRS,False,53.2616134,-2.5149818,"39 - 41 High Street, Northwich, Cheshire, CW9 5DD"
2026-02-03,1912323,McDonald's,Restaurant/Cafe/Canteen,Mcdonald's Restaurants Ltd Manchester Road,,Northwich,Cheshire,CW9 5ND,Cheshire West and Chester,AwaitingInspection,,FHRS,False,53.2633094787598,-2.4952290058136,"Mcdonald's Restaurants Ltd Manchester Road, Northwich, Cheshire, CW9 5ND"
2026-02-03,1912324,TGI Fridays,Restaurant/Cafe/Canteen,Tgi Fridays Kinsey Road,,Ellesmere Port,Cheshire,CH65 9JY,Cheshire West and Chester,AwaitingInspection,,FHRS,False,53.2618560791016,-2.88176989555359,"Tgi Fridays Kinsey Road, Ellesmere Port, Cheshire, CH65 9JY"
2026-02-03,1912326,The Bark Cart,Restaurant/Cafe/Canteen,11 Parkgate Road,,Neston,Cheshire,CH64 9XF,Cheshire West and Chester,AwaitingInspection,,FHRS,False,53.2898084,-3.0655816,"11 Parkgate Road, Neston, Cheshire, CH64 9XF"
2026-02-03,1912332,The Crumb and Comfort Cafe,Restaurant/Cafe/Canteen,5 City Walls,,Chester,Cheshire,CH1 2JG,Cheshire West and Chester,AwaitingInspection,,FHRS,False,53.1938787,-2.892724,"5 City Walls, Chester, Cheshire, CH1 2JG"
2026-02-03,1912379,Cindy's,Restaurant/Cafe/Canteen,17 - 19 Oxford Street,,Pontycymer,Bridgend,CF32 8DD,Bridgend,AwaitingInspection,,FHRS,False,51.6099472045898,-3.58396291732788,"17 - 19 Oxford Street, Pontycymer, Bridgend, CF32 8DD"
2026-02-03,1844584,McDonald's,Restaurant/Cafe/Canteen,24 Haslett Avenue West,Northgate,Crawley,West Sussex,RH10 1HS,Crawley,4,2025-07-31,FHRS,False,51.11419,-0.187778,"24 Haslett Avenue West, Northgate, Crawley, West Sussex, RH10 1HS"
2026-02-03,1912395,Asiko By Tiwa,Restaurant/Cafe/Canteen,,,,,,Chelmsford,AwaitingInspection,,FHRS,False,,,
2026-02-03,1912398,Beaulieu Padel,Restaurant/Cafe/Canteen,Falcon Bowling And Social Club,Channels Drive,Chelmsford Garden Community,Chelmsford,CM3 3FB,Chelmsford,AwaitingInspection,,FHRS,False,,,"Falcon Bowling And Social Club, Channels Drive, Chelmsford Garden Community, Chelmsford, CM3 3FB"
2026-02-03,1912397,Subway,Restaurant/Cafe/Canteen,1 The Vineyards,Great Baddow,Chelmsford,Essex,CM2 7QS,Chelmsford,AwaitingInspection,,FHRS,False,51.717713,0.50119,"1 The Vineyards, Great Baddow, Chelmsford, Essex, CM2 7QS"
2026-02-03,1912394,The Amber Owl Coffeehouse,Restaurant/Cafe/Canteen,Lemon Tree (UK) Ltd,34F Moulsham Street,Chelmsford,,CM2 0HY,Chelmsford,AwaitingInspection,,FHRS,False,51.7299349,0.4726056,"Lemon Tree (UK) Ltd, 34F Moulsham Street, Chelmsford, CM2 0HY"
2026-02-03,1912285,Canterbury Kebab,Restaurant/Cafe/Canteen,66 Castle Street,Canterbury,Kent,,CT1 2PY,Canterbury City,AwaitingInspection,,FHRS,False,51.2769264,1.0768192,"66 Castle Street, Canterbury, Kent, CT1 2PY"
2026-02-03,1912290,Chums Social Centre,Restaurant/Cafe/Canteen,Bursars Office,25 The Precincts,Canterbury,Kent,CT1 2ES,Canterbury City,5,2026-01-22,FHRS,False,51.2811648,1.0840911,"Bursars Office, 25 The Precincts, Canterbury, Kent, CT1 2ES"
2026-02-03,1912289,Dubai Shawarma,Restaurant/Cafe/Canteen,45 St Peters Street,Canterbury,Kent,,CT1 2BG,Canterbury City,AwaitingInspection,,FHRS,False,51.2806839,1.0770152,"45 St Peters Street, Canterbury, Kent, CT1 2BG"
2026-02-03,1912287,Eddington Cafe,Restaurant/Cafe/Canteen,MBS House,80 Eddington Lane,Herne Bay,Kent,CT6 5TR,Canterbury City,AwaitingInspection,,FHRS,False,51.3635472,1.117943,"MBS House, 80 Eddington Lane, Herne Bay, Kent, CT6 5TR"
2026-02-03,1912281,Fight The Demon Performance Institute/Demonik House,Restaurant/Cafe/Canteen,Judo Club Hall,Station Road,Herne Bay,Kent,CT6 8PJ,Canterbury City,AwaitingInspection,,FHRS,False,51.3646971,1.1186677,"Judo Club Hall, Station Road, Herne Bay, Kent, CT6 8PJ"
2026-02-03,1912279,Ovenstone Pizza,Restaurant/Cafe/Canteen,Unit 16 The South Quay Shed,South Quay Whitstable Harbour,Harbour Street,Whitstable,CT5 1AB,Canterbury City,AwaitingInspection,,FHRS,False,51.3626773,1.0272831,"Unit 16 The South Quay Shed, South Quay Whitstable Harbour, Harbour Street, Whitstable, CT5 1AB"
2026-02-03,1912291,Zeus Greek Grill,Restaurant/Cafe/Canteen,17 - 18 Borough,Canterbury,Kent,,CT1 2DR,Canterbury City,AwaitingInspection,,FHRS,False,51.2816313,1.08235,"17 - 18 Borough, Canterbury, Kent, CT1 2DR"
2026-02-03,1912251,TGI Fridays,Restaurant/Cafe/Canteen,Unit 5A,Wherry Road,Norwich,,NR1 1WX,Norwich City,AwaitingInspection,,FHRS,False,52.62523,1.304178,"Unit 5A, Wherry Road, Norwich, NR1 1WX"
2026-02-03,1912252,World Famous Gordos At Dead Wax Social,Restaurant/Cafe/Canteen,18 St Georges Street,Norwich,,,NR3 1BA,Norwich City,AwaitingInspection,,FHRS,False,52.631176,1.295107,"18 St Georges Street, Norwich, NR3 1BA"
2026-02-03,1283849,Icilda's Kitchen,Restaurant/Cafe/Canteen,,,,,,Gloucester City,5,2023-11-21,FHRS,False,,,
2026-02-03,1912237,ROC Chocolate,Restaurant/Cafe/Canteen,,,,,,Gloucester City,AwaitingInspection,,FHRS,False,,,
2026-02-03,1912245,Sweet Success Catering Ltd,Restaurant/Cafe/Canteen,19 St Johns Lane,Gloucester,,,GL1 2AT,Gloucester City,AwaitingInspection,,FHRS,True,51.8666925,-2.2450982,"19 St Johns Lane, Gloucester, GL1 2AT"
2026-02-03,1912235,Taste Of Home,Restaurant/Cafe/Canteen,,,,,,Gloucester City,AwaitingInspection,,FHRS,False,,,
2026-02-03,1912244,Yippee Celebration Cakes,Restaurant/Cafe/Canteen,,,,,,Gloucester City,AwaitingInspection,,FHRS,False,,,
2026-02-03,1753746,Gills Meat Products Limited,Restaurant/Cafe/Canteen,10 Broad Lanes,Wolverhampton,West Midlands,,WV14 0RY,Wolverhampton,4,2024-09-16,FHRS,False,,,"10 Broad Lanes, Wolverhampton, West Midlands, WV14 0RY"
2026-02-03,1912379,Cindy's,Restaurant/Cafe/Canteen,17 - 19 Oxford Street,,Pontycymer,Bridgend,CF32 8DD,Pen-y-bont ar Ogwr,AwaitingInspection,,FHRS,False,51.6099472045898,-3.58396291732788,"17 - 19 Oxford Street, Pontycymer, Bridgend, CF32 8DD"
2026-02-03,1912490,Stratton Juniors FC 2020 Ltd / The Dug Out,Restaurant/Cafe/Canteen,Meadowcroft Playing Field,Addison Crescent,Upper Stratton,Swindon,,Swindon,AwaitingInspection,,FHRS,False,,,"Meadowcroft Playing Field, Addison Crescent, Upper Stratton, Swindon"
2026-02-03,1909430,The Kitchen (c/o Asda Walmart Customer Restaurant),Restaurant/Cafe/Canteen,Unit A1,North Swindon District Centre,Abbey Meads,Swindon,SN25 4BG,Swindon,5,2025-12-10,FHRS,False,51.597244,-1.805124,"Unit A1, North Swindon District Centre, Abbey Meads, Swindon, SN25 4BG"
2026-02-03,1912466,Tetto,Restaurant/Cafe/Canteen,,,70-74 Ann Street,Belfast,BT1 4EH,Belfast City,AwaitingInspection,,FHRS,False,54.5995449,-5.9245437,"70-74 Ann Street, Belfast, BT1 4EH"
2026-02-03,1912465,Trait,Restaurant/Cafe/Canteen,,,70 High Street,Belfast,BT1 2BE,Belfast City,AwaitingInspection,,FHRS,True,54.6005132,-5.9259648,"70 High Street, Belfast, BT1 2BE"
2026-02-03,1912477,Angelo's,Restaurant/Cafe/Canteen,Angelos,48 West Sunniside,Sunderland,,SR1 1BQ,Sunderland,AwaitingInspection,,FHRS,False,,,"Angelos, 48 West Sunniside, Sunderland, SR1 1BQ"
2026-02-03,1912478,Riverside Deli,Restaurant/Cafe/Canteen,Riverside Diner,Business And Innovation Centre,Wearfield,Sunderland Enterprise Park,SR5 2TA,Sunderland,AwaitingInspection,,FHRS,False,,,"Riverside Diner, Business And Innovation Centre, Wearfield, Sunderland Enterprise Park, SR5 2TA"
2026-02-03,1912211,Peri Peri King Express & Kebabish,Restaurant/Cafe/Canteen,,139-140 High Street,,Uxbridge,UB8 1JX,Hillingdon,AwaitingInspection,,FHRS,False,51.547749,-0.480547,"139-140 High Street, Uxbridge, UB8 1JX"
2026-02-03,1912482,C.A.M.P.S.,Restaurant/Cafe/Canteen,C.A.M.P.S.,Barrhill Centre,Bank Avenue,Cumnock,KA18 1PQ,East Ayrshire,Awaiting Inspection,2026-01-12,FHIS,False,,,"C.A.M.P.S., Barrhill Centre, Bank Avenue, Cumnock, KA18 1PQ"
2026-02-03,1912486,Da Vinci's Cafe,Restaurant/Cafe/Canteen,Da Vinci's Cafe,1 The Kirks Alarm,Cumnock,KA18 1FF,KA18 1FF,East Ayrshire,Awaiting Inspection,2026-01-27,FHIS,False,55.4597748,-4.280256,"Da Vinci's Cafe, 1 The Kirks Alarm, Cumnock, KA18 1FF, KA18 1FF"
2026-02-03,1912484,KFC,Restaurant/Cafe/Canteen,KFC,Retail Park,Queens Drive,Kilmarnock,KA1 3XB,East Ayrshire,Pass,2024-08-15,FHIS,False,,,"KFC, Retail Park, Queens Drive, Kilmarnock, KA1 3XB"
2026-02-03,1912214,Fat BeBe @ Tap And Table Food Court,Restaurant/Cafe/Canteen,Kiosk No 3,Portsmouth And Southsea Railway Station,Station Street,Portsmouth,PO1 1EH,Portsmouth,AwaitingInspection,,FHRS,False,50.7986137,-1.0903842,"Kiosk No 3, Portsmouth And Southsea Railway Station, Station Street, Portsmouth, PO1 1EH"
2026-02-03,1884760,Guilt Free Gains At Outside-In Food Court,Restaurant/Cafe/Canteen,56 Middle Street,Southsea,,,PO5 4BP,Portsmouth,2,2025-11-25,FHRS,False,50.7941932678223,-1.0917010307312,"56 Middle Street, Southsea, PO5 4BP"
2026-02-03,1266611,Gyroland At Outside-In Food Court,Restaurant/Cafe/Canteen,56 Middle Street,Southsea,,,PO5 4BP,Portsmouth,4,2024-12-05,FHRS,False,50.7941932678223,-1.0917010307312,"56 Middle Street, Southsea, PO5 4BP"
2026-02-03,1824997,Mr Pepito At Outside-In Food Court,Restaurant/Cafe/Canteen,56 Middle Street,Southsea,,,PO5 4BP,Portsmouth,2,2025-11-25,FHRS,False,50.7941932678223,-1.0917010307312,"56 Middle Street, Southsea, PO5 4BP"
2026-02-03,1822528,UFO Burgers And Grill At Outside-In Food Court,Restaurant/Cafe/Canteen,56 Middle Street,Southsea,,,PO5 4BP,Portsmouth,2,2025-11-25,FHRS,False,50.7941932678223,-1.0917010307312,"56 Middle Street, Southsea, PO5 4BP"
2026-02-03,1912576,Hempnall Retreat Tearoom,Restaurant/Cafe/Canteen,The Old Butchers Shop,Mill Road,Hempnall,Norfolk,NR15 2LP,South Norfolk,AwaitingInspection,,FHRS,False,52.5008046,1.3003824,"The Old Butchers Shop, Mill Road, Hempnall, Norfolk, NR15 2LP"
2026-02-03,1912263,Around The World,Restaurant/Cafe/Canteen,Flat B First And Second Floors,39 Loftus Road,London,,W12 7EH,Hammersmith and Fulham,AwaitingInspection,,FHRS,False,51.5077587,-0.2307912,"Flat B First And Second Floors, 39 Loftus Road, London, W12 7EH"
2026-02-03,1912277,Chicken Valley,Restaurant/Cafe/Canteen,39 Goldhawk Road,London,,,W12 8QQ,Hammersmith and Fulham,AwaitingInspection,,FHRS,False,51.502725,-0.224466,"39 Goldhawk Road, London, W12 8QQ"
2026-02-03,1912269,Common Pizza,Restaurant/Cafe/Canteen,57 Parsons Green Lane,London,,,SW6 4JA,Hammersmith and Fulham,AwaitingInspection,,FHRS,False,51.4748878479004,-0.200477004051208,"57 Parsons Green Lane, London, SW6 4JA"
2026-02-03,1912274,Industrious,Restaurant/Cafe/Canteen,Bechtel House,245 Hammersmith Road,London,,W6 8PW,Hammersmith and Fulham,AwaitingInspection,,FHRS,False,51.492686,-0.221212,"Bechtel House, 245 Hammersmith Road, London, W6 8PW"
2026-02-03,1912264,MoCafé,Restaurant/Cafe/Canteen,841 Harrow Road,London,,,NW10 5NH,Hammersmith and Fulham,AwaitingInspection,,FHRS,False,51.532362,-0.235064,"841 Harrow Road, London, NW10 5NH"
2026-02-03,1912262,On Site Catering Services,Restaurant/Cafe/Canteen,54 Wood Lane,London,,,W12 7RQ,Hammersmith and Fulham,AwaitingInspection,,FHRS,False,51.512,-0.2222536,"54 Wood Lane, London, W12 7RQ"
2026-02-03,1912266,SILK ROAD FLAVOURS,Restaurant/Cafe/Canteen,238 - 240 Munster Road,London,,,SW6 6BA,Hammersmith and Fulham,AwaitingInspection,,FHRS,False,51.4798165,-0.2116819,"238 - 240 Munster Road, London, SW6 6BA"
2026-02-03,1912265,The Eclectic Collection,Restaurant/Cafe/Canteen,The Village Offices,Westfield London Shopping Centre,Ariel Way,London,W12 7GF,Hammersmith and Fulham,AwaitingInspection,,FHRS,False,51.5075798034668,-0.221279993653297,"The Village Offices, Westfield London Shopping Centre, Ariel Way, London, W12 7GF"
2026-02-03,1912267,The Street,Restaurant/Cafe/Canteen,Ground Floor,467 Fulham Road,London,,SW6 1HL,Hammersmith and Fulham,AwaitingInspection,,FHRS,False,51.4803272,-0.1887055,"Ground Floor, 467 Fulham Road, London, SW6 1HL"
2026-02-03,1912223,The Podgy Spaniel Steak And Fish House Ltd,Restaurant/Cafe/Canteen,19 - 21 Sea Road,,East Preston,West Sussex,BN16 1JN,Arun,AwaitingInspection,,FHRS,False,50.8103525,-0.4805149,"19 - 21 Sea Road, East Preston, West Sussex, BN16 1JN"
2026-02-03,1912371,Amazsta Coffee,Restaurant/Cafe/Canteen,49 Bishopgate Walk The Ridings Centre,Wakefield,,,WF1 1YB,Wakefield,AwaitingInspection,,FHRS,False,53.6819366,-1.4971479,"49 Bishopgate Walk The Ridings Centre, Wakefield, WF1 1YB"
2026-02-03,1912409,Bite and Chill,Restaurant/Cafe/Canteen,32A Barnsley Road,South Elmsall,Pontefract,,WF9 2SA,Wakefield,AwaitingInspection,,FHRS,False,53.595102,-1.2914115,"32A Barnsley Road, South Elmsall, Pontefract, WF9 2SA"
2026-02-03,1912375,Durty O Dwyers,Restaurant/Cafe/Canteen,43,43-47 Northgate,Wakefield,,WF1 3BH,Wakefield,AwaitingInspection,,FHRS,True,53.684268,-1.499753,"43, 43-47 Northgate, Wakefield, WF1 3BH"
2026-02-03,1912407,Mel's Little Sunshine Cafe/Mel's Cakes,Restaurant/Cafe/Canteen,Cafe Ground Floor,6 Almond Avenue,Walton,Wakefield,WF2 6UA,Wakefield,AwaitingInspection,,FHRS,False,53.6470697,-1.4587603,"Cafe Ground Floor, 6 Almond Avenue, Walton, Wakefield, WF2 6UA"
2026-02-03,1912369,Millat Food Limited,Restaurant/Cafe/Canteen,142-146 Kirkgate,Wakefield,,,WF1 1TU,Wakefield,AwaitingInspection,,FHRS,False,53.680651,-1.492818,"142-146 Kirkgate, Wakefield, WF1 1TU"
2026-02-03,1912374,Oven Door Bakery,Restaurant/Cafe/Canteen,1,1-1A Ledger Lane,Wakefield,,WF1 2PQ,Wakefield,AwaitingInspection,,FHRS,True,53.709367,-1.504985,"1, 1-1A Ledger Lane, Wakefield, WF1 2PQ"
2026-02-03,1912403,Tea Tree Cafe,Restaurant/Cafe/Canteen,Cathedral Church Of All Saints,Northgate,Wakefield,,WF1 1HG,Wakefield,AwaitingInspection,,FHRS,False,53.682997,-1.496816,"Cathedral Church Of All Saints, Northgate, Wakefield, WF1 1HG"
2026-02-03,1912372,TGI Fridays,Restaurant/Cafe/Canteen,Unit 9,Xscape,Colorado Way,Castleford,WF10 4TA,Wakefield,AwaitingInspection,,FHRS,False,53.710182,-1.341912,"Unit 9, Xscape, Colorado Way, Castleford, WF10 4TA"
2026-02-03,1912455,Cwtch Cymraeg,Restaurant/Cafe/Canteen,,Llethri Road,Llanelli,Carmarthenshire,SA14 8HU,Sir Gaerfyrddin,AwaitingInspection,,FHRS,False,51.6999893188477,-4.14054918289185,"Llethri Road, Llanelli, Carmarthenshire, SA14 8HU"
2026-02-03,1912446,Elior @ Dunbia,Restaurant/Cafe/Canteen,,Dunbia Cross Hands,Cross Hands Food Park,Llanelli,SA14 6RF,Sir Gaerfyrddin,AwaitingInspection,,FHRS,False,,,"Dunbia Cross Hands, Cross Hands Food Park, Llanelli, SA14 6RF"
2026-02-03,1912453,Mr M Lamport,Restaurant/Cafe/Canteen,Blaenwern,,Llanybydder,Carmarthenshire,SA40 9RB,Sir Gaerfyrddin,4,2025-10-25,FHRS,False,52.0654004,-4.1110395,"Blaenwern, Llanybydder, Carmarthenshire, SA40 9RB"
2026-02-03,1912438,Popeyes,Restaurant/Cafe/Canteen,Unit 15 Parc Trostre,Trostre Road,Llanelli,Carmarthenshire,SA14 9RA,Sir Gaerfyrddin,AwaitingInspection,,FHRS,False,,,"Unit 15 Parc Trostre, Trostre Road, Llanelli, Carmarthenshire, SA14 9RA"
2026-02-03,1912452,Quay Cafi,Restaurant/Cafe/Canteen,,16 Quay Street,Ammanford,Carmarthenshire,SA18 3DB,Sir Gaerfyrddin,AwaitingInspection,,FHRS,False,51.7920165,-3.9874912,"16 Quay Street, Ammanford, Carmarthenshire, SA18 3DB"
2026-02-03,1912436,The Coffee Pot,Restaurant/Cafe/Canteen,The Coffee Pot,1 Great Western Crescent,Llanelli,Carmarthenshire,SA15 2RL,Sir Gaerfyrddin,AwaitingInspection,,FHRS,False,51.6743431091309,-4.1616587638855,"The Coffee Pot, 1 Great Western Crescent, Llanelli, Carmarthenshire, SA15 2RL"
2026-02-03,1912471,Teddy Bear Bubble Tea,Restaurant/Cafe/Canteen,Flat 3,4 - 5 Market Parade,High Street,Ewell,KT17 1SL,Epsom and Ewell,AwaitingInspection,,FHRS,False,51.3499842,-0.250071,"Flat 3, 4 - 5 Market Parade, High Street, Ewell, KT17 1SL"
2026-02-03,1912575,NG United Football,Restaurant/Cafe/Canteen,The Pavillion,NG United Football Club,Robin Hood Road,Bestwood,NG5 8NP,Gedling,AwaitingInspection,,FHRS,False,,,"The Pavillion, NG United Football Club, Robin Hood Road, Bestwood, NG5 8NP"
2026-02-03,1912544,Sweet Story,Restaurant/Cafe/Canteen,,,,,,Stirling,Awaiting Inspection,2026-01-26,FHIS,False,,,
2026-02-03,1912537,The But And Ben Limited,Restaurant/Cafe/Canteen,Woodneuk,13 Drumbeg Loan,Killearn,,G63 9LG,Stirling,Awaiting Inspection,2026-02-02,FHIS,False,56.0336048,-4.370845,"Woodneuk, 13 Drumbeg Loan, Killearn, G63 9LG"
2026-02-03,1912455,Cwtch Cymraeg,Restaurant/Cafe/Canteen,,Llethri Road,Llanelli,Carmarthenshire,SA14 8HU,Carmarthenshire,AwaitingInspection,,FHRS,False,51.6999893188477,-4.14054918289185,"Llethri Road, Llanelli, Carmarthenshire, SA14 8HU"
2026-02-03,1912446,Elior @ Dunbia,Restaurant/Cafe/Canteen,,Dunbia Cross Hands,Cross Hands Food Park,Llanelli,SA14 6RF,Carmarthenshire,AwaitingInspection,,FHRS,False,,,"Dunbia Cross Hands, Cross Hands Food Park, Llanelli, SA14 6RF"
2026-02-03,1912453,Mr M Lamport,Restaurant/Cafe/Canteen,Blaenwern,,Llanybydder,Carmarthenshire,SA40 9RB,Carmarthenshire,4,2025-10-25,FHRS,False,52.0654004,-4.1110395,"Blaenwern, Llanybydder, Carmarthenshire, SA40 9RB"
2026-02-03,1912438,Popeyes,Restaurant/Cafe/Canteen,Unit 15 Parc Trostre,Trostre Road,Llanelli,Carmarthenshire,SA14 9RA,Carmarthenshire,AwaitingInspection,,FHRS,False,,,"Unit 15 Parc Trostre, Trostre Road, Llanelli, Carmarthenshire, SA14 9RA"
2026-02-03,1912452,Quay Cafi,Restaurant/Cafe/Canteen,,16 Quay Street,Ammanford,Carmarthenshire,SA18 3DB,Carmarthenshire,AwaitingInspection,,FHRS,False,51.7920165,-3.9874912,"16 Quay Street, Ammanford, Carmarthenshire, SA18 3DB"
2026-02-03,1912436,The Coffee Pot,Restaurant/Cafe/Canteen,The Coffee Pot,1 Great Western Crescent,Llanelli,Carmarthenshire,SA15 2RL,Carmarthenshire,AwaitingInspection,,FHRS,False,51.6743431091309,-4.1616587638855,"The Coffee Pot, 1 Great Western Crescent, Llanelli, Carmarthenshire, SA15 2RL"
2026-02-03,1912508,Albertina's Pizzeria,Restaurant/Cafe/Canteen,Part Basement Gothic House,Barker Gate,,Nottingham,NG1 1JU,Nottingham City,AwaitingInspection,,FHRS,False,52.9526188,-1.1422513,"Part Basement Gothic House, Barker Gate, Nottingham, NG1 1JU"
2026-02-03,1912511,Salaam Shalom Kitchen,Restaurant/Cafe/Canteen,Hyson Green Community Centre,37a Gregory Boulevard,,Nottingham,NG7 6BE,Nottingham City,AwaitingInspection,,FHRS,False,52.96606,-1.168073,"Hyson Green Community Centre, 37a Gregory Boulevard, Nottingham, NG7 6BE"
2026-02-03,1912416,The Cabin Cafe,Restaurant/Cafe/Canteen,Codham Hall,Codham Hall Lane,Great Warley,Essex,CM13 3JT,Brentwood,5,2026-01-30,FHRS,False,,,"Codham Hall, Codham Hall Lane, Great Warley, Essex, CM13 3JT"
2026-02-03,1886818,Cropton Cabins,Restaurant/Cafe/Canteen,Keldy Forest Cabins Keldy Castle Road,,,Cropton,YO18 8HW,North Yorkshire,5,2026-01-20,FHRS,False,54.312318,-0.8061308,"Keldy Forest Cabins Keldy Castle Road, Cropton, YO18 8HW"
2026-02-03,1851386,Parklands Coffee Shop,Restaurant/Cafe/Canteen,Parklands Coarse Fishery and Caravan Park Yafforth Road,,,Northallerton,DL7 0LQ,North Yorkshire,5,2025-08-15,FHRS,False,54.3450111,-1.4645774,"Parklands Coarse Fishery and Caravan Park Yafforth Road, Northallerton, DL7 0LQ"
2026-02-03,1912493,The Honeypot Inn,Restaurant/Cafe/Canteen,Honey Pot Inn Flamborough Road,,,Filey,YO14 9TA,North Yorkshire,AwaitingInspection,,FHRS,False,,,"Honey Pot Inn Flamborough Road, Filey, YO14 9TA"
2026-02-03,1886682,The Royal Oak (kitchen franchise),Restaurant/Cafe/Canteen,Royal Oak 26 Market Place,,,Malton,YO17 7LX,North Yorkshire,AwaitingInspection,,FHRS,True,,,"Royal Oak 26 Market Place, Malton, YO17 7LX"
2026-02-03,1912420,Cafe 128,Restaurant/Cafe/Canteen,,,,,,Tendring,AwaitingInspection,,FHRS,False,,,
2026-02-03,1912530,Caffe Nero,Restaurant/Cafe/Canteen,,,,,,Solihull,AwaitingInspection,,FHRS,False,,,
2026-02-03,1912533,Robocode,Restaurant/Cafe/Canteen,,,,,,Solihull,AwaitingInspection,,FHRS,False,,,
2026-02-03,1912536,TGI Fridays,Restaurant/Cafe/Canteen,National Exhibition Centre,Pendigo Way,Solihull,,B40 1NT,Solihull,AwaitingInspection,,FHRS,False,52.4504622,-1.7223478,"National Exhibition Centre, Pendigo Way, Solihull, B40 1NT"
2026-02-03,1912532,The Flute And Flagon,Restaurant/Cafe/Canteen,,,,,,Solihull,AwaitingInspection,,FHRS,False,,,
2026-02-03,1912313,Alaska Fried Chicken,Restaurant/Cafe/Canteen,18 Church Road,Gatley,Cheadle,,SK8 4NQ,Stockport,AwaitingInspection,,FHRS,False,53.3923986,-2.2355318,"18 Church Road, Gatley, Cheadle, SK8 4NQ"
2026-02-03,1912297,Dos Hermanos,Restaurant/Cafe/Canteen,Mellor Place,1 Mellor Road,Cheadle Hulme,Cheadle,SK8 5AT,Stockport,AwaitingInspection,,FHRS,False,53.3748576,-2.1885894,"Mellor Place, 1 Mellor Road, Cheadle Hulme, Cheadle, SK8 5AT"
2026-02-03,1912306,Mister Ali's Tandoori & Balti Cuisine,Restaurant/Cafe/Canteen,13 - 15 Buxton Road,Heaviley,Stockport,,SK2 6LS,Stockport,AwaitingInspection,,FHRS,False,53.3982753,-2.152216,"13 - 15 Buxton Road, Heaviley, Stockport, SK2 6LS"
2026-02-03,1912293,Munch Move,Restaurant/Cafe/Canteen,98 Longford Road West,North Reddish,Stockport,,SK5 6HY,Stockport,AwaitingInspection,,FHRS,False,53.445601,-2.167443,"98 Longford Road West, North Reddish, Stockport, SK5 6HY"
2026-02-03,1912309,Purple Pakora,Restaurant/Cafe/Canteen,173 - 175 London Road,Hazel Grove,Stockport,,SK7 4HJ,Stockport,AwaitingInspection,,FHRS,False,53.3802997,-2.1219511,"173 - 175 London Road, Hazel Grove, Stockport, SK7 4HJ"
2026-02-04,1912759,Café Connect,Restaurant/Cafe/Canteen,Friskney Village Hall,Church Road,Friskney,Boston,PE22 8RD,East Lindsey,5,2026-01-29,FHRS,False,,,"Friskney Village Hall, Church Road, Friskney, Boston, PE22 8RD"
2026-02-04,1912811,The Ugly Duck,Restaurant/Cafe/Canteen,,38 High Street,Paisley,Renfrewshire,PA1 2DQ,Renfrewshire,Awaiting Inspection,,FHIS,False,55.845251,-4.427797,"38 High Street, Paisley, Renfrewshire, PA1 2DQ"
2026-02-04,1912698,FRONT ROOM COFFEE,Restaurant/Cafe/Canteen,134 Vaughan Road,Harrow,,,HA1 4ED,Harrow,AwaitingInspection,,FHRS,False,51.5791251,-0.3489495,"134 Vaughan Road, Harrow, HA1 4ED"
2026-02-04,1912693,Nourish Contract Catering,Restaurant/Cafe/Canteen,West Lodge Primary School West End Lane,Pinner,,,HA5 1AF,Harrow,5,2026-01-26,FHRS,False,,,"West Lodge Primary School West End Lane, Pinner, HA5 1AF"
2026-02-04,1912703,Pizza Inn,Restaurant/Cafe/Canteen,21 Station Road,Harrow,,,HA1 2UF,Harrow,AwaitingInspection,,FHRS,False,51.588671,-0.332777,"21 Station Road, Harrow, HA1 2UF"
2026-02-04,1912824,abm catering @ Trent House Bet 365,Restaurant/Cafe/Canteen,Trent House,Media Way,Stoke-On-Trent,,ST1 5SZ,Stoke-On-Trent,5,2025-10-28,FHRS,False,53.0255159,-2.1988588,"Trent House, Media Way, Stoke-On-Trent, ST1 5SZ"
2026-02-04,1912822,Cleanse,Restaurant/Cafe/Canteen,Units D1 - D2 Trentham Business Quarter,Bellringer Road,Trentham,Stoke-On-Trent,ST4 8GB,Stoke-On-Trent,5,2026-01-27,FHRS,False,52.970387,-2.1670857,"Units D1 - D2 Trentham Business Quarter, Bellringer Road, Trentham, Stoke-On-Trent, ST4 8GB"
2026-02-04,1912625,Bristol Honey,Restaurant/Cafe/Canteen,,,,,,Bristol,AwaitingInspection,,FHRS,False,,,
2026-02-04,1912615,Chicken Lunch Club,Restaurant/Cafe/Canteen,,44 Fairfield Road,Montpelier,Bristol,BS6 5JP,Bristol,AwaitingInspection,,FHRS,False,51.469315,-2.5814492,"44 Fairfield Road, Montpelier, Bristol, BS6 5JP"
2026-02-04,1912619,Naija Eats,Restaurant/Cafe/Canteen,,,,,,Bristol,AwaitingInspection,,FHRS,False,,,
2026-02-04,1912616,Two Ways Coffee and Bakes,Restaurant/Cafe/Canteen,,24 Bond Street,City Centre,Bristol,BS1 3LX,Bristol,AwaitingInspection,,FHRS,False,51.4590809,-2.5890569,"24 Bond Street, City Centre, Bristol, BS1 3LX"
2026-02-04,1912841,Somerset Drugs and Alcohol Service (SDAS),Restaurant/Cafe/Canteen,Maltravers House,Petters Way,Yeovil,Somerset,BA20 1SH,Somerset,AwaitingInspection,,FHRS,False,50.9388469,-2.634631,"Maltravers House, Petters Way, Yeovil, Somerset, BA20 1SH"
2026-02-04,1912867,Cambridge bethel pentecostal church,Restaurant/Cafe/Canteen,Cambridge Bethel Pentecostal Church High Street,,Yelling,Cambridgeshire,PE19 6SB,Huntingdonshire,AwaitingInspection,,FHRS,False,,,"Cambridge Bethel Pentecostal Church High Street, Yelling, Cambridgeshire, PE19 6SB"
2026-02-04,1912853,SPORTS HUNTINGDON LIMITED,Restaurant/Cafe/Canteen,Huntingdon Jubilee Park Kings Ripton Road,,Sapley,Cambridgeshire,PE28 2NU,Huntingdonshire,AwaitingInspection,,FHRS,False,52.3583413,-0.1639757,"Huntingdon Jubilee Park Kings Ripton Road, Sapley, Cambridgeshire, PE28 2NU"
2026-02-04,1912849,St Neots Youth Cafe,Restaurant/Cafe/Canteen,Loves Farm House 17 Kester Way,,St Neots,Cambridgeshire,PE19 6SL,Huntingdonshire,AwaitingInspection,,FHRS,False,52.2322454,-0.2455928,"Loves Farm House 17 Kester Way, St Neots, Cambridgeshire, PE19 6SL"
2026-02-04,1912847,The Willows Cafe,Restaurant/Cafe/Canteen,79 High Street,,Brampton,Cambridgeshire,PE28 4TQ,Huntingdonshire,AwaitingInspection,,FHRS,False,52.3226801,-0.2257176,"79 High Street, Brampton, Cambridgeshire, PE28 4TQ"
2026-02-04,1912753,The Coffee House,Restaurant/Cafe/Canteen,within  Walkden Town Centre,unit 18 Bridgewater Walk,Walkden,,M28 3ZH,Salford,AwaitingInspection,,FHRS,False,,,"within  Walkden Town Centre, unit 18 Bridgewater Walk, Walkden, M28 3ZH"
2026-02-04,1912750,Juicy Health Club,Restaurant/Cafe/Canteen,,1 West Regent Street,Glasgow,,G2 1RW,Glasgow City,Awaiting Inspection,2026-02-02,FHIS,False,55.863153,-4.255046,"1 West Regent Street, Glasgow, G2 1RW"
2026-02-04,1912747,Khyber Sheenwari,Restaurant/Cafe/Canteen,,61 Bridge Street,Glasgow,,,Glasgow City,Awaiting Inspection,2026-01-30,FHIS,False,55.8530473,-4.2584863,"61 Bridge Street, Glasgow"
2026-02-04,1912745,Nataliia Parkhomei,Restaurant/Cafe/Canteen,Flat 2A,157 Balgrayhill Road,Glasgow,,G21 3AW,Glasgow City,Awaiting Inspection,2026-01-29,FHIS,False,55.8902252,-4.2305646,"Flat 2A, 157 Balgrayhill Road, Glasgow, G21 3AW"
2026-02-04,1912744,Pavlo Ocheretianyi,Restaurant/Cafe/Canteen,Flat 5B,157 Balgrayhill Road,Glasgow,,G21 3AW,Glasgow City,Awaiting Inspection,2026-01-29,FHIS,False,55.8902252,-4.2305646,"Flat 5B, 157 Balgrayhill Road, Glasgow, G21 3AW"
2026-02-04,1912741,Pizza Pilgrims,Restaurant/Cafe/Canteen,,19 West Nile Street,Glasgow,,G1 2PS,Glasgow City,Awaiting Inspection,2026-01-28,FHIS,False,55.8611,-4.255774,"19 West Nile Street, Glasgow, G1 2PS"
2026-02-04,1912742,Royston Youth Action,Restaurant/Cafe/Canteen,Building 1,331 Charles Street,Glasgow,,G21 2QA,Glasgow City,Awaiting Inspection,2026-01-28,FHIS,False,55.8723209,-4.2237029,"Building 1, 331 Charles Street, Glasgow, G21 2QA"
2026-02-04,1912746,The Hub,Restaurant/Cafe/Canteen,Flat 2/1,6 Ardencraig Street,Glasgow,,G45 0ER,Glasgow City,Awaiting Inspection,2026-01-30,FHIS,False,55.8043136,-4.2182588,"Flat 2/1, 6 Ardencraig Street, Glasgow, G45 0ER"
2026-02-04,1912589,Lahori Grill And Karahi,Restaurant/Cafe/Canteen,Shop,85 Elm Grove,Southsea,,PO5 1JF,Portsmouth,AwaitingInspection,,FHRS,False,50.7901975,-1.0870715,"Shop, 85 Elm Grove, Southsea, PO5 1JF"
2026-02-04,1912598,Fresh Mart Ipswich Limited,Restaurant/Cafe/Canteen,Front Showroom At,11 Holywells Road,Ipswich,Suffolk,IP3 0DL,Ipswich,AwaitingInspection,,FHRS,False,52.0475014,1.1671087,"Front Showroom At, 11 Holywells Road, Ipswich, Suffolk, IP3 0DL"
2026-02-04,1912600,The Dhaka,Restaurant/Cafe/Canteen,6 Orwell Place,Ipswich,Suffolk,,IP4 1BB,Ipswich,AwaitingInspection,,FHRS,False,52.055303,1.158953,"6 Orwell Place, Ipswich, Suffolk, IP4 1BB"
2026-02-04,1912715,DHOL,Restaurant/Cafe/Canteen,33-34 Oxford Street,Southampton,,,SO14 3DS,Southampton,AwaitingInspection,,FHRS,False,50.898111,-1.397258,"33-34 Oxford Street, Southampton, SO14 3DS"
2026-02-04,1912707,Mother Hubbard's Fish and Chips,Restaurant/Cafe/Canteen,96 Shirley High Street,Southampton,,,SO16 4FB,Southampton,AwaitingInspection,,FHRS,False,50.92290946,-1.43432789,"96 Shirley High Street, Southampton, SO16 4FB"
2026-02-04,1912714,Pepe's Piri Piri,Restaurant/Cafe/Canteen,197 Portswood Road,Southampton,,,SO17 2NF,Southampton,AwaitingInspection,,FHRS,False,50.9254906,-1.3933834,"197 Portswood Road, Southampton, SO17 2NF"
2026-02-04,1912710,Russo's Cafe Lounge,Restaurant/Cafe/Canteen,314 Shirley Road,Southampton,,,SO15 3HL,Southampton,AwaitingInspection,,FHRS,False,50.9170458,-1.4269952,"314 Shirley Road, Southampton, SO15 3HL"
2026-02-04,1912709,The Dirty Barrel,Restaurant/Cafe/Canteen,33 Bedford Place,Southampton,,,SO15 2DG,Southampton,AwaitingInspection,,FHRS,False,50.9129586,-1.4062776,"33 Bedford Place, Southampton, SO15 2DG"
2026-02-04,1912716,The New Retro Diner,Restaurant/Cafe/Canteen,281 Shirley Road,Southampton,,,SO15 3HT,Southampton,AwaitingInspection,,FHRS,False,50.9166803,-1.4258047,"281 Shirley Road, Southampton, SO15 3HT"
2026-02-04,1912724,Fusion Munchies,Restaurant/Cafe/Canteen,545 Watling Street,Mile Oak,Tamworth,Staffordshire,B78 3NF,Lichfield,AwaitingInspection,,FHRS,False,52.6200737,-1.729167,"545 Watling Street, Mile Oak, Tamworth, Staffordshire, B78 3NF"
2026-02-04,1912929,ESS Catering @ PTF,Restaurant/Cafe/Canteen,Production Test Facility Sinfin C Site Rolls Royce Plc,Wilmore Road,Derby,,DE24 9BD,Derby City,5,2026-01-23,FHRS,False,52.8885275,-1.4756635,"Production Test Facility Sinfin C Site Rolls Royce Plc, Wilmore Road, Derby, DE24 9BD"
2026-02-04,1912922,Subhaan Restaurant,Restaurant/Cafe/Canteen,,257 Normanton Road,Derby,,DE23 6UT,Derby City,AwaitingInspection,,FHRS,False,52.9108682,-1.4773848,"257 Normanton Road, Derby, DE23 6UT"
2026-02-04,1912926,The Derby Spice,Restaurant/Cafe/Canteen,,17-19 Curzon Street,Derby,,DE1 1LH,Derby City,AwaitingInspection,,FHRS,False,52.9221888,-1.4820831,"17-19 Curzon Street, Derby, DE1 1LH"
2026-02-04,1912609,Sawadee Thai Food Restaurant,Restaurant/Cafe/Canteen,33 Fore Street,Cullompton,Devon,,EX15 1JS,Mid Devon,AwaitingInspection,,FHRS,False,50.8563028,-3.3924961,"33 Fore Street, Cullompton, Devon, EX15 1JS"
2026-02-04,1912587,Bev's Brew \& Browse,Restaurant/Cafe/Canteen,Bev's Brew & Browse,59 Lampits Hill,Corringham,Essex,SS17 9AA,Thurrock,AwaitingInspection,,FHRS,False,51.5271448,0.4588517,"Bev's Brew & Browse, 59 Lampits Hill, Corringham, Essex, SS17 9AA"
2026-02-04,1912588,Flowtonomy Ltd,Restaurant/Cafe/Canteen,Flowtonomy,Unit 1 (A),Grove Farm,North Road,RM15 6SR,Thurrock,AwaitingInspection,,FHRS,False,51.5341873,0.3060484,"Flowtonomy, Unit 1 (A), Grove Farm, North Road, RM15 6SR"
2026-02-04,1401968,Chopstix Noodle Bar,Restaurant/Cafe/Canteen,,93 Fishergate,Preston,,PR1 2NJ,Preston,AwaitingInspection,,FHRS,False,53.7579153,-2.7037133,"93 Fishergate, Preston, PR1 2NJ"
2026-02-04,1912584,Greggs,Restaurant/Cafe/Canteen,Unit 9 Queens Retail Park,Queen Street,Preston,,PR1 4HZ,Preston,AwaitingInspection,,FHRS,False,,,"Unit 9 Queens Retail Park, Queen Street, Preston, PR1 4HZ"
2026-02-04,1660663,Smasheat,Restaurant/Cafe/Canteen,,89 Friargate,Preston,,PR1 2ED,Preston,AwaitingInspection,,FHRS,False,53.7620979,-2.7062407,"89 Friargate, Preston, PR1 2ED"
2026-02-04,1912902,Little Miss Delhi Kiosks,Restaurant/Cafe/Canteen,Unit A,Glassworks Court,Grenan Square,Greenford,UB6 0GR,Ealing,AwaitingInspection,,FHRS,False,51.5478749,-0.3419706,"Unit A, Glassworks Court, Grenan Square, Greenford, UB6 0GR"
2026-02-04,1912910,Mehman Khana,Restaurant/Cafe/Canteen,183 The Broadway,Southall,,,UB1 1LX,Ealing,AwaitingInspection,,FHRS,True,51.512235,-0.384683,"183 The Broadway, Southall, UB1 1LX"
2026-02-04,1912901,Natura,Restaurant/Cafe/Canteen,87 Boston Road,Hanwell,,,W7 3SA,Ealing,AwaitingInspection,,FHRS,False,51.5062744,-0.3369312,"87 Boston Road, Hanwell, W7 3SA"
2026-02-04,1912904,Royal Spicy Taste,Restaurant/Cafe/Canteen,78 South Ealing Road,Ealing,,,W5 4QB,Ealing,AwaitingInspection,,FHRS,False,51.5014908,-0.3069804,"78 South Ealing Road, Ealing, W5 4QB"
2026-02-04,1912911,Ta Ke Sushi,Restaurant/Cafe/Canteen,3 - 4 Grosvenor Parade,Uxbridge Road,Ealing,,W5 3NN,Ealing,AwaitingInspection,,FHRS,True,51.5095414,-0.2860745,"3 - 4 Grosvenor Parade, Uxbridge Road, Ealing, W5 3NN"
2026-02-04,1912767,Pret A Manger,Restaurant/Cafe/Canteen,Rownhams West Motorway Service Area,M27 Westbound Service Road,Rownhams,Hampshire,,Test Valley,AwaitingInspection,,FHRS,False,50.9563798,-1.4510636,"Rownhams West Motorway Service Area, M27 Westbound Service Road, Rownhams, Hampshire"
2026-02-04,1912631,Shipston Bengal Cuisine,Restaurant/Cafe/Canteen,1 - 2 Granville Court,Shipston-on-Stour,,,CV36 4PP,Stratford-on-Avon,AwaitingInspection,,FHRS,False,52.062835,-1.623911,"1 - 2 Granville Court, Shipston-on-Stour, CV36 4PP"
2026-02-04,1636434,Dewdrops Playcafe,Restaurant/Cafe/Canteen,,Harrogate Road,Bradford,,BD10 0NN,Bradford,AwaitingInspection,,FHRS,False,53.83319045,-1.70894635,"Harrogate Road, Bradford, BD10 0NN"
2026-02-04,1912738,Cookie & Crow,Restaurant/Cafe/Canteen,128D Milton Road,Gravesend,Kent,,DA12 2PG,Gravesham,AwaitingInspection,,FHRS,False,51.440908,0.375346,"128D Milton Road, Gravesend, Kent, DA12 2PG"
2026-02-04,1912787,Berrington Hall Golf Club,Restaurant/Cafe/Canteen,Berrington Hall Golf And Country Club,Rainford Bypass,Rainford,,WA11 7PY,St Helens,5,2023-11-16,FHRS,False,,,"Berrington Hall Golf And Country Club, Rainford Bypass, Rainford, WA11 7PY"
2026-02-04,1912786,Rainhill Rocket FC,Restaurant/Cafe/Canteen,Changing rooms,Martin Close,Rainhill,,L35 8LX,St Helens,AwaitingInspection,,FHRS,False,53.4201167,-2.7765142,"Changing rooms, Martin Close, Rainhill, L35 8LX"
2026-02-04,1912794,St Helens Sea Cadets,Restaurant/Cafe/Canteen,Sea Cadets At The Barracks,Mill Street,St Helens,,WA10 2BB,St Helens,4,2025-01-22,FHRS,False,53.4564622,-2.7406922,"Sea Cadets At The Barracks, Mill Street, St Helens, WA10 2BB"
2026-02-04,1912671,Antep turkish kitchen,Restaurant/Cafe/Canteen,Globe Works,Penistone Road,Sheffield,,S6 3AE,Sheffield,AwaitingInspection,,FHRS,False,53.3901721,-1.4780942,"Globe Works, Penistone Road, Sheffield, S6 3AE"
2026-02-04,1912681,Discovery,Restaurant/Cafe/Canteen,Block 4 Pennine Five Campus,20 Hawley Street,Sheffield,,S1 4WP,Sheffield,AwaitingInspection,,FHRS,False,53.3836414,-1.4729425,"Block 4 Pennine Five Campus, 20 Hawley Street, Sheffield, S1 4WP"
2026-02-04,1912669,Drop Bear,Restaurant/Cafe/Canteen,,54 Howard Street,Sheffield,,S1 2LX,Sheffield,AwaitingInspection,,FHRS,False,53.3784904,-1.4663114,"54 Howard Street, Sheffield, S1 2LX"
2026-02-04,1912677,Phat Spuds,Restaurant/Cafe/Canteen,,162 London Road,Sheffield,,S2 4LT,Sheffield,AwaitingInspection,,FHRS,False,53.369441,-1.477341,"162 London Road, Sheffield, S2 4LT"
2026-02-04,1912673,Plus 84,Restaurant/Cafe/Canteen,Cambridge Street Collective,11 Backfields,Sheffield,,S1 4HJ,Sheffield,AwaitingInspection,,FHRS,False,53.3792781,-1.4729983,"Cambridge Street Collective, 11 Backfields, Sheffield, S1 4HJ"
2026-02-04,1912634,Buxhall Village Hall,Restaurant/Cafe/Canteen,Mill Road,Buxhall,STOWMARKET,Suffolk,IP14 3DS,Mid Suffolk,AwaitingInspection,,FHRS,False,,,"Mill Road, Buxhall, STOWMARKET, Suffolk, IP14 3DS"
2026-02-04,1912632,Bramford Sports & Leisure Centre,Restaurant/Cafe/Canteen,Bramford Bowls Club,Bramford Sports Pavilion,Acton Road,Bramford,IP8 4HU,Babergh,AwaitingInspection,,FHRS,False,52.0815245,1.0983388,"Bramford Bowls Club, Bramford Sports Pavilion, Acton Road, Bramford, IP8 4HU"
2026-02-04,1912768,Amber Leaf,Restaurant/Cafe/Canteen,,290-294 Hackney Road,London,,E2 5SJ,Tower Hamlets,AwaitingInspection,,FHRS,False,,,"290-294 Hackney Road, London, E2 5SJ"
2026-02-04,1912663,Chapter Six Bar Ltd,Restaurant/Cafe/Canteen,201 London Road,Charlton Kings,Cheltenham,Gloucestershire,GL52 6HU,Cheltenham,AwaitingInspection,,FHRS,False,51.888929,-2.054745,"201 London Road, Charlton Kings, Cheltenham, Gloucestershire, GL52 6HU"
2026-02-04,1912662,La Bobina Cheltenham,Restaurant/Cafe/Canteen,La Bobina,8 Suffolk Parade,Cheltenham,Gloucestershire,GL50 2AB,Cheltenham,5,2026-01-28,FHRS,False,51.8929677,-2.0796657,"La Bobina, 8 Suffolk Parade, Cheltenham, Gloucestershire, GL50 2AB"
2026-02-04,1912658,The Old Chapel Cheltenham,Restaurant/Cafe/Canteen,Cheltenham Cemetery And Crematorium,Bouncers Lane,Cheltenham,Gloucestershire,GL52 5JT,Cheltenham,AwaitingInspection,,FHRS,False,,,"Cheltenham Cemetery And Crematorium, Bouncers Lane, Cheltenham, Gloucestershire, GL52 5JT"
2026-02-04,1912916,Authentic Creative Catering,Restaurant/Cafe/Canteen,,,,,,Wokingham,AwaitingInspection,,FHRS,False,,,
2026-02-05,422909,Meghna Restaurant,Restaurant/Cafe/Canteen,55 Topsfield Parade,Tottenham Lane,Hornsey,London,N8 8PT,Haringey,4,2025-10-01,FHRS,False,51.581051,-0.122344,"55 Topsfield Parade, Tottenham Lane, Hornsey, London, N8 8PT"
2026-02-05,1912967,Wingerz Wingz,Restaurant/Cafe/Canteen,Workshop,Love Lane,Tottenham,London,N17 8HG,Haringey,5,2025-09-08,FHRS,False,51.604949,-0.0708182,"Workshop, Love Lane, Tottenham, London, N17 8HG"
2026-02-05,1913045,La Prep,Restaurant/Cafe/Canteen,Ground Floor Commercial Unit 3 Brickworks Trade Street,Butetown,Cardiff,,CF10 5EG,Caerdydd,AwaitingInspection,,FHRS,False,,,"Ground Floor Commercial Unit 3 Brickworks Trade Street, Butetown, Cardiff, CF10 5EG"
2026-02-05,1913052,Tonkotsu,Restaurant/Cafe/Canteen,7 High Street,Cathays,Cardiff,,CF10 1AW,Caerdydd,AwaitingInspection,,FHRS,False,51.4808825,-3.1799396,"7 High Street, Cathays, Cardiff, CF10 1AW"
2026-02-05,1913049,Wingstack,Restaurant/Cafe/Canteen,The Vulcan Lounge 2 Wyeverne Road,Cathays,Cardiff,,CF24 4BH,Caerdydd,AwaitingInspection,,FHRS,False,51.4897487,-3.1745654,"The Vulcan Lounge 2 Wyeverne Road, Cathays, Cardiff, CF24 4BH"
2026-02-05,1913107,Shengtai Restaurant,Restaurant/Cafe/Canteen,The Straw Hat Restaurant,Harlow Road,Sawbridgeworth,Hertfordshire,CM21 0AJ,East Hertfordshire,AwaitingInspection,,FHRS,False,51.799125,0.132722,"The Straw Hat Restaurant, Harlow Road, Sawbridgeworth, Hertfordshire, CM21 0AJ"
2026-02-05,1913026,Des Pardes,Restaurant/Cafe/Canteen,Former,296D - 296E Queens Road,King Cross,Halifax,HX1 4NS,Calderdale,AwaitingInspection,,FHRS,False,53.7259118,-1.8809459,"Former, 296D - 296E Queens Road, King Cross, Halifax, HX1 4NS"
2026-02-05,1912959,Ocean Fish MD,Restaurant/Cafe/Canteen,Baguette Away,7 New Post Office Square,Corby,,NN17 1PB,North Northamptonshire,AwaitingInspection,,FHRS,False,52.4884685,-0.7003274,"Baguette Away, 7 New Post Office Square, Corby, NN17 1PB"
2026-02-05,1912990,The Lion Huyton,Restaurant/Cafe/Canteen,204 Kingsway,Huyton,Knowsley,,L36 2PS,Knowsley,AwaitingInspection,,FHRS,False,53.415527,-2.848972,"204 Kingsway, Huyton, Knowsley, L36 2PS"
2026-02-05,1912944,Docker Bakery,Restaurant/Cafe/Canteen,25 New Street Ashford TN24 8TN,,,,,Ashford,AwaitingInspection,,FHRS,False,51.150484,0.868557,25 New Street Ashford TN24 8TN
2026-02-05,1912941,Little Land,Restaurant/Cafe/Canteen,Unit 7 Kingfisher Business Centre Henwood,,Ashford,,TN24 8DG,Ashford,AwaitingInspection,,FHRS,False,51.1509006,0.8834977,"Unit 7 Kingfisher Business Centre Henwood, Ashford, TN24 8DG"
2026-02-05,1913045,La Prep,Restaurant/Cafe/Canteen,Ground Floor Commercial Unit 3 Brickworks Trade Street,Butetown,Cardiff,,CF10 5EG,Cardiff,AwaitingInspection,,FHRS,False,,,"Ground Floor Commercial Unit 3 Brickworks Trade Street, Butetown, Cardiff, CF10 5EG"
2026-02-05,1913052,Tonkotsu,Restaurant/Cafe/Canteen,7 High Street,Cathays,Cardiff,,CF10 1AW,Cardiff,AwaitingInspection,,FHRS,False,51.4808825,-3.1799396,"7 High Street, Cathays, Cardiff, CF10 1AW"
2026-02-05,1913049,Wingstack,Restaurant/Cafe/Canteen,The Vulcan Lounge 2 Wyeverne Road,Cathays,Cardiff,,CF24 4BH,Cardiff,AwaitingInspection,,FHRS,False,51.4897487,-3.1745654,"The Vulcan Lounge 2 Wyeverne Road, Cathays, Cardiff, CF24 4BH"
2026-02-05,1393671,Baan Thai,Restaurant/Cafe/Canteen,Unit 4,Wye Avenue,Bridgwater,,TA6 5DF,Somerset,AwaitingInspection,,FHRS,False,51.1239061,-2.9803408,"Unit 4, Wye Avenue, Bridgwater, TA6 5DF"
2026-02-05,128858,Big Ron's Cafe,Restaurant/Cafe/Canteen,Baptist Church,St Mary Street,Bridgwater,,TA6 3EQ,Somerset,AwaitingInspection,,FHRS,False,,,"Baptist Church, St Mary Street, Bridgwater, TA6 3EQ"
2026-02-05,1913081,Cafe & Laundrette,Restaurant/Cafe/Canteen,,3 Eastover,Bridgwater,,TA6 5AG,Somerset,Exempt,,FHRS,False,51.1291094,-3.0006154,"3 Eastover, Bridgwater, TA6 5AG"
2026-02-05,1913129,Dolce Desserts Coventry,Restaurant/Cafe/Canteen,Corporation Street,,,Coventry,CV1 1GF,Coventry,AwaitingInspection,,FHRS,False,52.41010875,-1.51294056,"Corporation Street, Coventry, CV1 1GF"
2026-02-05,1913133,SUBWAY,Restaurant/Cafe/Canteen,Kynner Way,Binley,,Coventry,CV3 2SB,Coventry,AwaitingInspection,,FHRS,False,52.39841505,-1.4365273,"Kynner Way, Binley, Coventry, CV3 2SB"
2026-02-05,1913032,All Saints Cafe and Bar,Restaurant/Cafe/Canteen,Annexe At,Harworth Post Office,Main Street,Harworth,DN11 8LE,Bassetlaw,AwaitingInspection,,FHRS,False,53.4174682,-1.0755452,"Annexe At, Harworth Post Office, Main Street, Harworth, DN11 8LE"
2026-02-05,1913035,Stable Yard Scoop,Restaurant/Cafe/Canteen,Buildings At,Clumber Park Stables,Clumber Lane,Clumber Park,,Bassetlaw,5,2026-01-19,FHRS,False,52.9523,-1.1563,"Buildings At, Clumber Park Stables, Clumber Lane, Clumber Park"
2026-02-05,1913176,Divine Flavour Cuisine,Restaurant/Cafe/Canteen,Unit 1,717 Christchurch Road,Bournemouth,,BH7 6AF,"Bournemouth, Christchurch and Poole",AwaitingInspection,,FHRS,False,50.7277521,-1.8341599,"Unit 1, 717 Christchurch Road, Bournemouth, BH7 6AF"
2026-02-05,1913172,Ete Kitchen,Restaurant/Cafe/Canteen,Office 1 Unit 11,543 Wallisdown Road,Poole,,BH12 5AD,"Bournemouth, Christchurch and Poole",AwaitingInspection,,FHRS,False,50.7509793,-1.9262937,"Office 1 Unit 11, 543 Wallisdown Road, Poole, BH12 5AD"
2026-02-05,1913160,Sip & Lips Ltd,Restaurant/Cafe/Canteen,,91 Commercial Road,Bournemouth,,BH2 5RT,"Bournemouth, Christchurch and Poole",AwaitingInspection,,FHRS,False,50.7198447,-1.8845317,"91 Commercial Road, Bournemouth, BH2 5RT"
2026-02-05,1913167,The Swan Inn Restaurant,Restaurant/Cafe/Canteen,Unit C Swan House,29 Old Orchard,Poole,,BH15 1SF,"Bournemouth, Christchurch and Poole",AwaitingInspection,,FHRS,False,50.7126903,-1.9850976,"Unit C Swan House, 29 Old Orchard, Poole, BH15 1SF"
2026-02-05,1913073,"Blacksands Kitchen, Bar and Garden",Restaurant/Cafe/Canteen,3 St James Place,Ilfracombe,Devon,,EX34 9BH,North Devon,AwaitingInspection,,FHRS,False,51.210765,-4.117876,"3 St James Place, Ilfracombe, Devon, EX34 9BH"
2026-02-05,1912978,Community Meals,Restaurant/Cafe/Canteen,Village Hall,Narrow Way,Wenhaston With Mells Hamlet,Halesworth,IP19 9EP,East Suffolk,AwaitingInspection,,FHRS,False,,,"Village Hall, Narrow Way, Wenhaston With Mells Hamlet, Halesworth, IP19 9EP"
2026-02-05,1912979,L'ARTISAN,Restaurant/Cafe/Canteen,40 Hamilton Road,Felixstowe,Suffolk,,IP11 7AN,East Suffolk,AwaitingInspection,,FHRS,False,51.961971,1.351439,"40 Hamilton Road, Felixstowe, Suffolk, IP11 7AN"
2026-02-05,1912974,Uncle Sid's Zero Waste Store & Coffee Corner,Restaurant/Cafe/Canteen,45 High Street,Lowestoft,Suffolk,,NR32 1HZ,East Suffolk,AwaitingInspection,,FHRS,False,52.4830787,1.7565371,"45 High Street, Lowestoft, Suffolk, NR32 1HZ"
2026-02-05,1913019,Cafe2U Rochester,Restaurant/Cafe/Canteen,7 Waltham Road,Twydall,Gillingham,Medway,ME8 6XQ,Medway,AwaitingInspection,,FHRS,False,51.3741607,0.5843811,"7 Waltham Road, Twydall, Gillingham, Medway, ME8 6XQ"
2026-02-05,1913140,Liva's,Restaurant/Cafe/Canteen,72A High Street,Aveley,Essex,,RM15 4BX,Thurrock,AwaitingInspection,,FHRS,True,51.498873,0.254616,"72A High Street, Aveley, Essex, RM15 4BX"
2026-02-05,1913138,Thurrock Peri Peri,Restaurant/Cafe/Canteen,8 Corringham Road,Stanford Le Hope,Essex,,SS17 0AH,Thurrock,AwaitingInspection,,FHRS,True,51.514102935791,0.428730994462967,"8 Corringham Road, Stanford Le Hope, Essex, SS17 0AH"
2026-02-05,1912995,Aroma Wok,Restaurant/Cafe/Canteen,,66 Hamilton Street,Saltcoats,North Ayrshire,KA21 5DS,North Ayrshire,Awaiting Inspection,,FHIS,False,55.6353869,-4.7918599,"66 Hamilton Street, Saltcoats, North Ayrshire, KA21 5DS"
2026-02-05,1913000,Beach House Cafe,Restaurant/Cafe/Canteen,,South Crescent Promenade,South Crescent Road,Ardrossan,KA22 8DU,North Ayrshire,Awaiting Inspection,,FHIS,False,,,"South Crescent Promenade, South Crescent Road, Ardrossan, KA22 8DU"
2026-02-05,1912996,Courtyard Bistro Ltd,Restaurant/Cafe/Canteen,,55 New Street,Dalry,,KA24 5AQ,North Ayrshire,Awaiting Inspection,,FHIS,False,,,"55 New Street, Dalry, KA24 5AQ"
2026-02-05,1896196,The Cheery Cup,Restaurant/Cafe/Canteen,,43 Glasgow Street,Ardrossan,North Ayrshire,KA22 8EP,North Ayrshire,Pass,2025-11-20,FHIS,False,55.64148452,-4.81373585,"43 Glasgow Street, Ardrossan, North Ayrshire, KA22 8EP"
2026-02-05,1753602,Alexander Restaurant,Restaurant/Cafe/Canteen,14 The Broadway,,Thatcham,West Berkshire,RG19 3HX,West Berkshire,AwaitingInspection,,FHRS,False,51.4031587,-1.2577709,"14 The Broadway, Thatcham, West Berkshire, RG19 3HX"
2026-02-05,1912971,Poppins Newbury,Restaurant/Cafe/Canteen,26 Northbrook Street,,Newbury,West Berkshire,RG14 1DJ,West Berkshire,AwaitingInspection,,FHRS,False,51.4035539,-1.3242645,"26 Northbrook Street, Newbury, West Berkshire, RG14 1DJ"
2026-02-05,1913057,The Ottoman Doner,Restaurant/Cafe/Canteen,626 Romford Road,Manor Park,London,,E12 5AQ,Newham,AwaitingInspection,,FHRS,True,51.550939,0.048885,"626 Romford Road, Manor Park, London, E12 5AQ"
2026-02-05,1912989,The Mall Cafe,Restaurant/Cafe/Canteen,The Mall 25 Market Street,Oakengates,Telford,Shropshire,TF2 6EL,Telford and Wrekin Council,AwaitingInspection,,FHRS,False,52.6951315,-2.4516037,"The Mall 25 Market Street, Oakengates, Telford, Shropshire, TF2 6EL"
2026-02-05,1913124,The Common Table,Restaurant/Cafe/Canteen,49 Bank Parade,Burnley,Lancashire,,BB11 1UG,Burnley,AwaitingInspection,,FHRS,False,53.7911885,-2.2402069,"49 Bank Parade, Burnley, Lancashire, BB11 1UG"
2026-02-05,1905635,Blended Kitchen,Restaurant/Cafe/Canteen,7 Avon Street,City Centre,Bath,Bath And North East Somerset,BA1 1UN,Bath and North East Somerset,5,2026-01-28,FHRS,False,51.3807567,-2.362788,"7 Avon Street, City Centre, Bath, Bath And North East Somerset, BA1 1UN"
2026-02-05,1903709,Rainbowls,Restaurant/Cafe/Canteen,12A Old Bond Street,City Centre,Bath,Bath And North East Somerset,BA1 1BP,Bath and North East Somerset,AwaitingInspection,,FHRS,True,51.3826143,-2.3610783,"12A Old Bond Street, City Centre, Bath, Bath And North East Somerset, BA1 1BP"
2026-02-05,1909032,Tasty Kitchen,Restaurant/Cafe/Canteen,4 New Street,City Centre,Bath,Bath And North East Somerset,BA1 2AF,Bath and North East Somerset,AwaitingInspection,,FHRS,True,51.3812573,-2.3637547,"4 New Street, City Centre, Bath, Bath And North East Somerset, BA1 2AF"
2026-02-05,1913010,Valentino's,Restaurant/Cafe/Canteen,,15 Queen Street,Redcar,,TS10 1AB,Redcar and Cleveland,AwaitingInspection,,FHRS,False,54.61834,-1.071286,"15 Queen Street, Redcar, TS10 1AB"
2026-02-05,1912948,Playtime Paradise Cafe,Restaurant/Cafe/Canteen,Shepshed Building Society,33 High Street,Ruddington,Nottinghamshire,NG11 6DW,Rushcliffe,AwaitingInspection,,FHRS,False,52.8910887,-1.1489939,"Shepshed Building Society, 33 High Street, Ruddington, Nottinghamshire, NG11 6DW"
